#	"Date Time, GMT-07:00"	"DO conc, mg/L (LGR S/N: 20697570, SEN S/N: 20697570)"	"Temp, °F (LGR S/N: 20697570, SEN S/N: 20697570)"	"Batt, V (LGR S/N: 20697570, SEN S/N: 20697570)"	Coupler Attached (LGR S/N: 20697570)	Host Connected (LGR S/N: 20697570)	New Sensor Cap (LGR S/N: 20697570)
1	3/12/2020 15:30	8.2	62.67	3.51			
2	3/12/2020 16:00	10.65	53.02	3.56			
3	3/12/2020 16:30	10.52	52.99	3.56			
4	3/12/2020 17:00	10.44	52.92	3.56			
5	3/12/2020 17:30	10.31	52.7	3.57			
6	3/12/2020 18:00	10.13	52.23	3.57			
7	3/12/2020 18:30	9.95	51.73	3.57			
8	3/12/2020 19:00	9.42	51.12	3.57			
9	3/12/2020 19:30	9.45	50.47	3.56			
10	3/12/2020 20:00	9.03	49.82	3.56			
11	3/12/2020 20:30	8.87	49.32	3.56			
12	3/12/2020 21:00	8.81	48.81	3.56			
13	3/12/2020 21:30	8.86	48.38	3.56			
14	3/12/2020 22:00	8.8	48.02	3.56			
15	3/12/2020 22:30	8.75	47.77	3.56			
16	3/12/2020 23:00	8.69	47.59	3.56			
17	3/12/2020 23:30	8.37	47.41	3.56			
18	3/13/2020 0:00	8.69	47.26	3.56			
19	3/13/2020 0:30	8.71	47.08	3.56			
20	3/13/2020 1:00	8.72	46.9	3.56			
21	3/13/2020 1:30	8.73	46.76	3.56			
22	3/13/2020 2:00	8.75	46.62	3.54			
23	3/13/2020 2:30	8.72	46.44	3.54			
24	3/13/2020 3:00	8.76	46.26	3.54			
25	3/13/2020 3:30	8.77	46.04	3.54			
26	3/13/2020 4:00	8.79	45.82	3.54			
27	3/13/2020 4:30	8.8	45.64	3.54			
28	3/13/2020 5:00	8.81	45.39	3.54			
29	3/13/2020 5:30	8.82	45.18	3.54			
30	3/13/2020 6:00	8.86	44.96	3.54			
31	3/13/2020 6:30	8.86	44.78	3.54			
32	3/13/2020 7:00	8.88	44.53	3.54			
33	3/13/2020 7:30	8.9	44.31	3.54			
34	3/13/2020 8:00	8.93	44.06	3.54			
35	3/13/2020 8:30	9.01	43.92	3.54			
36	3/13/2020 9:00	9.09	43.88	3.54			
37	3/13/2020 9:30	9.3	43.95	3.54			
38	3/13/2020 10:00	9.47	44.2	3.54			
39	3/13/2020 10:30	9.61	44.64	3.54			
40	3/13/2020 11:00	9.84	45.28	3.54			
41	3/13/2020 11:30	10.05	46.08	3.54			
42	3/13/2020 12:00	10.2	47.01	3.54			
43	3/13/2020 12:30	10.27	47.84	3.56			
44	3/13/2020 13:00	11.09	48.81	3.56			
45	3/13/2020 13:30	10.8	49.78	3.56			
46	3/13/2020 14:00	10.51	50.76	3.56			
47	3/13/2020 14:30	10.54	51.58	3.56			
48	3/13/2020 15:00	10.53	52.23	3.57			
49	3/13/2020 15:30	10.46	52.52	3.57			
50	3/13/2020 16:00	10.35	52.66	3.57			
51	3/13/2020 16:30	10.4	52.81	3.57			
52	3/13/2020 17:00	10.37	52.77	3.57			
53	3/13/2020 17:30	10.3	52.45	3.57			
54	3/13/2020 18:00	10.28	52.12	3.57			
55	3/13/2020 18:30	10.14	51.62	3.57			
56	3/13/2020 19:00	9.95	51.08	3.57			
57	3/13/2020 19:30	9.72	50.36	3.57			
58	3/13/2020 20:00	9.51	49.71	3.56			
59	3/13/2020 20:30	9.27	49.17	3.56			
60	3/13/2020 21:00	9.09	48.74	3.56			
61	3/13/2020 21:30	8.93	48.31	3.56			
62	3/13/2020 22:00	8.84	47.91	3.56			
63	3/13/2020 22:30	8.77	47.44	3.56			
64	3/13/2020 23:00	8.72	47.16	3.56			
65	3/13/2020 23:30	8.71	46.9	3.56			
66	3/14/2020 0:00	8.71	46.72	3.56			
67	3/14/2020 0:30	8.71	46.58	3.56			
68	3/14/2020 1:00	8.69	46.47	3.54			
69	3/14/2020 1:30	8.71	46.33	3.54			
70	3/14/2020 2:00	8.72	46.26	3.54			
71	3/14/2020 2:30	8.75	46.18	3.54			
72	3/14/2020 3:00	8.77	46.11	3.54			
73	3/14/2020 3:30	8.77	46.04	3.54			
74	3/14/2020 4:00	8.77	46	3.54			
75	3/14/2020 4:30	8.75	45.86	3.54			
76	3/14/2020 5:00	8.79	45.72	3.54			
77	3/14/2020 5:30	8.81	45.5	3.54			
78	3/14/2020 6:00	8.82	45.36	3.54			
79	3/14/2020 6:30	8.84	45.18	3.54			
80	3/14/2020 7:00	8.84	45.07	3.54			
81	3/14/2020 7:30	8.81	44.89	3.54			
82	3/14/2020 8:00	8.87	44.82	3.54			
83	3/14/2020 8:30	8.87	44.74	3.54			
84	3/14/2020 9:00	8.97	44.71	3.54			
85	3/14/2020 9:30	9.12	44.71	3.54			
86	3/14/2020 10:00	9.34	45.07	3.54			
87	3/14/2020 10:30	9.61	45.43	3.54			
88	3/14/2020 11:00	9.76	45.64	3.54			
89	3/14/2020 11:30	9.9	45.97	3.54			
90	3/14/2020 12:00	10.1	46.4	3.54			
91	3/14/2020 12:30	10.28	46.87	3.56			
92	3/14/2020 13:00	10.36	47.08	3.56			
93	3/14/2020 13:30	10.46	47.55	3.56			
94	3/14/2020 14:00	10.53	48.27	3.56			
95	3/14/2020 14:30	10.79	48.99	3.56			
96	3/14/2020 15:00	10.77	49.71	3.56			
97	3/14/2020 15:30	10.74	50.4	3.56			
98	3/14/2020 16:00	10.77	50.72	3.56			
99	3/14/2020 16:30	10.64	50.58	3.56			
100	3/14/2020 17:00	10.6	50.22	3.56			
101	3/14/2020 17:30	10.52	49.68	3.56			
102	3/14/2020 18:00	10.37	48.99	3.56			
103	3/14/2020 18:30	10.21	48.31	3.56			
104	3/14/2020 19:00	10.02	47.7	3.56			
105	3/14/2020 19:30	9.85	47.16	3.56			
106	3/14/2020 20:00	9.61	46.69	3.56			
107	3/14/2020 20:30	9.44	46.22	3.56			
108	3/14/2020 21:00	9.29	45.86	3.54			
109	3/14/2020 21:30	9.16	45.46	3.54			
110	3/14/2020 22:00	9.06	45.18	3.54			
111	3/14/2020 22:30	8.99	44.89	3.54			
112	3/14/2020 23:00	8.94	44.6	3.54			
113	3/14/2020 23:30	8.93	44.31	3.54			
114	3/15/2020 0:00	8.92	44.02	3.54			
115	3/15/2020 0:30	8.92	43.77	3.54			
116	3/15/2020 1:00	8.94	43.56	3.54			
117	3/15/2020 1:30	8.96	43.34	3.54			
118	3/15/2020 2:00	8.97	43.12	3.54			
119	3/15/2020 2:30	9.03	42.98	3.54			
120	3/15/2020 3:00	9.06	42.87	3.54			
121	3/15/2020 3:30	9.06	42.76	3.54			
122	3/15/2020 4:00	9.11	42.62	3.54			
123	3/15/2020 4:30	9.14	42.51	3.54			
124	3/15/2020 5:00	9.14	42.44	3.54			
125	3/15/2020 5:30	9.15	42.33	3.54			
126	3/15/2020 6:00	9.21	42.3	3.54			
127	3/15/2020 6:30	9.21	42.26	3.53			
128	3/15/2020 7:00	9.25	42.26	3.54			
129	3/15/2020 7:30	9.21	42.3	3.54			
130	3/15/2020 8:00	9.23	42.3	3.54			
131	3/15/2020 8:30	9.23	42.37	3.53			
132	3/15/2020 9:00	9.3	42.48	3.53			
133	3/15/2020 9:30	9.44	42.62	3.54			
134	3/15/2020 10:00	9.55	42.76	3.54			
135	3/15/2020 10:30	9.67	42.91	3.54			
136	3/15/2020 11:00	9.89	43.12	3.54			
137	3/15/2020 11:30	10.07	43.41	3.54			
138	3/15/2020 12:00	10.14	43.63	3.54			
139	3/15/2020 12:30	10.27	43.81	3.54			
140	3/15/2020 13:00	10.4	44.1	3.54			
141	3/15/2020 13:30	10.59	44.28	3.54			
142	3/15/2020 14:00	10.54	44.46	3.54			
143	3/15/2020 14:30	10.67	45.1	3.54			
144	3/15/2020 15:00	10.91	45.64	3.54			
145	3/15/2020 15:30	11.05	46.22	3.54			
146	3/15/2020 16:00	11.03	46.33	3.54			
147	3/15/2020 16:30	10.96	46.44	3.56			
148	3/15/2020 17:00	10.94	46.58	3.56			
149	3/15/2020 17:30	10.92	46.51	3.56			
150	3/15/2020 18:00	10.82	46.08	3.56			
151	3/15/2020 18:30	10.7	45.64	3.54			
152	3/15/2020 19:00	10.56	45	3.54			
153	3/15/2020 19:30	10.38	44.64	3.54			
154	3/15/2020 20:00	10.22	44.1	3.54			
155	3/15/2020 20:30	10.08	43.59	3.54			
156	3/15/2020 21:00	9.9	43.2	3.54			
157	3/15/2020 21:30	9.8	42.84	3.54			
158	3/15/2020 22:00	9.71	42.48	3.54			
159	3/15/2020 22:30	9.64	42.08	3.54			
160	3/15/2020 23:00	9.59	41.72	3.54			
161	3/15/2020 23:30	9.59	41.36	3.53			
162	3/16/2020 0:00	9.59	41.07	3.53			
163	3/16/2020 0:30	9.62	40.78	3.53			
164	3/16/2020 1:00	9.64	40.5	3.53			
165	3/16/2020 1:30	9.68	40.24	3.53			
166	3/16/2020 2:00	9.72	40.03	3.53			
167	3/16/2020 2:30	9.75	39.88	3.53			
168	3/16/2020 3:00	9.8	39.74	3.53			
169	3/16/2020 3:30	9.85	39.6	3.53			
170	3/16/2020 4:00	9.89	39.49	3.53			
171	3/16/2020 4:30	9.93	39.38	3.53			
172	3/16/2020 5:00	9.97	39.31	3.53			
173	3/16/2020 5:30	9.98	39.27	3.53			
174	3/16/2020 6:00	10.01	39.27	3.53			
175	3/16/2020 6:30	10.02	39.24	3.53			
176	3/16/2020 7:00	10.05	39.24	3.53			
177	3/16/2020 7:30	10.06	39.24	3.53			
178	3/16/2020 8:00	10.07	39.24	3.53			
179	3/16/2020 8:30	10.08	39.27	3.53			
180	3/16/2020 9:00	10.17	39.38	3.53			
181	3/16/2020 9:30	10.28	39.56	3.53			
182	3/16/2020 10:00	10.45	39.78	3.53			
183	3/16/2020 10:30	10.6	40.06	3.53			
184	3/16/2020 11:00	10.72	40.64	3.53			
185	3/16/2020 11:30	10.89	41.18	3.53			
186	3/16/2020 12:00	11.13	41.79	3.53			
187	3/16/2020 12:30	11.24	42.3	3.54			
188	3/16/2020 13:00	11.27	42.76	3.54			
189	3/16/2020 13:30	11.32	43.48	3.54			
190	3/16/2020 14:00	11.42	43.81	3.54			
191	3/16/2020 14:30	11.42	44.24	3.54			
192	3/16/2020 15:00	11.52	44.53	3.54			
193	3/16/2020 15:30	11.55	44.78	3.54			
194	3/16/2020 16:00	11.53	45	3.54			
195	3/16/2020 16:30	11.56	45.21	3.54			
196	3/16/2020 17:00	11.55	45.36	3.54			
197	3/16/2020 17:30	11.47	45.39	3.54			
198	3/16/2020 18:00	11.36	45.28	3.54			
199	3/16/2020 18:30	11.22	45.07	3.54			
200	3/16/2020 19:00	11.03	44.78	3.54			
201	3/16/2020 19:30	10.88	44.38	3.54			
202	3/16/2020 20:00	10.66	43.95	3.54			
203	3/16/2020 20:30	10.45	43.56	3.54			
204	3/16/2020 21:00	10.27	43.2	3.54			
205	3/16/2020 21:30	10.11	42.84	3.54			
206	3/16/2020 22:00	9.98	42.51	3.54			
207	3/16/2020 22:30	9.88	42.22	3.54			
208	3/16/2020 23:00	9.83	41.94	3.54			
209	3/16/2020 23:30	9.76	41.68	3.54			
210	3/17/2020 0:00	9.74	41.4	3.53			
211	3/17/2020 0:30	9.75	41.18	3.53			
212	3/17/2020 1:00	9.76	41	3.53			
213	3/17/2020 1:30	9.79	40.89	3.53			
214	3/17/2020 2:00	9.8	40.82	3.53			
215	3/17/2020 2:30	9.83	40.75	3.53			
216	3/17/2020 3:00	9.83	40.71	3.53			
217	3/17/2020 3:30	9.86	40.64	3.53			
218	3/17/2020 4:00	9.87	40.57	3.53			
219	3/17/2020 4:30	9.91	40.53	3.53			
220	3/17/2020 5:00	9.92	40.53	3.53			
221	3/17/2020 5:30	9.92	40.6	3.53			
222	3/17/2020 6:00	9.93	40.64	3.53			
223	3/17/2020 6:30	9.93	40.71	3.53			
224	3/17/2020 7:00	9.93	40.78	3.53			
225	3/17/2020 7:30	9.92	40.89	3.53			
226	3/17/2020 8:00	9.9	40.96	3.53			
227	3/17/2020 8:30	9.9	41.04	3.53			
228	3/17/2020 9:00	9.93	41.11	3.53			
229	3/17/2020 9:30	9.95	41.18	3.53			
230	3/17/2020 10:00	10.04	41.32	3.53			
231	3/17/2020 10:30	10.13	41.5	3.53			
232	3/17/2020 11:00	10.24	41.68	3.53			
233	3/17/2020 11:30	10.39	41.83	3.54			
234	3/17/2020 12:00	10.45	41.97	3.54			
235	3/17/2020 12:30	10.57	42.12	3.54			
236	3/17/2020 13:00	10.73	42.3	3.54			
237	3/17/2020 13:30	10.76	42.33	3.54			
238	3/17/2020 14:00	10.82	42.37	3.54			
239	3/17/2020 14:30	10.82	42.3	3.54			
240	3/17/2020 15:00	10.76	42.15	3.54			
241	3/17/2020 15:30	10.67	41.97	3.54			
242	3/17/2020 16:00	10.62	41.83	3.54			
243	3/17/2020 16:30	10.6	41.65	3.54			
244	3/17/2020 17:00	10.58	41.5	3.54			
245	3/17/2020 17:30	10.54	41.36	3.53			
246	3/17/2020 18:00	10.49	41.22	3.53			
247	3/17/2020 18:30	10.42	41.11	3.53			
248	3/17/2020 19:00	10.37	40.96	3.53			
249	3/17/2020 19:30	10.31	40.86	3.53			
250	3/17/2020 20:00	10.26	40.78	3.53			
251	3/17/2020 20:30	10.21	40.75	3.53			
252	3/17/2020 21:00	10.2	40.71	3.53			
253	3/17/2020 21:30	10.18	40.68	3.53			
254	3/17/2020 22:00	10.19	40.68	3.53			
255	3/17/2020 22:30	10.18	40.68	3.53			
256	3/17/2020 23:00	10.18	40.68	3.53			
257	3/17/2020 23:30	10.17	40.68	3.53			
258	3/18/2020 0:00	10.18	40.71	3.53			
259	3/18/2020 0:30	10.17	40.71	3.53			
260	3/18/2020 1:00	10.18	40.68	3.53			
261	3/18/2020 1:30	10.17	40.68	3.53			
262	3/18/2020 2:00	10.15	40.68	3.53			
263	3/18/2020 2:30	10.16	40.64	3.53			
264	3/18/2020 3:00	10.13	40.6	3.53			
265	3/18/2020 3:30	10.12	40.6	3.53			
266	3/18/2020 4:00	10.12	40.57	3.53			
267	3/18/2020 4:30	10.09	40.5	3.53			
268	3/18/2020 5:00	10.08	40.46	3.53			
269	3/18/2020 5:30	10.08	40.42	3.53			
270	3/18/2020 6:00	10.07	40.39	3.53			
271	3/18/2020 6:30	10.06	40.35	3.53			
272	3/18/2020 7:00	10.04	40.32	3.53			
273	3/18/2020 7:30	10.04	40.28	3.53			
274	3/18/2020 8:00	10.05	40.24	3.53			
275	3/18/2020 8:30	10.06	40.21	3.53			
276	3/18/2020 9:00	10.11	40.24	3.53			
277	3/18/2020 9:30	10.23	40.39	3.53			
278	3/18/2020 10:00	10.41	40.64	3.53			
279	3/18/2020 10:30	10.61	40.93	3.53			
280	3/18/2020 11:00	10.77	41.18	3.53			
281	3/18/2020 11:30	10.85	41.4	3.53			
282	3/18/2020 12:00	10.94	41.58	3.54			
283	3/18/2020 12:30	11.02	41.79	3.54			
284	3/18/2020 13:00	11.17	42.19	3.54			
285	3/18/2020 13:30	11.26	42.84	3.54			
286	3/18/2020 14:00	11.38	43.74	3.54			
287	3/18/2020 14:30	11.4	44.53	3.54			
288	3/18/2020 15:00	11.41	45.46	3.54			
289	3/18/2020 15:30	11.42	45.97	3.54			
290	3/18/2020 16:00	11.38	46.33	3.56			
291	3/18/2020 16:30	11.3	46.44	3.54			
292	3/18/2020 17:00	11.28	46.51	3.56			
293	3/18/2020 17:30	11.22	46.47	3.56			
294	3/18/2020 18:00	11.09	46.22	3.54			
295	3/18/2020 18:30	10.96	45.97	3.56			
296	3/18/2020 19:00	10.83	45.64	3.56			
297	3/18/2020 19:30	10.65	45.25	3.54			
298	3/18/2020 20:00	10.46	44.89	3.54			
299	3/18/2020 20:30	10.3	44.56	3.54			
300	3/18/2020 21:00	10.16	44.31	3.54			
301	3/18/2020 21:30	10.08	44.1	3.54			
302	3/18/2020 22:00	10.02	43.99	3.54			
303	3/18/2020 22:30	10.02	43.92	3.54			
304	3/18/2020 23:00	10	43.88	3.54			
305	3/18/2020 23:30	9.99	43.81	3.54			
306	3/19/2020 0:00	9.99	43.7	3.54			
307	3/19/2020 0:30	10	43.52	3.54			
308	3/19/2020 1:00	10.02	43.38	3.54			
309	3/19/2020 1:30	10	43.16	3.54			
310	3/19/2020 2:00	10.01	42.98	3.54			
311	3/19/2020 2:30	10.01	42.8	3.54			
312	3/19/2020 3:00	10.01	42.58	3.54			
313	3/19/2020 3:30	10.02	42.3	3.54			
314	3/19/2020 4:00	10.02	42.01	3.54			
315	3/19/2020 4:30	10	41.76	3.54			
316	3/19/2020 5:00	10.02	41.47	3.54			
317	3/19/2020 5:30	10.01	41.18	3.54			
318	3/19/2020 6:00	10.02	40.89	3.54			
319	3/19/2020 6:30	10.05	40.57	3.53			
320	3/19/2020 7:00	10.05	40.28	3.53			
321	3/19/2020 7:30	10.07	39.96	3.53			
322	3/19/2020 8:00	10.1	39.67	3.53			
323	3/19/2020 8:30	10.16	39.52	3.53			
324	3/19/2020 9:00	10.33	39.49	3.53			
325	3/19/2020 9:30	10.5	39.6	3.53			
326	3/19/2020 10:00	10.69	39.88	3.53			
327	3/19/2020 10:30	10.87	40.35	3.53			
328	3/19/2020 11:00	10.97	41.14	3.53			
329	3/19/2020 11:30	11.09	42.08	3.53			
330	3/19/2020 12:00	11.23	42.94	3.54			
331	3/19/2020 12:30	11.31	43.92	3.54			
332	3/19/2020 13:00	11.4	44.85	3.54			
333	3/19/2020 13:30	11.43	45.93	3.54			
334	3/19/2020 14:00	11.49	46.87	3.56			
335	3/19/2020 14:30	11.44	47.73	3.56			
336	3/19/2020 15:00	11.43	48.38	3.56			
337	3/19/2020 15:30	11.37	48.88	3.56			
338	3/19/2020 16:00	11.35	49.14	3.56			
339	3/19/2020 16:30	11.25	49.24	3.56			
340	3/19/2020 17:00	11.19	49.21	3.56			
341	3/19/2020 17:30	11.07	48.96	3.56			
342	3/19/2020 18:00	10.98	48.6	3.56			
343	3/19/2020 18:30	10.83	48.06	3.56			
344	3/19/2020 19:00	10.65	47.48	3.56			
345	3/19/2020 19:30	10.46	46.9	3.56			
346	3/19/2020 20:00	10.27	46.47	3.56			
347	3/19/2020 20:30	10.09	46.08	3.56			
348	3/19/2020 21:00	9.93	45.68	3.56			
349	3/19/2020 21:30	9.8	45.39	3.56			
350	3/19/2020 22:00	9.71	45.21	3.54			
351	3/19/2020 22:30	9.64	45.07	3.54			
352	3/19/2020 23:00	9.57	44.92	3.54			
353	3/19/2020 23:30	9.52	44.82	3.54			
354	3/20/2020 0:00	9.51	44.64	3.54			
355	3/20/2020 0:30	9.49	44.46	3.54			
356	3/20/2020 1:00	9.5	44.28	3.54			
357	3/20/2020 1:30	9.49	44.1	3.54			
358	3/20/2020 2:00	9.48	43.99	3.54			
359	3/20/2020 2:30	9.49	43.84	3.54			
360	3/20/2020 3:00	9.5	43.7	3.54			
361	3/20/2020 3:30	9.51	43.52	3.54			
362	3/20/2020 4:00	9.5	43.38	3.54			
363	3/20/2020 4:30	9.53	43.2	3.54			
364	3/20/2020 5:00	9.52	43.02	3.54			
365	3/20/2020 5:30	9.53	42.8	3.54			
366	3/20/2020 6:00	9.56	42.55	3.54			
367	3/20/2020 6:30	9.58	42.33	3.54			
368	3/20/2020 7:00	9.62	42.04	3.54			
369	3/20/2020 7:30	9.61	41.83	3.54			
370	3/20/2020 8:00	9.63	41.58	3.54			
371	3/20/2020 8:30	9.7	41.47	3.53			
372	3/20/2020 9:00	9.88	41.43	3.54			
373	3/20/2020 9:30	9.99	41.54	3.54			
374	3/20/2020 10:00	10.13	41.79	3.54			
375	3/20/2020 10:30	10.35	42.26	3.54			
376	3/20/2020 11:00	10.49	42.98	3.54			
377	3/20/2020 11:30	10.66	43.92	3.54			
378	3/20/2020 12:00	10.83	44.89	3.54			
379	3/20/2020 12:30	10.97	45.86	3.54			
380	3/20/2020 13:00	11.14	46.9	3.56			
381	3/20/2020 13:30	11.21	48.06	3.56			
382	3/20/2020 14:00	11.26	49.1	3.56			
383	3/20/2020 14:30	11.26	50	3.56			
384	3/20/2020 15:00	11.32	50.76	3.56			
385	3/20/2020 15:30	11.24	51.3	3.57			
386	3/20/2020 16:00	11.18	51.66	3.57			
387	3/20/2020 16:30	11.1	51.84	3.57			
388	3/20/2020 17:00	11.05	51.87	3.57			
389	3/20/2020 17:30	10.98	51.69	3.57			
390	3/20/2020 18:00	10.84	51.26	3.57			
391	3/20/2020 18:30	10.72	50.61	3.57			
392	3/20/2020 19:00	10.56	49.93	3.56			
393	3/20/2020 19:30	10.37	49.1	3.56			
394	3/20/2020 20:00	10.14	48.2	3.56			
395	3/20/2020 20:30	9.94	47.41	3.56			
396	3/20/2020 21:00	9.81	46.62	3.56			
397	3/20/2020 21:30	9.71	46.18	3.56			
398	3/20/2020 22:00	9.62	45.82	3.56			
399	3/20/2020 22:30	9.57	45.68	3.56			
400	3/20/2020 23:00	9.53	45.61	3.56			
401	3/20/2020 23:30	9.5	45.57	3.54			
402	3/21/2020 0:00	9.51	45.5	3.54			
403	3/21/2020 0:30	9.5	45.43	3.54			
404	3/21/2020 1:00	9.5	45.36	3.54			
405	3/21/2020 1:30	9.52	45.28	3.54			
406	3/21/2020 2:00	9.53	45.25	3.54			
407	3/21/2020 2:30	9.55	45.21	3.54			
408	3/21/2020 3:00	9.54	45.14	3.54			
409	3/21/2020 3:30	9.52	45.14	3.54			
410	3/21/2020 4:00	9.51	45.07	3.54			
411	3/21/2020 4:30	9.48	44.96	3.54			
412	3/21/2020 5:00	9.47	44.85	3.54			
413	3/21/2020 5:30	9.47	44.64	3.54			
414	3/21/2020 6:00	9.46	44.38	3.54			
415	3/21/2020 6:30	9.43	44.13	3.54			
416	3/21/2020 7:00	9.43	43.84	3.54			
417	3/21/2020 7:30	9.41	43.56	3.54			
418	3/21/2020 8:00	9.44	43.3	3.54			
419	3/21/2020 8:30	9.48	43.12	3.54			
420	3/21/2020 9:00	9.57	43.09	3.54			
421	3/21/2020 9:30	9.73	43.12	3.54			
422	3/21/2020 10:00	9.94	43.38	3.54			
423	3/21/2020 10:30	10.13	43.7	3.54			
424	3/21/2020 11:00	10.3	44.31	3.54			
425	3/21/2020 11:30	10.44	45.25	3.54			
426	3/21/2020 12:00	10.66	46.04	3.54			
427	3/21/2020 12:30	10.83	46.83	3.56			
428	3/21/2020 13:00	10.91	47.8	3.56			
429	3/21/2020 13:30	11.31	48.96	3.56			
430	3/21/2020 14:00	11.07	50.04	3.56			
431	3/21/2020 14:30	11.12	51.04	3.56			
432	3/21/2020 15:00	11.05	52.05	3.57			
433	3/21/2020 15:30	11.51	52.77	3.57			
434	3/21/2020 16:00	11.08	52.92	3.57			
435	3/21/2020 16:30	10.78	52.59	3.57			
436	3/21/2020 17:00	10.56	52.05	3.57			
437	3/21/2020 17:30	10.38	51.37	3.57			
438	3/21/2020 18:00	10.23	50.83	3.57			
439	3/21/2020 18:30	10.12	50.36	3.57			
440	3/21/2020 19:00	9.98	50.04	3.56			
441	3/21/2020 19:30	9.83	49.68	3.56			
442	3/21/2020 20:00	9.65	49.35	3.56			
443	3/21/2020 20:30	9.46	48.85	3.56			
444	3/21/2020 21:00	9.29	48.38	3.56			
445	3/21/2020 21:30	9.18	47.91	3.56			
446	3/21/2020 22:00	9.08	47.52	3.56			
447	3/21/2020 22:30	9.03	47.16	3.56			
448	3/21/2020 23:00	9.02	46.83	3.56			
449	3/21/2020 23:30	9.01	46.58	3.56			
450	3/22/2020 0:00	8.99	46.4	3.56			
451	3/22/2020 0:30	8.97	46.22	3.56			
452	3/22/2020 1:00	8.99	46.08	3.56			
453	3/22/2020 1:30	8.98	45.93	3.56			
454	3/22/2020 2:00	9.01	45.75	3.56			
455	3/22/2020 2:30	9.02	45.61	3.54			
456	3/22/2020 3:00	9.05	45.43	3.56			
457	3/22/2020 3:30	9.07	45.25	3.54			
458	3/22/2020 4:00	9.06	45.1	3.54			
459	3/22/2020 4:30	9.07	44.96	3.54			
460	3/22/2020 5:00	9.09	44.82	3.54			
461	3/22/2020 5:30	9.09	44.64	3.54			
462	3/22/2020 6:00	9.07	44.49	3.54			
463	3/22/2020 6:30	9.08	44.31	3.54			
464	3/22/2020 7:00	9.07	44.1	3.54			
465	3/22/2020 7:30	9.09	43.92	3.54			
466	3/22/2020 8:00	9.13	43.74	3.54			
467	3/22/2020 8:30	9.2	43.66	3.54			
468	3/22/2020 9:00	9.33	43.7	3.54			
469	3/22/2020 9:30	9.5	43.88	3.54			
470	3/22/2020 10:00	9.71	44.24	3.54			
471	3/22/2020 10:30	9.87	44.71	3.54			
472	3/22/2020 11:00	9.95	45.54	3.54			
473	3/22/2020 11:30	10.14	46.47	3.56			
474	3/22/2020 12:00	10.44	47.55	3.56			
475	3/22/2020 12:30	10.57	48.56	3.56			
476	3/22/2020 13:00	10.7	49.68	3.56			
477	3/22/2020 13:30	10.73	50.86	3.56			
478	3/22/2020 14:00	10.85	51.91	3.57			
479	3/22/2020 14:30	10.86	52.92	3.57			
480	3/22/2020 15:00	10.86	53.71	3.57			
481	3/22/2020 15:30	10.92	54.32	3.57			
482	3/22/2020 16:00	10.82	54.72	3.57			
483	3/22/2020 16:30	10.72	54.93	3.57			
484	3/22/2020 17:00	10.62	55	3.57			
485	3/22/2020 17:30	10.5	54.79	3.57			
486	3/22/2020 18:00	10.38	54.36	3.57			
487	3/22/2020 18:30	10.18	53.78	3.57			
488	3/22/2020 19:00	9.95	53.06	3.57			
489	3/22/2020 19:30	9.75	52.34	3.57			
490	3/22/2020 20:00	9.5	51.69	3.57			
491	3/22/2020 20:30	9.23	51.12	3.57			
492	3/22/2020 21:00	9.02	50.65	3.57			
493	3/22/2020 21:30	8.87	50.22	3.57			
494	3/22/2020 22:00	8.75	49.82	3.57			
495	3/22/2020 22:30	8.65	49.53	3.56			
496	3/22/2020 23:00	8.59	49.35	3.57			
497	3/22/2020 23:30	8.51	49.17	3.56			
498	3/23/2020 0:00	8.49	48.99	3.56			
499	3/23/2020 0:30	8.47	48.81	3.56			
500	3/23/2020 1:00	8.41	48.7	3.56			
501	3/23/2020 1:30	8.4	48.56	3.56			
502	3/23/2020 2:00	8.37	48.38	3.56			
503	3/23/2020 2:30	8.4	48.27	3.56			
504	3/23/2020 3:00	8.34	48.16	3.56			
505	3/23/2020 3:30	8.36	48.06	3.56			
506	3/23/2020 4:00	8.39	47.98	3.56			
507	3/23/2020 4:30	8.39	47.88	3.56			
508	3/23/2020 5:00	8.38	47.77	3.56			
509	3/23/2020 5:30	8.36	47.66	3.56			
510	3/23/2020 6:00	8.35	47.55	3.56			
511	3/23/2020 6:30	8.36	47.41	3.56			
512	3/23/2020 7:00	8.35	47.34	3.56			
513	3/23/2020 7:30	8.34	47.23	3.56			
514	3/23/2020 8:00	8.38	47.16	3.56			
515	3/23/2020 8:30	8.42	47.19	3.56			
516	3/23/2020 9:00	8.44	47.19	3.56			
517	3/23/2020 9:30	8.7	47.44	3.56			
518	3/23/2020 10:00	8.93	47.7	3.56			
519	3/23/2020 10:30	9.09	47.95	3.56			
520	3/23/2020 11:00	9.22	48.67	3.56			
521	3/23/2020 11:30	9.52	49.64	3.56			
522	3/23/2020 12:00	9.85	50.29	3.56			
523	3/23/2020 12:30	9.97	50.61	3.56			
524	3/23/2020 13:00	10.01	50.97	3.57			
525	3/23/2020 13:30	10.19	51.33	3.57			
526	3/23/2020 14:00	10.29	51.55	3.57			
527	3/23/2020 14:30	10.32	51.62	3.57			
528	3/23/2020 15:00	10.46	52.23	3.57			
529	3/23/2020 15:30	10.46	52.66	3.57			
530	3/23/2020 16:00	10.62	52.99	3.57			
531	3/23/2020 16:30	10.61	53.28	3.57			
532	3/23/2020 17:00	10.51	53.6	3.57			
533	3/23/2020 17:30	10.41	53.6	3.57			
534	3/23/2020 18:00	10.3	53.42	3.57			
535	3/23/2020 18:30	10.17	52.88	3.57			
536	3/23/2020 19:00	10.02	52.23	3.57			
537	3/23/2020 19:30	9.83	51.51	3.57			
538	3/23/2020 20:00	9.56	50.86	3.57			
539	3/23/2020 20:30	9.33	50.18	3.57			
540	3/23/2020 21:00	9.11	49.64	3.57			
541	3/23/2020 21:30	8.9	49.21	3.56			
542	3/23/2020 22:00	8.73	48.74	3.56			
543	3/23/2020 22:30	8.61	48.42	3.56			
544	3/23/2020 23:00	8.53	48.02	3.56			
545	3/23/2020 23:30	8.46	47.77	3.56			
546	3/24/2020 0:00	8.4	47.52	3.56			
547	3/24/2020 0:30	8.41	47.23	3.56			
548	3/24/2020 1:00	8.38	47.08	3.56			
549	3/24/2020 1:30	8.38	46.94	3.56			
550	3/24/2020 2:00	8.38	46.8	3.56			
551	3/24/2020 2:30	8.4	46.65	3.56			
552	3/24/2020 3:00	8.41	46.54	3.56			
553	3/24/2020 3:30	8.42	46.44	3.56			
554	3/24/2020 4:00	8.43	46.26	3.56			
555	3/24/2020 4:30	8.46	46.15	3.56			
556	3/24/2020 5:00	8.44	46	3.56			
557	3/24/2020 5:30	8.46	45.86	3.56			
558	3/24/2020 6:00	8.5	45.79	3.56			
559	3/24/2020 6:30	8.51	45.72	3.54			
560	3/24/2020 7:00	8.53	45.64	3.56			
561	3/24/2020 7:30	8.51	45.57	3.56			
562	3/24/2020 8:00	8.56	45.54	3.54			
563	3/24/2020 8:30	8.6	45.54	3.54			
564	3/24/2020 9:00	8.64	45.68	3.54			
565	3/24/2020 9:30	8.9	45.79	3.54			
566	3/24/2020 10:00	9.07	45.9	3.56			
567	3/24/2020 10:30	9.24	46	3.56			
568	3/24/2020 11:00	9.42	46.18	3.56			
569	3/24/2020 11:30	9.56	46.47	3.56			
570	3/24/2020 12:00	9.71	47.12	3.56			
571	3/24/2020 12:30	9.88	47.73	3.56			
572	3/24/2020 13:00	10.02	48.06	3.56			
573	3/24/2020 13:30	10.12	48.6	3.56			
574	3/24/2020 14:00	10.3	48.99	3.56			
575	3/24/2020 14:30	10.41	50.14	3.56			
576	3/24/2020 15:00	10.49	50.32	3.56			
577	3/24/2020 15:30	10.46	50.25	3.56			
578	3/24/2020 16:00	10.54	50.36	3.56			
579	3/24/2020 16:30	10.42	50.25	3.57			
580	3/24/2020 17:00	10.29	49.86	3.56			
581	3/24/2020 17:30	10.13	49.53	3.56			
582	3/24/2020 18:00	10.1	49.32	3.56			
583	3/24/2020 18:30	10.05	48.92	3.56			
584	3/24/2020 19:00	9.94	48.49	3.56			
585	3/24/2020 19:30	9.84	48.06	3.56			
586	3/24/2020 20:00	9.7	47.59	3.56			
587	3/24/2020 20:30	9.54	47.08	3.56			
588	3/24/2020 21:00	9.4	46.58	3.56			
589	3/24/2020 21:30	9.23	46.04	3.56			
590	3/24/2020 22:00	9.13	45.61	3.56			
591	3/24/2020 22:30	9.05	45.18	3.54			
592	3/24/2020 23:00	9	44.78	3.54			
593	3/24/2020 23:30	8.94	44.49	3.54			
594	3/25/2020 0:00	8.92	44.24	3.54			
595	3/25/2020 0:30	8.99	44.06	3.54			
596	3/25/2020 1:00	8.94	43.95	3.54			
597	3/25/2020 1:30	8.96	43.84	3.54			
598	3/25/2020 2:00	8.97	43.7	3.54			
599	3/25/2020 2:30	8.98	43.52	3.54			
600	3/25/2020 3:00	9.01	43.38	3.54			
601	3/25/2020 3:30	9.04	43.2	3.54			
602	3/25/2020 4:00	9.03	42.98	3.54			
603	3/25/2020 4:30	9.09	42.8	3.54			
604	3/25/2020 5:00	9.12	42.66	3.54			
605	3/25/2020 5:30	9.19	42.48	3.54			
606	3/25/2020 6:00	9.22	42.33	3.54			
607	3/25/2020 6:30	9.21	42.15	3.54			
608	3/25/2020 7:00	9.26	41.97	3.54			
609	3/25/2020 7:30	9.33	41.76	3.54			
610	3/25/2020 8:00	9.38	41.58	3.54			
611	3/25/2020 8:30	9.47	41.58	3.53			
612	3/25/2020 9:00	9.62	41.61	3.54			
613	3/25/2020 9:30	9.8	41.79	3.54			
614	3/25/2020 10:00	9.98	42.19	3.54			
615	3/25/2020 10:30	10.27	42.73	3.54			
616	3/25/2020 11:00	10.44	43.56	3.54			
617	3/25/2020 11:30	10.67	44.53	3.54			
618	3/25/2020 12:00	10.85	45.79	3.54			
619	3/25/2020 12:30	10.99	46.62	3.56			
620	3/25/2020 13:00	11.07	47.26	3.56			
621	3/25/2020 13:30	11.09	47.77	3.56			
622	3/25/2020 14:00	11.16	48.6	3.56			
623	3/25/2020 14:30	11.14	48.45	3.56			
624	3/25/2020 15:00	11.07	48.52	3.56			
625	3/25/2020 15:30	11.1	48.45	3.56			
626	3/25/2020 16:00	11.05	48.38	3.56			
627	3/25/2020 16:30	11	47.91	3.56			
628	3/25/2020 17:00	10.92	47.48	3.56			
629	3/25/2020 17:30	10.92	47.26	3.56			
630	3/25/2020 18:00	10.91	46.98	3.56			
631	3/25/2020 18:30	10.78	46.58	3.56			
632	3/25/2020 19:00	10.59	46.15	3.56			
633	3/25/2020 19:30	10.49	45.72	3.56			
634	3/25/2020 20:00	10.27	45.21	3.54			
635	3/25/2020 20:30	10.12	44.78	3.54			
636	3/25/2020 21:00	9.95	44.31	3.54			
637	3/25/2020 21:30	9.84	43.99	3.54			
638	3/25/2020 22:00	9.74	43.7	3.54			
639	3/25/2020 22:30	9.67	43.45	3.54			
640	3/25/2020 23:00	9.58	43.2	3.54			
641	3/25/2020 23:30	9.57	43.02	3.54			
642	3/26/2020 0:00	9.55	42.8	3.54			
643	3/26/2020 0:30	9.54	42.62	3.54			
644	3/26/2020 1:00	9.55	42.4	3.54			
645	3/26/2020 1:30	9.54	42.15	3.54			
646	3/26/2020 2:00	9.58	41.9	3.54			
647	3/26/2020 2:30	9.59	41.72	3.54			
648	3/26/2020 3:00	9.63	41.47	3.54			
649	3/26/2020 3:30	9.63	41.29	3.53			
650	3/26/2020 4:00	9.65	41	3.53			
651	3/26/2020 4:30	9.69	40.82	3.53			
652	3/26/2020 5:00	9.71	40.57	3.53			
653	3/26/2020 5:30	9.72	40.39	3.53			
654	3/26/2020 6:00	9.72	40.14	3.53			
655	3/26/2020 6:30	9.74	39.96	3.53			
656	3/26/2020 7:00	9.76	39.78	3.53			
657	3/26/2020 7:30	9.78	39.6	3.53			
658	3/26/2020 8:00	9.77	39.49	3.53			
659	3/26/2020 8:30	9.77	39.49	3.53			
660	3/26/2020 9:00	9.93	39.52	3.53			
661	3/26/2020 9:30	10	39.7	3.53			
662	3/26/2020 10:00	10.17	39.99	3.53			
663	3/26/2020 10:30	10.36	40.46	3.53			
664	3/26/2020 11:00	10.36	41.32	3.53			
665	3/26/2020 11:30	10.18	42.26	3.54			
666	3/26/2020 12:00	10.51	43.52	3.54			
667	3/26/2020 12:30	10.95	44.74	3.54			
668	3/26/2020 13:00	11.08	46.04	3.54			
669	3/26/2020 13:30	11.3	47.23	3.56			
670	3/26/2020 14:00	11.59	48.38	3.56			
671	3/26/2020 14:30	11.46	49.42	3.56			
672	3/26/2020 15:00	11.43	50.5	3.56			
673	3/26/2020 15:30	11.38	51.19	3.56			
674	3/26/2020 16:00	11.34	51.73	3.56			
675	3/26/2020 16:30	11.24	52.05	3.57			
676	3/26/2020 17:00	11.26	52.2	3.57			
677	3/26/2020 17:30	11.1	52.05	3.57			
678	3/26/2020 18:00	11.02	51.73	3.57			
679	3/26/2020 18:30	10.88	51.26	3.57			
680	3/26/2020 19:00	10.74	50.47	3.57			
681	3/26/2020 19:30	10.55	49.53	3.57			
682	3/26/2020 20:00	10.36	48.63	3.56			
683	3/26/2020 20:30	10.17	47.8	3.56			
684	3/26/2020 21:00	9.99	46.98	3.56			
685	3/26/2020 21:30	9.66	46.29	3.56			
686	3/26/2020 22:00	9.62	45.72	3.56			
687	3/26/2020 22:30	9.51	45.21	3.54			
688	3/26/2020 23:00	9.41	44.82	3.54			
689	3/26/2020 23:30	9.34	44.38	3.54			
690	3/27/2020 0:00	9.27	44.02	3.54			
691	3/27/2020 0:30	9.26	43.66	3.54			
692	3/27/2020 1:00	9.23	43.3	3.54			
693	3/27/2020 1:30	9.24	42.98	3.54			
694	3/27/2020 2:00	9.26	42.69	3.54			
695	3/27/2020 2:30	9.31	42.4	3.54			
696	3/27/2020 3:00	9.33	42.15	3.54			
697	3/27/2020 3:30	9.38	41.94	3.54			
698	3/27/2020 4:00	9.44	41.72	3.54			
699	3/27/2020 4:30	9.49	41.58	3.54			
700	3/27/2020 5:00	9.52	41.47	3.54			
701	3/27/2020 5:30	9.55	41.4	3.54			
702	3/27/2020 6:00	9.53	41.36	3.54			
703	3/27/2020 6:30	9.56	41.29	3.54			
704	3/27/2020 7:00	9.61	41.22	3.53			
705	3/27/2020 7:30	9.57	41.18	3.53			
706	3/27/2020 8:00	9.62	41.22	3.53			
707	3/27/2020 8:30	9.69	41.32	3.53			
708	3/27/2020 9:00	9.8	41.5	3.53			
709	3/27/2020 9:30	9.89	41.83	3.54			
710	3/27/2020 10:00	10	42.26	3.54			
711	3/27/2020 10:30	10.28	42.8	3.54			
712	3/27/2020 11:00	10.56	43.52	3.54			
713	3/27/2020 11:30	10.76	44.31	3.54			
714	3/27/2020 12:00	10.94	45.25	3.54			
715	3/27/2020 12:30	11.1	46.11	3.54			
716	3/27/2020 13:00	11.27	46.87	3.56			
717	3/27/2020 13:30	11.4	47.55	3.56			
718	3/27/2020 14:00	11.43	48.31	3.56			
719	3/27/2020 14:30	11.44	48.92	3.56			
720	3/27/2020 15:00	11.5	49.24	3.56			
721	3/27/2020 15:30	11.46	49.64	3.56			
722	3/27/2020 16:00	11.43	49.86	3.56			
723	3/27/2020 16:30	11.36	49.82	3.56			
724	3/27/2020 17:00	11.26	49.6	3.56			
725	3/27/2020 17:30	11.12	49.35	3.56			
726	3/27/2020 18:00	10.97	48.99	3.56			
727	3/27/2020 18:30	10.81	48.56	3.56			
728	3/27/2020 19:00	10.65	48.06	3.56			
729	3/27/2020 19:30	10.45	47.44	3.56			
730	3/27/2020 20:00	10.27	46.98	3.56			
731	3/27/2020 20:30	10.08	46.47	3.56			
732	3/27/2020 21:00	9.88	46	3.56			
733	3/27/2020 21:30	9.73	45.57	3.56			
734	3/27/2020 22:00	9.64	45.25	3.56			
735	3/27/2020 22:30	9.53	45.03	3.54			
736	3/27/2020 23:00	9.46	44.82	3.54			
737	3/27/2020 23:30	9.4	44.74	3.54			
738	3/28/2020 0:00	9.32	44.67	3.54			
739	3/28/2020 0:30	9.28	44.67	3.54			
740	3/28/2020 1:00	9.26	44.67	3.54			
741	3/28/2020 1:30	9.23	44.64	3.54			
742	3/28/2020 2:00	9.24	44.6	3.54			
743	3/28/2020 2:30	9.23	44.56	3.54			
744	3/28/2020 3:00	9.2	44.53	3.54			
745	3/28/2020 3:30	9.2	44.46	3.54			
746	3/28/2020 4:00	9.19	44.42	3.54			
747	3/28/2020 4:30	9.24	44.38	3.54			
748	3/28/2020 5:00	9.21	44.31	3.54			
749	3/28/2020 5:30	9.23	44.31	3.54			
750	3/28/2020 6:00	9.24	44.24	3.54			
751	3/28/2020 6:30	9.21	44.2	3.54			
752	3/28/2020 7:00	9.2	44.13	3.54			
753	3/28/2020 7:30	9.2	44.13	3.54			
754	3/28/2020 8:00	9.23	44.1	3.54			
755	3/28/2020 8:30	9.25	44.17	3.54			
756	3/28/2020 9:00	9.34	44.24	3.54			
757	3/28/2020 9:30	9.51	44.42	3.54			
758	3/28/2020 10:00	9.66	44.67	3.54			
759	3/28/2020 10:30	9.78	45.07	3.54			
760	3/28/2020 11:00	9.85	45.5	3.54			
761	3/28/2020 11:30	10.07	46	3.54			
762	3/28/2020 12:00	10.29	46.51	3.56			
763	3/28/2020 12:30	10.6	47.23	3.56			
764	3/28/2020 13:00	10.77	47.95	3.56			
765	3/28/2020 13:30	10.87	48.49	3.56			
766	3/28/2020 14:00	10.89	48.74	3.56			
767	3/28/2020 14:30	10.83	49.03	3.56			
768	3/28/2020 15:00	10.95	49.39	3.56			
769	3/28/2020 15:30	10.91	49.71	3.56			
770	3/28/2020 16:00	11.06	49.82	3.56			
771	3/28/2020 16:30	10.87	49.86	3.56			
772	3/28/2020 17:00	10.8	49.93	3.56			
773	3/28/2020 17:30	10.8	50.04	3.56			
774	3/28/2020 18:00	10.71	49.96	3.56			
775	3/28/2020 18:30	10.57	49.78	3.56			
776	3/28/2020 19:00	10.48	49.42	3.56			
777	3/28/2020 19:30	10.31	49.06	3.56			
778	3/28/2020 20:00	10.09	48.7	3.56			
779	3/28/2020 20:30	9.86	48.24	3.56			
780	3/28/2020 21:00	9.63	47.8	3.56			
781	3/28/2020 21:30	9.43	47.44	3.56			
782	3/28/2020 22:00	9.28	47.16	3.56			
783	3/28/2020 22:30	9.13	46.94	3.56			
784	3/28/2020 23:00	9.02	46.69	3.56			
785	3/28/2020 23:30	8.92	46.54	3.56			
786	3/29/2020 0:00	8.85	46.4	3.56			
787	3/29/2020 0:30	8.79	46.29	3.56			
788	3/29/2020 1:00	8.78	46.15	3.56			
789	3/29/2020 1:30	8.73	46.08	3.56			
790	3/29/2020 2:00	8.71	45.97	3.56			
791	3/29/2020 2:30	8.68	45.86	3.56			
792	3/29/2020 3:00	8.69	45.68	3.56			
793	3/29/2020 3:30	8.67	45.57	3.54			
794	3/29/2020 4:00	8.64	45.43	3.54			
795	3/29/2020 4:30	8.64	45.32	3.54			
796	3/29/2020 5:00	8.64	45.25	3.54			
797	3/29/2020 5:30	8.67	45.18	3.54			
798	3/29/2020 6:00	8.66	45.07	3.54			
799	3/29/2020 6:30	8.72	45	3.54			
800	3/29/2020 7:00	8.76	44.92	3.54			
801	3/29/2020 7:30	8.81	44.82	3.54			
802	3/29/2020 8:00	8.81	44.82	3.54			
803	3/29/2020 8:30	8.92	44.82	3.54			
804	3/29/2020 9:00	9	44.92	3.54			
805	3/29/2020 9:30	9.08	45.14	3.54			
806	3/29/2020 10:00	9.29	45.43	3.54			
807	3/29/2020 10:30	9.54	45.9	3.54			
808	3/29/2020 11:00	9.71	46.65	3.56			
809	3/29/2020 11:30	10.01	47.37	3.56			
810	3/29/2020 12:00	10.23	47.98	3.56			
811	3/29/2020 12:30	10.46	48.92	3.56			
812	3/29/2020 13:00	10.64	49.68	3.56			
813	3/29/2020 13:30	10.81	50.72	3.56			
814	3/29/2020 14:00	10.79	51.15	3.57			
815	3/29/2020 14:30	10.77	51.44	3.56			
816	3/29/2020 15:00	10.75	51.84	3.57			
817	3/29/2020 15:30	10.71	52.02	3.57			
818	3/29/2020 16:00	10.65	52.16	3.57			
819	3/29/2020 16:30	10.65	52.23	3.57			
820	3/29/2020 17:00	10.64	52.2	3.57			
821	3/29/2020 17:30	10.5	52.12	3.57			
822	3/29/2020 18:00	10.35	51.76	3.57			
823	3/29/2020 18:30	10.22	51.44	3.57			
824	3/29/2020 19:00	10.05	50.97	3.57			
825	3/29/2020 19:30	9.88	50.4	3.57			
826	3/29/2020 20:00	9.67	49.78	3.56			
827	3/29/2020 20:30	9.42	49.28	3.56			
828	3/29/2020 21:00	9.26	48.78	3.56			
829	3/29/2020 21:30	9.11	48.42	3.56			
830	3/29/2020 22:00	8.96	48.09	3.56			
831	3/29/2020 22:30	8.85	47.88	3.56			
832	3/29/2020 23:00	8.77	47.77	3.56			
833	3/29/2020 23:30	8.69	47.66	3.56			
834	3/30/2020 0:00	8.64	47.59	3.56			
835	3/30/2020 0:30	8.6	47.52	3.56			
836	3/30/2020 1:00	8.54	47.44	3.56			
837	3/30/2020 1:30	8.48	47.41	3.56			
838	3/30/2020 2:00	8.46	47.34	3.56			
839	3/30/2020 2:30	8.48	47.3	3.56			
840	3/30/2020 3:00	8.51	47.23	3.56			
841	3/30/2020 3:30	8.51	47.19	3.56			
842	3/30/2020 4:00	8.49	47.16	3.56			
843	3/30/2020 4:30	8.53	47.08	3.56			
844	3/30/2020 5:00	8.54	47.08	3.56			
845	3/30/2020 5:30	8.55	47.05	3.56			
846	3/30/2020 6:00	8.54	47.05	3.56			
847	3/30/2020 6:30	8.53	47.01	3.56			
848	3/30/2020 7:00	8.48	46.98	3.56			
849	3/30/2020 7:30	8.51	46.94	3.56			
850	3/30/2020 8:00	8.54	46.9	3.56			
851	3/30/2020 8:30	8.55	46.9	3.56			
852	3/30/2020 9:00	8.71	46.98	3.56			
853	3/30/2020 9:30	8.87	47.19	3.56			
854	3/30/2020 10:00	8.86	47.44	3.56			
855	3/30/2020 10:30	9.26	47.77	3.56			
856	3/30/2020 11:00	9.64	48.2	3.56			
857	3/30/2020 11:30	9.83	48.49	3.56			
858	3/30/2020 12:00	9.96	48.81	3.56			
859	3/30/2020 12:30	10.06	49.14	3.56			
860	3/30/2020 13:00	10.22	49.78	3.56			
861	3/30/2020 13:30	10.46	50.25	3.56			
862	3/30/2020 14:00	10.58	50.4	3.56			
863	3/30/2020 14:30	10.5	50.58	3.57			
864	3/30/2020 15:00	10.44	50.79	3.57			
865	3/30/2020 15:30	10.44	50.86	3.57			
866	3/30/2020 16:00	10.39	50.76	3.57			
867	3/30/2020 16:30	10.35	50.76	3.57			
868	3/30/2020 17:00	10.36	51.01	3.57			
869	3/30/2020 17:30	10.39	51.04	3.57			
870	3/30/2020 18:00	10.33	51.01	3.57			
871	3/30/2020 18:30	10.28	50.94	3.57			
872	3/30/2020 19:00	10.14	50.68	3.57			
873	3/30/2020 19:30	9.98	50.43	3.56			
874	3/30/2020 20:00	9.74	49.93	3.56			
875	3/30/2020 20:30	9.51	49.6	3.56			
876	3/30/2020 21:00	9.31	49.24	3.56			
877	3/30/2020 21:30	9.12	48.99	3.56			
878	3/30/2020 22:00	8.96	48.78	3.56			
879	3/30/2020 22:30	8.82	48.56	3.56			
880	3/30/2020 23:00	8.71	48.42	3.56			
881	3/30/2020 23:30	8.63	48.27	3.56			
882	3/31/2020 0:00	8.56	48.16	3.56			
883	3/31/2020 0:30	8.54	48.06	3.56			
884	3/31/2020 1:00	8.49	47.98	3.56			
885	3/31/2020 1:30	8.48	47.91	3.56			
886	3/31/2020 2:00	8.47	47.88	3.56			
887	3/31/2020 2:30	8.48	47.84	3.56			
888	3/31/2020 3:00	8.47	47.8	3.56			
889	3/31/2020 3:30	8.45	47.8	3.56			
890	3/31/2020 4:00	8.46	47.77	3.56			
891	3/31/2020 4:30	8.44	47.73	3.56			
892	3/31/2020 5:00	8.43	47.73	3.56			
893	3/31/2020 5:30	8.43	47.7	3.56			
894	3/31/2020 6:00	8.42	47.73	3.56			
895	3/31/2020 6:30	8.4	47.7	3.56			
896	3/31/2020 7:00	8.43	47.7	3.56			
897	3/31/2020 7:30	8.4	47.7	3.56			
898	3/31/2020 8:00	8.4	47.73	3.56			
899	3/31/2020 8:30	8.41	47.77	3.56			
900	3/31/2020 9:00	8.51	47.88	3.56			
901	3/31/2020 9:30	8.67	48.06	3.56			
902	3/31/2020 10:00	8.71	48.27	3.56			
903	3/31/2020 10:30	9.01	48.52	3.56			
904	3/31/2020 11:00	9.21	48.99	3.56			
905	3/31/2020 11:30	9.48	49.71	3.56			
906	3/31/2020 12:00	9.88	50.36	3.56			
907	3/31/2020 12:30	9.96	50.94	3.56			
908	3/31/2020 13:00	10.13	51.37	3.57			
909	3/31/2020 13:30	10.2	51.98	3.57			
910	3/31/2020 14:00	10.32	52.41	3.57			
911	3/31/2020 14:30	10.39	52.88	3.57			
912	3/31/2020 15:00	10.58	53.2	3.57			
913	3/31/2020 15:30	10.46	53.89	3.57			
914	3/31/2020 16:00	10.41	54.28	3.57			
915	3/31/2020 16:30	10.36	54.79	3.57			
916	3/31/2020 17:00	10.32	55.04	3.57			
917	3/31/2020 17:30	10.29	55.04	3.57			
918	3/31/2020 18:00	10.15	54.93	3.57			
919	3/31/2020 18:30	10.06	54.43	3.57			
920	3/31/2020 19:00	9.9	53.78	3.57			
921	3/31/2020 19:30	9.73	52.95	3.57			
922	3/31/2020 20:00	9.48	52.2	3.57			
923	3/31/2020 20:30	9.26	51.37	3.57			
924	3/31/2020 21:00	9.02	50.72	3.57			
925	3/31/2020 21:30	8.84	50.14	3.57			
926	3/31/2020 22:00	8.7	49.53	3.56			
927	3/31/2020 22:30	8.57	49.06	3.56			
928	3/31/2020 23:00	8.51	48.49	3.56			
929	3/31/2020 23:30	8.47	48.06	3.56			
930	4/1/2020 0:00	8.44	47.7	3.56			
931	4/1/2020 0:30	8.43	47.44	3.56			
932	4/1/2020 1:00	8.44	47.12	3.56			
933	4/1/2020 1:30	8.46	46.87	3.56			
934	4/1/2020 2:00	8.48	46.65	3.56			
935	4/1/2020 2:30	8.48	46.4	3.56			
936	4/1/2020 3:00	8.49	46.18	3.54			
937	4/1/2020 3:30	8.53	45.93	3.54			
938	4/1/2020 4:00	8.56	45.72	3.54			
939	4/1/2020 4:30	8.58	45.46	3.54			
940	4/1/2020 5:00	8.58	45.25	3.54			
941	4/1/2020 5:30	8.62	45.07	3.54			
942	4/1/2020 6:00	8.64	44.92	3.54			
943	4/1/2020 6:30	8.64	44.82	3.54			
944	4/1/2020 7:00	8.59	44.67	3.54			
945	4/1/2020 7:30	8.63	44.6	3.54			
946	4/1/2020 8:00	8.75	44.6	3.54			
947	4/1/2020 8:30	8.79	44.74	3.54			
948	4/1/2020 9:00	8.94	44.89	3.54			
949	4/1/2020 9:30	9.19	45.07	3.54			
950	4/1/2020 10:00	9.36	45.43	3.54			
951	4/1/2020 10:30	9.44	45.82	3.54			
952	4/1/2020 11:00	9.75	46.18	3.54			
953	4/1/2020 11:30	9.87	46.76	3.56			
954	4/1/2020 12:00	10.08	47.52	3.56			
955	4/1/2020 12:30	10.28	48.24	3.56			
956	4/1/2020 13:00	10.46	48.92	3.56			
957	4/1/2020 13:30	10.6	49.89	3.56			
958	4/1/2020 14:00	10.67	50.4	3.56			
959	4/1/2020 14:30	10.84	51.08	3.56			
960	4/1/2020 15:00	10.74	51.76	3.57			
961	4/1/2020 15:30	10.86	52.38	3.57			
962	4/1/2020 16:00	10.77	52.66	3.57			
963	4/1/2020 16:30	10.75	52.84	3.57			
964	4/1/2020 17:00	10.64	52.63	3.57			
965	4/1/2020 17:30	10.52	52.41	3.57			
966	4/1/2020 18:00	10.48	52.09	3.57			
967	4/1/2020 18:30	10.38	51.62	3.57			
968	4/1/2020 19:00	10.24	51.04	3.57			
969	4/1/2020 19:30	10.07	50.47	3.57			
970	4/1/2020 20:00	9.84	50.04	3.56			
971	4/1/2020 20:30	9.57	49.32	3.56			
972	4/1/2020 21:00	9.41	48.6	3.56			
973	4/1/2020 21:30	9.24	48.02	3.56			
974	4/1/2020 22:00	9.1	47.52	3.56			
975	4/1/2020 22:30	9.03	47.08	3.56			
976	4/1/2020 23:00	8.94	46.69	3.56			
977	4/1/2020 23:30	8.9	46.33	3.56			
978	4/2/2020 0:00	8.87	45.97	3.56			
979	4/2/2020 0:30	8.87	45.64	3.54			
980	4/2/2020 1:00	8.86	45.39	3.54			
981	4/2/2020 1:30	8.88	45	3.54			
982	4/2/2020 2:00	8.93	44.74	3.54			
983	4/2/2020 2:30	8.96	44.53	3.54			
984	4/2/2020 3:00	8.96	44.24	3.54			
985	4/2/2020 3:30	8.99	43.99	3.54			
986	4/2/2020 4:00	9.02	43.81	3.54			
987	4/2/2020 4:30	9.1	43.7	3.54			
988	4/2/2020 5:00	9.18	43.56	3.54			
989	4/2/2020 5:30	9.13	43.38	3.54			
990	4/2/2020 6:00	9.2	43.2	3.54			
991	4/2/2020 6:30	9.16	43.02	3.54			
992	4/2/2020 7:00	9.18	42.84	3.54			
993	4/2/2020 7:30	9.21	42.62	3.54			
994	4/2/2020 8:00	9.29	42.51	3.54			
995	4/2/2020 8:30	9.37	42.55	3.54			
996	4/2/2020 9:00	9.59	42.66	3.54			
997	4/2/2020 9:30	9.77	42.87	3.54			
998	4/2/2020 10:00	9.99	43.3	3.54			
999	4/2/2020 10:30	10.2	43.95	3.54			
1000	4/2/2020 11:00	10.33	44.96	3.54			
1001	4/2/2020 11:30	10.54	45.93	3.54			
1002	4/2/2020 12:00	10.65	47.26	3.56			
1003	4/2/2020 12:30	10.96	48.38	3.56			
1004	4/2/2020 13:00	10.95	49.64	3.56			
1005	4/2/2020 13:30	11.02	50.76	3.56			
1006	4/2/2020 14:00	11.01	51.94	3.57			
1007	4/2/2020 14:30	11.23	52.88	3.57			
1008	4/2/2020 15:00	11.18	53.64	3.57			
1009	4/2/2020 15:30	10.99	54.28	3.57			
1010	4/2/2020 16:00	11.49	54.68	3.57			
1011	4/2/2020 16:30	11.2	54.9	3.57			
1012	4/2/2020 17:00	10.91	54.86	3.57			
1013	4/2/2020 17:30	10.74	54.72	3.57			
1014	4/2/2020 18:00	10.61	54.25	3.57			
1015	4/2/2020 18:30	10.48	53.56	3.57			
1016	4/2/2020 19:00	10.26	52.66	3.57			
1017	4/2/2020 19:30	10.12	51.69	3.57			
1018	4/2/2020 20:00	9.95	50.79	3.57			
1019	4/2/2020 20:30	9.78	50.04	3.57			
1020	4/2/2020 21:00	9.51	49.28	3.57			
1021	4/2/2020 21:30	9.36	48.67	3.56			
1022	4/2/2020 22:00	9.18	48.2	3.56			
1023	4/2/2020 22:30	9.09	47.7	3.56			
1024	4/2/2020 23:00	8.99	47.19	3.56			
1025	4/2/2020 23:30	8.93	46.87	3.56			
1026	4/3/2020 0:00	8.88	46.51	3.56			
1027	4/3/2020 0:30	8.87	46.11	3.56			
1028	4/3/2020 1:00	8.87	45.82	3.56			
1029	4/3/2020 1:30	8.87	45.5	3.54			
1030	4/3/2020 2:00	8.87	45.25	3.54			
1031	4/3/2020 2:30	8.86	44.92	3.54			
1032	4/3/2020 3:00	8.9	44.64	3.54			
1033	4/3/2020 3:30	8.93	44.46	3.54			
1034	4/3/2020 4:00	8.94	44.28	3.54			
1035	4/3/2020 4:30	8.96	44.13	3.54			
1036	4/3/2020 5:00	8.99	43.99	3.54			
1037	4/3/2020 5:30	9.01	43.81	3.54			
1038	4/3/2020 6:00	9.04	43.7	3.54			
1039	4/3/2020 6:30	9.02	43.59	3.54			
1040	4/3/2020 7:00	9.01	43.48	3.54			
1041	4/3/2020 7:30	9.02	43.38	3.54			
1042	4/3/2020 8:00	9.09	43.34	3.54			
1043	4/3/2020 8:30	9.2	43.45	3.54			
1044	4/3/2020 9:00	9.3	43.59	3.54			
1045	4/3/2020 9:30	9.46	43.77	3.54			
1046	4/3/2020 10:00	9.64	44.17	3.54			
1047	4/3/2020 10:30	9.76	44.82	3.54			
1048	4/3/2020 11:00	9.9	45.79	3.54			
1049	4/3/2020 11:30	10.16	46.87	3.54			
1050	4/3/2020 12:00	10.38	48.16	3.56			
1051	4/3/2020 12:30	11.05	49.32	3.56			
1052	4/3/2020 13:00	11.23	50.61	3.56			
1053	4/3/2020 13:30	11.13	51.87	3.56			
1054	4/3/2020 14:00	11	52.95	3.57			
1055	4/3/2020 14:30	11.06	54	3.57			
1056	4/3/2020 15:00	10.99	54.82	3.57			
1057	4/3/2020 15:30	10.83	55.54	3.57			
1058	4/3/2020 16:00	10.75	55.94	3.57			
1059	4/3/2020 16:30	10.69	56.05	3.57			
1060	4/3/2020 17:00	10.59	56.05	3.58			
1061	4/3/2020 17:30	10.52	55.87	3.58			
1062	4/3/2020 18:00	10.5	55.47	3.58			
1063	4/3/2020 18:30	10.4	54.86	3.58			
1064	4/3/2020 19:00	10.3	54.18	3.58			
1065	4/3/2020 19:30	10.12	53.46	3.57			
1066	4/3/2020 20:00	9.91	52.63	3.57			
1067	4/3/2020 20:30	9.66	51.87	3.57			
1068	4/3/2020 21:00	9.47	51.15	3.57			
1069	4/3/2020 21:30	9.26	50.54	3.57			
1070	4/3/2020 22:00	9.04	49.89	3.56			
1071	4/3/2020 22:30	8.89	49.28	3.56			
1072	4/3/2020 23:00	8.77	48.85	3.56			
1073	4/3/2020 23:30	8.68	48.34	3.56			
1074	4/4/2020 0:00	8.63	47.98	3.56			
1075	4/4/2020 0:30	8.6	47.59	3.56			
1076	4/4/2020 1:00	8.55	47.3	3.56			
1077	4/4/2020 1:30	8.53	46.98	3.56			
1078	4/4/2020 2:00	8.51	46.69	3.56			
1079	4/4/2020 2:30	8.53	46.4	3.56			
1080	4/4/2020 3:00	8.54	46.15	3.56			
1081	4/4/2020 3:30	8.57	45.97	3.56			
1082	4/4/2020 4:00	8.55	45.82	3.54			
1083	4/4/2020 4:30	8.58	45.75	3.54			
1084	4/4/2020 5:00	8.59	45.64	3.54			
1085	4/4/2020 5:30	8.51	45.57	3.54			
1086	4/4/2020 6:00	8.59	45.5	3.54			
1087	4/4/2020 6:30	8.57	45.46	3.54			
1088	4/4/2020 7:00	8.61	45.43	3.54			
1089	4/4/2020 7:30	8.6	45.39	3.54			
1090	4/4/2020 8:00	8.5	45.36	3.54			
1091	4/4/2020 8:30	8.62	45.36	3.54			
1092	4/4/2020 9:00	8.68	45.43	3.54			
1093	4/4/2020 9:30	8.86	45.54	3.54			
1094	4/4/2020 10:00	8.94	45.68	3.54			
1095	4/4/2020 10:30	9.12	45.82	3.54			
1096	4/4/2020 11:00	9.25	45.97	3.54			
1097	4/4/2020 11:30	9.43	46.15	3.54			
1098	4/4/2020 12:00	9.55	46.29	3.54			
1099	4/4/2020 12:30	9.53	46.44	3.54			
1100	4/4/2020 13:00	9.69	46.58	3.56			
1101	4/4/2020 13:30	9.86	46.94	3.56			
1102	4/4/2020 14:00	9.99	47.41	3.56			
1103	4/4/2020 14:30	10.08	47.88	3.56			
1104	4/4/2020 15:00	10.31	48.31	3.56			
1105	4/4/2020 15:30	10.67	48.78	3.56			
1106	4/4/2020 16:00	10.63	49.1	3.56			
1107	4/4/2020 16:30	10.7	49.42	3.56			
1108	4/4/2020 17:00	10.72	49.75	3.56			
1109	4/4/2020 17:30	10.71	49.93	3.56			
1110	4/4/2020 18:00	10.67	49.96	3.56			
1111	4/4/2020 18:30	10.58	49.93	3.56			
1112	4/4/2020 19:00	10.46	49.64	3.56			
1113	4/4/2020 19:30	10.27	49.17	3.56			
1114	4/4/2020 20:00	10.02	48.67	3.56			
1115	4/4/2020 20:30	9.83	48.09	3.56			
1116	4/4/2020 21:00	9.63	47.62	3.56			
1117	4/4/2020 21:30	9.42	47.16	3.56			
1118	4/4/2020 22:00	9.24	46.8	3.56			
1119	4/4/2020 22:30	9.08	46.51	3.56			
1120	4/4/2020 23:00	8.96	46.26	3.56			
1121	4/4/2020 23:30	8.87	46.04	3.56			
1122	4/5/2020 0:00	8.8	45.93	3.54			
1123	4/5/2020 0:30	8.75	45.75	3.54			
1124	4/5/2020 1:00	8.7	45.64	3.54			
1125	4/5/2020 1:30	8.68	45.54	3.54			
1126	4/5/2020 2:00	8.66	45.39	3.54			
1127	4/5/2020 2:30	8.66	45.28	3.54			
1128	4/5/2020 3:00	8.67	45.18	3.54			
1129	4/5/2020 3:30	8.65	45.1	3.54			
1130	4/5/2020 4:00	8.66	45	3.54			
1131	4/5/2020 4:30	8.68	44.89	3.54			
1132	4/5/2020 5:00	8.69	44.82	3.54			
1133	4/5/2020 5:30	8.68	44.71	3.54			
1134	4/5/2020 6:00	8.7	44.64	3.54			
1135	4/5/2020 6:30	8.71	44.56	3.54			
1136	4/5/2020 7:00	8.72	44.53	3.54			
1137	4/5/2020 7:30	8.8	44.49	3.54			
1138	4/5/2020 8:00	8.85	44.53	3.54			
1139	4/5/2020 8:30	8.96	44.71	3.54			
1140	4/5/2020 9:00	8.94	44.89	3.54			
1141	4/5/2020 9:30	9.35	45.14	3.54			
1142	4/5/2020 10:00	9.62	45.39	3.54			
1143	4/5/2020 10:30	9.86	45.82	3.54			
1144	4/5/2020 11:00	10.1	46.29	3.56			
1145	4/5/2020 11:30	10.3	46.87	3.56			
1146	4/5/2020 12:00	10.62	47.59	3.56			
1147	4/5/2020 12:30	10.86	47.91	3.56			
1148	4/5/2020 13:00	10.72	48.27	3.56			
1149	4/5/2020 13:30	10.81	48.78	3.56			
1150	4/5/2020 14:00	11.05	49.14	3.56			
1151	4/5/2020 14:30	11.08	49.82	3.56			
1152	4/5/2020 15:00	11.07	50.22	3.56			
1153	4/5/2020 15:30	11.25	50.68	3.56			
1154	4/5/2020 16:00	11.06	50.83	3.57			
1155	4/5/2020 16:30	10.96	50.9	3.57			
1156	4/5/2020 17:00	10.89	50.79	3.56			
1157	4/5/2020 17:30	10.77	50.47	3.56			
1158	4/5/2020 18:00	10.59	50	3.56			
1159	4/5/2020 18:30	10.38	49.57	3.56			
1160	4/5/2020 19:00	10.2	49.06	3.56			
1161	4/5/2020 19:30	10.04	48.56	3.56			
1162	4/5/2020 20:00	9.83	48.2	3.56			
1163	4/5/2020 20:30	9.63	47.88	3.56			
1164	4/5/2020 21:00	9.43	47.66	3.56			
1165	4/5/2020 21:30	9.3	47.37	3.56			
1166	4/5/2020 22:00	9.13	47.19	3.56			
1167	4/5/2020 22:30	9	47.01	3.56			
1168	4/5/2020 23:00	8.91	46.76	3.56			
1169	4/5/2020 23:30	8.84	46.54	3.56			
1170	4/6/2020 0:00	8.77	46.29	3.56			
1171	4/6/2020 0:30	8.76	46	3.54			
1172	4/6/2020 1:00	8.7	45.75	3.54			
1173	4/6/2020 1:30	8.69	45.57	3.54			
1174	4/6/2020 2:00	8.67	45.32	3.54			
1175	4/6/2020 2:30	8.71	45.1	3.54			
1176	4/6/2020 3:00	8.72	44.92	3.54			
1177	4/6/2020 3:30	8.73	44.82	3.54			
1178	4/6/2020 4:00	8.76	44.71	3.54			
1179	4/6/2020 4:30	8.72	44.67	3.54			
1180	4/6/2020 5:00	8.76	44.64	3.54			
1181	4/6/2020 5:30	8.78	44.64	3.54			
1182	4/6/2020 6:00	8.76	44.6	3.54			
1183	4/6/2020 6:30	8.79	44.56	3.54			
1184	4/6/2020 7:00	8.81	44.49	3.54			
1185	4/6/2020 7:30	8.85	44.38	3.54			
1186	4/6/2020 8:00	8.92	44.31	3.54			
1187	4/6/2020 8:30	9.03	44.38	3.54			
1188	4/6/2020 9:00	9.22	44.49	3.54			
1189	4/6/2020 9:30	9.34	44.71	3.54			
1190	4/6/2020 10:00	9.55	45.03	3.54			
1191	4/6/2020 10:30	9.65	45.54	3.54			
1192	4/6/2020 11:00	9.92	46.26	3.54			
1193	4/6/2020 11:30	10.19	47.05	3.56			
1194	4/6/2020 12:00	10.43	47.66	3.56			
1195	4/6/2020 12:30	10.61	48.6	3.56			
1196	4/6/2020 13:00	10.81	49.53	3.56			
1197	4/6/2020 13:30	11.14	50.36	3.56			
1198	4/6/2020 14:00	11.02	51.4	3.56			
1199	4/6/2020 14:30	11.26	52.2	3.57			
1200	4/6/2020 15:00	11.07	52.77	3.57			
1201	4/6/2020 15:30	11	53.56	3.57			
1202	4/6/2020 16:00	10.89	54	3.57			
1203	4/6/2020 16:30	10.82	54.25	3.57			
1204	4/6/2020 17:00	10.87	54.39	3.57			
1205	4/6/2020 17:30	10.66	54.14	3.57			
1206	4/6/2020 18:00	10.5	53.89	3.57			
1207	4/6/2020 18:30	10.35	53.46	3.57			
1208	4/6/2020 19:00	10.16	52.88	3.57			
1209	4/6/2020 19:30	9.94	52.23	3.57			
1210	4/6/2020 20:00	9.71	51.62	3.57			
1211	4/6/2020 20:30	9.49	51.04	3.57			
1212	4/6/2020 21:00	9.25	50.5	3.57			
1213	4/6/2020 21:30	9.04	50.04	3.56			
1214	4/6/2020 22:00	8.86	49.53	3.56			
1215	4/6/2020 22:30	8.72	49.1	3.56			
1216	4/6/2020 23:00	8.65	48.67	3.56			
1217	4/6/2020 23:30	8.58	48.24	3.56			
1218	4/7/2020 0:00	8.54	47.84	3.56			
1219	4/7/2020 0:30	8.51	47.52	3.56			
1220	4/7/2020 1:00	8.51	47.12	3.56			
1221	4/7/2020 1:30	8.5	46.76	3.56			
1222	4/7/2020 2:00	8.57	46.36	3.56			
1223	4/7/2020 2:30	8.59	46.04	3.54			
1224	4/7/2020 3:00	8.63	45.72	3.54			
1225	4/7/2020 3:30	8.64	45.43	3.54			
1226	4/7/2020 4:00	8.68	45.18	3.54			
1227	4/7/2020 4:30	8.72	44.85	3.54			
1228	4/7/2020 5:00	8.76	44.64	3.54			
1229	4/7/2020 5:30	8.77	44.42	3.54			
1230	4/7/2020 6:00	8.78	44.13	3.54			
1231	4/7/2020 6:30	8.84	43.92	3.54			
1232	4/7/2020 7:00	8.83	43.74	3.54			
1233	4/7/2020 7:30	8.89	43.52	3.54			
1234	4/7/2020 8:00	8.94	43.45	3.54			
1235	4/7/2020 8:30	9.11	43.56	3.54			
1236	4/7/2020 9:00	9.22	43.7	3.54			
1237	4/7/2020 9:30	9.33	43.92	3.54			
1238	4/7/2020 10:00	9.54	44.35	3.54			
1239	4/7/2020 10:30	9.76	45.03	3.54			
1240	4/7/2020 11:00	9.83	45.97	3.54			
1241	4/7/2020 11:30	10.15	47.19	3.56			
1242	4/7/2020 12:00	10.53	48.7	3.56			
1243	4/7/2020 12:30	10.61	50	3.56			
1244	4/7/2020 13:00	11.51	51.55	3.56			
1245	4/7/2020 13:30	11.25	52.99	3.57			
1246	4/7/2020 14:00	11.08	54.32	3.57			
1247	4/7/2020 14:30	11.09	55.54	3.57			
1248	4/7/2020 15:00	11.09	56.62	3.57			
1249	4/7/2020 15:30	11.35	57.56	3.58			
1250	4/7/2020 16:00	11	58.28	3.58			
1251	4/7/2020 16:30	10.69	58.75	3.58			
1252	4/7/2020 17:00	10.44	59	3.58			
1253	4/7/2020 17:30	10.34	59.07	3.58			
1254	4/7/2020 18:00	10.26	58.96	3.58			
1255	4/7/2020 18:30	10.15	58.6	3.58			
1256	4/7/2020 19:00	9.95	58.03	3.58			
1257	4/7/2020 19:30	9.73	57.31	3.58			
1258	4/7/2020 20:00	9.5	56.55	3.58			
1259	4/7/2020 20:30	9.26	55.72	3.58			
1260	4/7/2020 21:00	8.98	54.93	3.57			
1261	4/7/2020 21:30	8.73	54.25	3.57			
1262	4/7/2020 22:00	8.55	53.64	3.57			
1263	4/7/2020 22:30	8.33	53.06	3.57			
1264	4/7/2020 23:00	8.18	52.59	3.57			
1265	4/7/2020 23:30	8.07	52.12	3.57			
1266	4/8/2020 0:00	7.98	51.69	3.57			
1267	4/8/2020 0:30	7.94	51.4	3.57			
1268	4/8/2020 1:00	7.84	51.08	3.57			
1269	4/8/2020 1:30	7.86	50.76	3.57			
1270	4/8/2020 2:00	7.89	50.5	3.57			
1271	4/8/2020 2:30	7.85	50.18	3.56			
1272	4/8/2020 3:00	7.91	49.82	3.56			
1273	4/8/2020 3:30	7.92	49.46	3.56			
1274	4/8/2020 4:00	7.91	49.1	3.56			
1275	4/8/2020 4:30	7.93	48.81	3.56			
1276	4/8/2020 5:00	7.96	48.45	3.56			
1277	4/8/2020 5:30	8	48.09	3.56			
1278	4/8/2020 6:00	8.05	47.77	3.56			
1279	4/8/2020 6:30	8.07	47.52	3.56			
1280	4/8/2020 7:00	8.03	47.19	3.56			
1281	4/8/2020 7:30	8.04	46.98	3.56			
1282	4/8/2020 8:00	8.21	46.87	3.56			
1283	4/8/2020 8:30	8.35	46.94	3.56			
1284	4/8/2020 9:00	8.49	47.01	3.56			
1285	4/8/2020 9:30	8.62	47.23	3.56			
1286	4/8/2020 10:00	8.92	47.7	3.56			
1287	4/8/2020 10:30	9.15	48.31	3.56			
1288	4/8/2020 11:00	9.35	49.24	3.56			
1289	4/8/2020 11:30	9.64	50.47	3.56			
1290	4/8/2020 12:00	9.94	51.94	3.56			
1291	4/8/2020 12:30	10.06	53.28	3.57			
1292	4/8/2020 13:00	10.31	54.72	3.57			
1293	4/8/2020 13:30	10.39	56.12	3.57			
1294	4/8/2020 14:00	10.73	57.45	3.58			
1295	4/8/2020 14:30	10.72	58.71	3.58			
1296	4/8/2020 15:00	10.6	59.86	3.58			
1297	4/8/2020 15:30	10.54	60.73	3.58			
1298	4/8/2020 16:00	11.28	61.38	3.58			
1299	4/8/2020 16:30	11.34	61.84	3.58			
1300	4/8/2020 17:00	10.86	61.99	3.58			
1301	4/8/2020 17:30	10.48	61.88	3.6			
1302	4/8/2020 18:00	10.16	61.63	3.6			
1303	4/8/2020 18:30	9.94	61.2	3.6			
1304	4/8/2020 19:00	9.69	60.62	3.6			
1305	4/8/2020 19:30	9.5	60.01	3.58			
1306	4/8/2020 20:00	9.19	59.22	3.58			
1307	4/8/2020 20:30	8.87	58.46	3.58			
1308	4/8/2020 21:00	8.59	57.85	3.58			
1309	4/8/2020 21:30	8.37	57.27	3.58			
1310	4/8/2020 22:00	8.16	56.73	3.58			
1311	4/8/2020 22:30	7.86	56.23	3.58			
1312	4/8/2020 23:00	7.7	55.8	3.58			
1313	4/8/2020 23:30	7.51	55.33	3.58			
1314	4/9/2020 0:00	7.39	54.86	3.57			
1315	4/9/2020 0:30	7.33	54.46	3.57			
1316	4/9/2020 1:00	7.27	54.07	3.57			
1317	4/9/2020 1:30	7.24	53.71	3.57			
1318	4/9/2020 2:00	7.24	53.28	3.57			
1319	4/9/2020 2:30	7.24	52.84	3.57			
1320	4/9/2020 3:00	7.26	52.48	3.57			
1321	4/9/2020 3:30	7.28	52.16	3.57			
1322	4/9/2020 4:00	7.32	51.76	3.57			
1323	4/9/2020 4:30	7.33	51.44	3.57			
1324	4/9/2020 5:00	7.36	51.08	3.57			
1325	4/9/2020 5:30	7.38	50.79	3.56			
1326	4/9/2020 6:00	7.39	50.47	3.56			
1327	4/9/2020 6:30	7.42	50.18	3.56			
1328	4/9/2020 7:00	7.43	49.89	3.56			
1329	4/9/2020 7:30	7.48	49.6	3.56			
1330	4/9/2020 8:00	7.56	49.46	3.56			
1331	4/9/2020 8:30	7.73	49.57	3.56			
1332	4/9/2020 9:00	7.92	49.68	3.56			
1333	4/9/2020 9:30	7.98	49.93	3.56			
1334	4/9/2020 10:00	8.11	50.32	3.56			
1335	4/9/2020 10:30	8.5	51.01	3.56			
1336	4/9/2020 11:00	8.71	51.94	3.56			
1337	4/9/2020 11:30	9.02	53.2	3.57			
1338	4/9/2020 12:00	9.41	54.64	3.57			
1339	4/9/2020 12:30	9.7	55.94	3.57			
1340	4/9/2020 13:00	9.97	57.38	3.58			
1341	4/9/2020 13:30	10.4	58.78	3.58			
1342	4/9/2020 14:00	10.41	60.04	3.58			
1343	4/9/2020 14:30	10.48	61.23	3.58			
1344	4/9/2020 15:00	10.55	62.31	3.58			
1345	4/9/2020 15:30	10.29	63.14	3.6			
1346	4/9/2020 16:00	10.06	63.79	3.6			
1347	4/9/2020 16:30	10.09	64.26	3.6			
1348	4/9/2020 17:00	9.93	64.44	3.6			
1349	4/9/2020 17:30	9.81	64.36	3.6			
1350	4/9/2020 18:00	9.74	64.11	3.6			
1351	4/9/2020 18:30	9.54	63.57	3.6			
1352	4/9/2020 19:00	9.33	62.85	3.6			
1353	4/9/2020 19:30	9.07	62.1	3.6			
1354	4/9/2020 20:00	8.78	61.27	3.6			
1355	4/9/2020 20:30	8.44	60.51	3.58			
1356	4/9/2020 21:00	8.06	59.83	3.58			
1357	4/9/2020 21:30	7.74	59.22	3.58			
1358	4/9/2020 22:00	7.45	58.57	3.58			
1359	4/9/2020 22:30	7.27	57.99	3.58			
1360	4/9/2020 23:00	7.12	57.42	3.58			
1361	4/9/2020 23:30	6.99	56.91	3.58			
1362	4/10/2020 0:00	6.88	56.52	3.58			
1363	4/10/2020 0:30	6.79	56.12	3.58			
1364	4/10/2020 1:00	6.74	55.76	3.58			
1365	4/10/2020 1:30	6.66	55.47	3.57			
1366	4/10/2020 2:00	6.64	55.11	3.57			
1367	4/10/2020 2:30	6.65	54.75	3.57			
1368	4/10/2020 3:00	6.67	54.39	3.57			
1369	4/10/2020 3:30	6.65	54.03	3.57			
1370	4/10/2020 4:00	6.66	53.67	3.57			
1371	4/10/2020 4:30	6.63	53.28	3.57			
1372	4/10/2020 5:00	6.7	52.92	3.57			
1373	4/10/2020 5:30	6.75	52.56	3.57			
1374	4/10/2020 6:00	6.79	52.16	3.57			
1375	4/10/2020 6:30	6.82	51.91	3.57			
1376	4/10/2020 7:00	6.89	51.51	3.57			
1377	4/10/2020 7:30	6.91	51.3	3.57			
1378	4/10/2020 8:00	7.05	51.12	3.56			
1379	4/10/2020 8:30	7.27	51.12	3.56			
1380	4/10/2020 9:00	7.46	51.19	3.56			
1381	4/10/2020 9:30	7.64	51.4	3.56			
1382	4/10/2020 10:00	7.92	51.84	3.56			
1383	4/10/2020 10:30	8.17	52.45	3.57			
1384	4/10/2020 11:00	8.57	53.42	3.57			
1385	4/10/2020 11:30	8.82	54.54	3.57			
1386	4/10/2020 12:00	9.48	56.05	3.57			
1387	4/10/2020 12:30	9.59	57.34	3.57			
1388	4/10/2020 13:00	9.74	58.71	3.58			
1389	4/10/2020 13:30	10.05	59.94	3.58			
1390	4/10/2020 14:00	10.1	60.94	3.58			
1391	4/10/2020 14:30	10.19	61.95	3.58			
1392	4/10/2020 15:00	10.09	62.89	3.58			
1393	4/10/2020 15:30	9.99	63.64	3.6			
1394	4/10/2020 16:00	10.01	64.15	3.6			
1395	4/10/2020 16:30	9.91	64.33	3.6			
1396	4/10/2020 17:00	9.81	64.36	3.6			
1397	4/10/2020 17:30	9.7	64.15	3.6			
1398	4/10/2020 18:00	9.57	63.79	3.6			
1399	4/10/2020 18:30	9.37	63.25	3.6			
1400	4/10/2020 19:00	9.14	62.56	3.6			
1401	4/10/2020 19:30	8.87	61.81	3.6			
1402	4/10/2020 20:00	8.58	61.09	3.6			
1403	4/10/2020 20:30	8.27	60.37	3.58			
1404	4/10/2020 21:00	7.94	59.79	3.58			
1405	4/10/2020 21:30	7.62	59.25	3.58			
1406	4/10/2020 22:00	7.33	58.78	3.58			
1407	4/10/2020 22:30	7.1	58.28	3.58			
1408	4/10/2020 23:00	6.97	57.78	3.58			
1409	4/10/2020 23:30	6.95	57.31	3.58			
1410	4/11/2020 0:00	7.02	56.66	3.58			
1411	4/11/2020 0:30	7.1	56.23	3.58			
1412	4/11/2020 1:00	7.18	55.87	3.58			
1413	4/11/2020 1:30	7.22	55.58	3.57			
1414	4/11/2020 2:00	7.34	55.4	3.57			
1415	4/11/2020 2:30	7.37	55.22	3.57			
1416	4/11/2020 3:00	7.34	55.04	3.57			
1417	4/11/2020 3:30	7.42	54.82	3.57			
1418	4/11/2020 4:00	7.47	54.61	3.57			
1419	4/11/2020 4:30	7.47	54.36	3.57			
1420	4/11/2020 5:00	7.52	54.1	3.57			
1421	4/11/2020 5:30	7.45	53.85	3.57			
1422	4/11/2020 6:00	7.47	53.56	3.57			
1423	4/11/2020 6:30	7.52	53.28	3.57			
1424	4/11/2020 7:00	7.54	52.95	3.57			
1425	4/11/2020 7:30	7.57	52.66	3.57			
1426	4/11/2020 8:00	7.62	52.52	3.57			
1427	4/11/2020 8:30	7.74	52.56	3.57			
1428	4/11/2020 9:00	7.78	52.63	3.57			
1429	4/11/2020 9:30	8.11	52.84	3.57			
1430	4/11/2020 10:00	8.36	53.28	3.57			
1431	4/11/2020 10:30	8.5	54	3.57			
1432	4/11/2020 11:00	8.67	54.82	3.57			
1433	4/11/2020 11:30	8.98	55.8	3.57			
1434	4/11/2020 12:00	9.22	57.09	3.57			
1435	4/11/2020 12:30	9.32	58.1	3.58			
1436	4/11/2020 13:00	9.41	59.29	3.58			
1437	4/11/2020 13:30	9.5	60.15	3.58			
1438	4/11/2020 14:00	9.65	60.87	3.58			
1439	4/11/2020 14:30	9.65	61.52	3.58			
1440	4/11/2020 15:00	10.04	61.7	3.58			
1441	4/11/2020 15:30	9.72	61.84	3.58			
1442	4/11/2020 16:00	9.57	62.13	3.58			
1443	4/11/2020 16:30	9.52	62.31	3.6			
1444	4/11/2020 17:00	9.43	62.42	3.6			
1445	4/11/2020 17:30	9.34	62.42	3.6			
1446	4/11/2020 18:00	9.21	62.35	3.6			
1447	4/11/2020 18:30	9.06	62.13	3.58			
1448	4/11/2020 19:00	8.9	61.77	3.58			
1449	4/11/2020 19:30	8.66	61.09	3.58			
1450	4/11/2020 20:00	8.35	60.26	3.58			
1451	4/11/2020 20:30	7.99	59.36	3.58			
1452	4/11/2020 21:00	7.71	58.53	3.58			
1453	4/11/2020 21:30	7.46	57.81	3.58			
1454	4/11/2020 22:00	7.35	57.31	3.58			
1455	4/11/2020 22:30	7.29	56.98	3.58			
1456	4/11/2020 23:00	7.36	56.73	3.58			
1457	4/11/2020 23:30	7.37	56.48	3.58			
1458	4/12/2020 0:00	7.34	56.26	3.58			
1459	4/12/2020 0:30	7.38	56.01	3.57			
1460	4/12/2020 1:00	7.39	55.72	3.57			
1461	4/12/2020 1:30	7.41	55.44	3.57			
1462	4/12/2020 2:00	7.42	55.11	3.57			
1463	4/12/2020 2:30	7.43	54.86	3.57			
1464	4/12/2020 3:00	7.47	54.61	3.57			
1465	4/12/2020 3:30	7.42	54.36	3.57			
1466	4/12/2020 4:00	7.43	54.07	3.57			
1467	4/12/2020 4:30	7.39	53.78	3.57			
1468	4/12/2020 5:00	7.41	53.42	3.57			
1469	4/12/2020 5:30	7.4	53.06	3.57			
1470	4/12/2020 6:00	7.43	52.63	3.57			
1471	4/12/2020 6:30	7.42	52.27	3.57			
1472	4/12/2020 7:00	7.51	51.87	3.57			
1473	4/12/2020 7:30	7.53	51.51	3.56			
1474	4/12/2020 8:00	7.56	51.37	3.56			
1475	4/12/2020 8:30	7.72	51.3	3.56			
1476	4/12/2020 9:00	7.98	51.3	3.56			
1477	4/12/2020 9:30	8.21	51.44	3.56			
1478	4/12/2020 10:00	8.43	51.87	3.56			
1479	4/12/2020 10:30	8.76	52.59	3.57			
1480	4/12/2020 11:00	9	53.31	3.56			
1481	4/12/2020 11:30	9.23	54.32	3.57			
1482	4/12/2020 12:00	9.42	55.54	3.57			
1483	4/12/2020 12:30	9.54	56.66	3.57			
1484	4/12/2020 13:00	9.84	57.81	3.57			
1485	4/12/2020 13:30	9.61	58.96	3.58			
1486	4/12/2020 14:00	9.83	60.08	3.58			
1487	4/12/2020 14:30	10.26	61.05	3.58			
1488	4/12/2020 15:00	9.97	61.84	3.58			
1489	4/12/2020 15:30	9.99	62.56	3.6			
1490	4/12/2020 16:00	9.75	63	3.6			
1491	4/12/2020 16:30	9.62	63.21	3.6			
1492	4/12/2020 17:00	9.45	63.1	3.6			
1493	4/12/2020 17:30	9.33	62.6	3.6			
1494	4/12/2020 18:00	9.04	61.84	3.58			
1495	4/12/2020 18:30	8.91	60.98	3.58			
1496	4/12/2020 19:00	8.72	60.19	3.58			
1497	4/12/2020 19:30	8.64	59.47	3.58			
1498	4/12/2020 20:00	8.37	58.68	3.58			
1499	4/12/2020 20:30	8.19	58.03	3.58			
1500	4/12/2020 21:00	8.03	57.38	3.58			
1501	4/12/2020 21:30	7.85	56.66	3.57			
1502	4/12/2020 22:00	7.7	56.05	3.57			
1503	4/12/2020 22:30	7.56	55.36	3.57			
1504	4/12/2020 23:00	7.45	54.79	3.57			
1505	4/12/2020 23:30	7.42	54.25	3.57			
1506	4/13/2020 0:00	7.37	53.74	3.57			
1507	4/13/2020 0:30	7.33	53.38	3.57			
1508	4/13/2020 1:00	7.32	52.99	3.57			
1509	4/13/2020 1:30	7.32	52.63	3.57			
1510	4/13/2020 2:00	7.33	52.27	3.57			
1511	4/13/2020 2:30	7.34	51.98	3.56			
1512	4/13/2020 3:00	7.37	51.66	3.56			
1513	4/13/2020 3:30	7.45	51.4	3.56			
1514	4/13/2020 4:00	7.51	51.12	3.56			
1515	4/13/2020 4:30	7.57	50.86	3.56			
1516	4/13/2020 5:00	7.62	50.58	3.56			
1517	4/13/2020 5:30	7.67	50.25	3.56			
1518	4/13/2020 6:00	7.7	50.04	3.56			
1519	4/13/2020 6:30	7.76	49.68	3.56			
1520	4/13/2020 7:00	7.8	49.39	3.56			
1521	4/13/2020 7:30	7.83	49.17	3.56			
1522	4/13/2020 8:00	7.91	49.21	3.56			
1523	4/13/2020 8:30	8.04	49.39	3.56			
1524	4/13/2020 9:00	8.23	49.53	3.56			
1525	4/13/2020 9:30	8.48	49.75	3.56			
1526	4/13/2020 10:00	8.88	50.25	3.56			
1527	4/13/2020 10:30	8.97	50.94	3.56			
1528	4/13/2020 11:00	9.18	51.91	3.56			
1529	4/13/2020 11:30	9.37	52.99	3.56			
1530	4/13/2020 12:00	9.59	54.39	3.57			
1531	4/13/2020 12:30	9.75	55.58	3.57			
1532	4/13/2020 13:00	9.94	56.84	3.57			
1533	4/13/2020 13:30	9.98	58.14	3.58			
1534	4/13/2020 14:00	10.21	59.32	3.58			
1535	4/13/2020 14:30	10.26	60.37	3.58			
1536	4/13/2020 15:00	10.05	61.3	3.58			
1537	4/13/2020 15:30	10	62.06	3.58			
1538	4/13/2020 16:00	9.97	62.56	3.58			
1539	4/13/2020 16:30	9.89	62.85	3.6			
1540	4/13/2020 17:00	9.83	62.82	3.6			
1541	4/13/2020 17:30	9.72	62.6	3.6			
1542	4/13/2020 18:00	9.55	62.24	3.58			
1543	4/13/2020 18:30	9.4	61.63	3.58			
1544	4/13/2020 19:00	9.21	60.91	3.58			
1545	4/13/2020 19:30	8.97	60.04	3.58			
1546	4/13/2020 20:00	8.69	59.14	3.58			
1547	4/13/2020 20:30	8.4	58.28	3.58			
1548	4/13/2020 21:00	8.17	57.42	3.58			
1549	4/13/2020 21:30	7.94	56.62	3.58			
1550	4/13/2020 22:00	7.8	55.9	3.57			
1551	4/13/2020 22:30	7.65	55.22	3.57			
1552	4/13/2020 23:00	7.57	54.64	3.57			
1553	4/13/2020 23:30	7.52	54.14	3.57			
1554	4/14/2020 0:00	7.52	53.6	3.57			
1555	4/14/2020 0:30	7.54	53.06	3.57			
1556	4/14/2020 1:00	7.54	52.63	3.57			
1557	4/14/2020 1:30	7.54	52.16	3.57			
1558	4/14/2020 2:00	7.59	51.69	3.56			
1559	4/14/2020 2:30	7.62	51.3	3.56			
1560	4/14/2020 3:00	7.63	50.9	3.56			
1561	4/14/2020 3:30	7.65	50.47	3.56			
1562	4/14/2020 4:00	7.69	50	3.56			
1563	4/14/2020 4:30	7.7	49.68	3.56			
1564	4/14/2020 5:00	7.72	49.32	3.56			
1565	4/14/2020 5:30	7.71	48.88	3.56			
1566	4/14/2020 6:00	7.82	48.56	3.56			
1567	4/14/2020 6:30	7.84	48.34	3.56			
1568	4/14/2020 7:00	7.91	47.98	3.56			
1569	4/14/2020 7:30	7.98	47.62	3.54			
1570	4/14/2020 8:00	8.04	47.8	3.56			
1571	4/14/2020 8:30	8.16	48.06	3.54			
1572	4/14/2020 9:00	8.37	48.02	3.56			
1573	4/14/2020 9:30	8.62	48.38	3.56			
1574	4/14/2020 10:00	8.85	48.85	3.56			
1575	4/14/2020 10:30	9.18	49.6	3.56			
1576	4/14/2020 11:00	9.38	50.65	3.56			
1577	4/14/2020 11:30	9.62	51.84	3.56			
1578	4/14/2020 12:00	9.96	53.28	3.56			
1579	4/14/2020 12:30	10.57	54.64	3.57			
1580	4/14/2020 13:00	10.35	56.08	3.57			
1581	4/14/2020 13:30	10.38	57.42	3.57			
1582	4/14/2020 14:00	10.12	58.78	3.58			
1583	4/14/2020 14:30	10.22	59.97	3.58			
1584	4/14/2020 15:00	10.33	60.98	3.58			
1585	4/14/2020 15:30	10.16	61.92	3.58			
1586	4/14/2020 16:00	10.13	62.38	3.58			
1587	4/14/2020 16:30	10.04	62.6	3.58			
1588	4/14/2020 17:00	9.85	62.56	3.58			
1589	4/14/2020 17:30	9.78	62.31	3.6			
1590	4/14/2020 18:00	9.68	61.95	3.58			
1591	4/14/2020 18:30	9.56	61.41	3.58			
1592	4/14/2020 19:00	9.36	60.76	3.58			
1593	4/14/2020 19:30	9.14	60.01	3.58			
1594	4/14/2020 20:00	8.89	59.22	3.58			
1595	4/14/2020 20:30	8.61	58.46	3.58			
1596	4/14/2020 21:00	8.36	57.74	3.58			
1597	4/14/2020 21:30	8.1	57.2	3.58			
1598	4/14/2020 22:00	7.91	56.66	3.58			
1599	4/14/2020 22:30	7.73	56.12	3.57			
1600	4/14/2020 23:00	7.56	55.65	3.57			
1601	4/14/2020 23:30	7.4	55.18	3.57			
1602	4/15/2020 0:00	7.36	54.68	3.57			
1603	4/15/2020 0:30	7.35	54.14	3.57			
1604	4/15/2020 1:00	7.45	53.56	3.57			
1605	4/15/2020 1:30	7.57	52.99	3.57			
1606	4/15/2020 2:00	7.69	52.45	3.57			
1607	4/15/2020 2:30	7.76	52.09	3.57			
1608	4/15/2020 3:00	7.87	51.8	3.56			
1609	4/15/2020 3:30	7.93	51.51	3.56			
1610	4/15/2020 4:00	7.99	51.3	3.56			
1611	4/15/2020 4:30	8.06	51.08	3.56			
1612	4/15/2020 5:00	8.11	50.83	3.56			
1613	4/15/2020 5:30	8.13	50.58	3.56			
1614	4/15/2020 6:00	8.17	50.32	3.56			
1615	4/15/2020 6:30	8.18	50.07	3.56			
1616	4/15/2020 7:00	8.2	49.86	3.56			
1617	4/15/2020 7:30	8.27	49.75	3.56			
1618	4/15/2020 8:00	8.39	49.75	3.56			
1619	4/15/2020 8:30	8.6	49.89	3.56			
1620	4/15/2020 9:00	8.81	50.07	3.56			
1621	4/15/2020 9:30	8.99	50.5	3.56			
1622	4/15/2020 10:00	9.29	51.04	3.56			
1623	4/15/2020 10:30	9.45	51.51	3.56			
1624	4/15/2020 11:00	9.59	52.09	3.56			
1625	4/15/2020 11:30	9.68	52.63	3.56			
1626	4/15/2020 12:00	9.8	53.24	3.57			
1627	4/15/2020 12:30	9.95	54	3.57			
1628	4/15/2020 13:00	10.04	54.61	3.57			
1629	4/15/2020 13:30	10.09	55.44	3.57			
1630	4/15/2020 14:00	10.12	56.08	3.57			
1631	4/15/2020 14:30	10.1	56.41	3.57			
1632	4/15/2020 15:00	10.08	56.7	3.57			
1633	4/15/2020 15:30	9.48	58.17	3.57			
1634	4/15/2020 15:47				Logged		
1635	4/15/2020 15:47					Logged	Logged
