,DateTime
1,2/21/2020 15:30
2,2/21/2020 16:00
3,2/21/2020 16:30
4,2/21/2020 17:00
5,2/21/2020 17:30
6,2/21/2020 18:00
7,2/21/2020 18:30
8,2/21/2020 19:00
9,2/21/2020 19:30
10,2/21/2020 20:00
11,2/21/2020 20:30
12,2/21/2020 21:00
13,2/21/2020 21:30
14,2/21/2020 22:00
15,2/21/2020 22:30
16,2/21/2020 23:00
17,2/21/2020 23:30
18,2/22/2020 0:00
19,2/22/2020 0:30
20,2/22/2020 1:00
21,2/22/2020 1:30
22,2/22/2020 2:00
23,2/22/2020 2:30
24,2/22/2020 3:00
25,2/22/2020 3:30
26,2/22/2020 4:00
27,2/22/2020 4:30
28,2/22/2020 5:00
29,2/22/2020 5:30
30,2/22/2020 6:00
31,2/22/2020 6:30
32,2/22/2020 7:00
33,2/22/2020 7:30
34,2/22/2020 8:00
35,2/22/2020 8:30
36,2/22/2020 9:00
37,2/22/2020 9:30
38,2/22/2020 10:00
39,2/22/2020 10:30
40,2/22/2020 11:00
41,2/22/2020 11:30
42,2/22/2020 12:00
43,2/22/2020 12:30
44,2/22/2020 13:00
45,2/22/2020 13:30
46,2/22/2020 14:00
47,2/22/2020 14:30
48,2/22/2020 15:00
49,2/22/2020 15:30
50,2/22/2020 16:00
51,2/22/2020 16:30
52,2/22/2020 17:00
53,2/22/2020 17:30
54,2/22/2020 18:00
55,2/22/2020 18:30
56,2/22/2020 19:00
57,2/22/2020 19:30
58,2/22/2020 20:00
59,2/22/2020 20:30
60,2/22/2020 21:00
61,2/22/2020 21:30
62,2/22/2020 22:00
63,2/22/2020 22:30
64,2/22/2020 23:00
65,2/22/2020 23:30
66,2/23/2020 0:00
67,2/23/2020 0:30
68,2/23/2020 1:00
69,2/23/2020 1:30
70,2/23/2020 2:00
71,2/23/2020 2:30
72,2/23/2020 3:00
73,2/23/2020 3:30
74,2/23/2020 4:00
75,2/23/2020 4:30
76,2/23/2020 5:00
77,2/23/2020 5:30
78,2/23/2020 6:00
79,2/23/2020 6:30
80,2/23/2020 7:00
81,2/23/2020 7:30
82,2/23/2020 8:00
83,2/23/2020 8:30
84,2/23/2020 9:00
85,2/23/2020 9:30
86,2/23/2020 10:00
87,2/23/2020 10:30
88,2/23/2020 11:00
89,2/23/2020 11:30
90,2/23/2020 12:00
91,2/23/2020 12:30
92,2/23/2020 13:00
93,2/23/2020 13:30
94,2/23/2020 14:00
95,2/23/2020 14:30
96,2/23/2020 15:00
97,2/23/2020 15:30
98,2/23/2020 16:00
99,2/23/2020 16:30
100,2/23/2020 17:00
101,2/23/2020 17:00
102,2/23/2020 17:00
103,2/23/2020 18:00
104,2/23/2020 18:00
105,2/23/2020 19:00
106,2/23/2020 19:00
107,2/23/2020 20:00
108,2/23/2020 20:00
109,2/23/2020 21:00
110,2/23/2020 21:00
111,2/23/2020 22:00
112,2/23/2020 22:00
113,2/23/2020 23:00
114,2/23/2020 23:00
115,2/24/2020 0:00
116,2/24/2020 0:00
117,2/24/2020 1:00
118,2/24/2020 1:00
119,2/24/2020 2:00
120,2/24/2020 2:00
121,2/24/2020 3:00
122,2/24/2020 3:00
123,2/24/2020 4:00
124,2/24/2020 4:00
125,2/24/2020 5:00
126,2/24/2020 5:00
127,2/24/2020 6:00
128,2/24/2020 6:00
129,2/24/2020 7:00
130,2/24/2020 7:00
131,2/24/2020 8:00
132,2/24/2020 8:00
133,2/24/2020 9:00
134,2/24/2020 9:00
135,2/24/2020 10:00
136,2/24/2020 10:00
137,2/24/2020 11:00
138,2/24/2020 11:00
139,2/24/2020 12:00
140,2/24/2020 12:00
141,2/24/2020 13:00
142,2/24/2020 13:00
143,2/24/2020 14:00
144,2/24/2020 14:00
145,2/24/2020 15:00
146,2/24/2020 15:00
147,2/24/2020 16:00
148,2/24/2020 16:00
149,2/24/2020 17:00
150,2/24/2020 17:00
151,2/24/2020 18:00
152,2/24/2020 18:00
153,2/24/2020 19:00
154,2/24/2020 19:00
155,2/24/2020 20:00
156,2/24/2020 20:00
157,2/24/2020 21:00
158,2/24/2020 21:00
159,2/24/2020 22:00
160,2/24/2020 22:00
161,2/24/2020 23:00
162,2/24/2020 23:00
163,2/25/2020 0:00
164,2/25/2020 0:00
165,2/25/2020 1:00
166,2/25/2020 1:00
167,2/25/2020 2:00
168,2/25/2020 2:00
169,2/25/2020 3:00
170,2/25/2020 3:00
171,2/25/2020 4:00
172,2/25/2020 4:00
173,2/25/2020 5:00
174,2/25/2020 5:00
175,2/25/2020 6:00
176,2/25/2020 6:00
177,2/25/2020 7:00
178,2/25/2020 7:00
179,2/25/2020 8:00
180,2/25/2020 8:00
181,2/25/2020 9:00
182,2/25/2020 9:00
183,2/25/2020 10:00
184,2/25/2020 10:00
185,2/25/2020 11:00
186,2/25/2020 11:00
187,2/25/2020 12:00
188,2/25/2020 12:00
189,2/25/2020 13:00
190,2/25/2020 13:00
191,2/25/2020 14:00
192,2/25/2020 14:00
193,2/25/2020 15:00
194,2/25/2020 15:00
195,2/25/2020 16:00
196,2/25/2020 16:00
197,2/25/2020 17:00
198,2/25/2020 17:00
199,2/25/2020 18:00
200,2/25/2020 18:00
201,2/25/2020 19:00
202,2/25/2020 19:00
203,2/25/2020 20:00
204,2/25/2020 20:00
205,2/25/2020 21:00
206,2/25/2020 21:00
207,2/25/2020 22:00
208,2/25/2020 22:00
209,2/25/2020 23:00
210,2/25/2020 23:00
211,2/26/2020 0:00
212,2/26/2020 0:00
213,2/26/2020 1:00
214,2/26/2020 1:00
215,2/26/2020 2:00
216,2/26/2020 2:00
217,2/26/2020 3:00
218,2/26/2020 3:00
219,2/26/2020 4:00
220,2/26/2020 4:00
221,2/26/2020 5:00
222,2/26/2020 5:00
223,2/26/2020 6:00
224,2/26/2020 6:00
225,2/26/2020 7:00
226,2/26/2020 7:00
227,2/26/2020 8:00
228,2/26/2020 8:00
229,2/26/2020 9:00
230,2/26/2020 9:00
231,2/26/2020 10:00
232,2/26/2020 10:00
233,2/26/2020 11:00
234,2/26/2020 11:00
235,2/26/2020 12:00
236,2/26/2020 12:00
237,2/26/2020 13:00
238,2/26/2020 13:00
239,2/26/2020 14:00
240,2/26/2020 14:00
241,2/26/2020 15:00
242,2/26/2020 15:00
243,2/26/2020 16:00
244,2/26/2020 16:00
245,2/26/2020 17:00
246,2/26/2020 17:00
247,2/26/2020 18:00
248,2/26/2020 18:00
249,2/26/2020 19:00
250,2/26/2020 19:00
251,2/26/2020 20:00
252,2/26/2020 20:00
253,2/26/2020 21:00
254,2/26/2020 21:00
255,2/26/2020 22:00
256,2/26/2020 22:00
257,2/26/2020 23:00
258,2/26/2020 23:00
259,2/27/2020 0:00
260,2/27/2020 0:00
261,2/27/2020 1:00
262,2/27/2020 1:00
263,2/27/2020 2:00
264,2/27/2020 2:00
265,2/27/2020 3:00
266,2/27/2020 3:00
267,2/27/2020 4:00
268,2/27/2020 4:00
269,2/27/2020 5:00
270,2/27/2020 5:00
271,2/27/2020 6:00
272,2/27/2020 6:00
273,2/27/2020 7:00
274,2/27/2020 7:00
275,2/27/2020 8:00
276,2/27/2020 8:00
277,2/27/2020 9:00
278,2/27/2020 9:00
279,2/27/2020 10:00
280,2/27/2020 10:00
281,2/27/2020 11:00
282,2/27/2020 11:00
283,2/27/2020 12:00
284,2/27/2020 12:00
285,2/27/2020 13:00
286,2/27/2020 13:00
287,2/27/2020 14:00
288,2/27/2020 14:00
289,2/27/2020 15:00
290,2/27/2020 15:00
291,2/27/2020 16:00
292,2/27/2020 16:00
293,2/27/2020 17:00
294,2/27/2020 17:00
295,2/27/2020 18:00
296,2/27/2020 18:00
297,2/27/2020 19:00
298,2/27/2020 19:00
299,2/27/2020 20:00
300,2/27/2020 20:00
301,2/27/2020 21:00
302,2/27/2020 21:00
303,2/27/2020 22:00
304,2/27/2020 22:00
305,2/27/2020 23:00
306,2/27/2020 23:00
307,2/28/2020 0:00
308,2/28/2020 0:00
309,2/28/2020 1:00
310,2/28/2020 1:00
311,2/28/2020 2:00
312,2/28/2020 2:00
313,2/28/2020 3:00
314,2/28/2020 3:00
315,2/28/2020 4:00
316,2/28/2020 4:00
317,2/28/2020 5:00
318,2/28/2020 5:00
319,2/28/2020 6:00
320,2/28/2020 6:00
321,2/28/2020 7:00
322,2/28/2020 7:00
323,2/28/2020 8:00
324,2/28/2020 8:00
325,2/28/2020 9:00
326,2/28/2020 9:00
327,2/28/2020 10:00
328,2/28/2020 10:00
329,2/28/2020 11:00
330,2/28/2020 11:00
331,2/28/2020 12:00
332,2/28/2020 12:00
333,2/28/2020 13:00
334,2/28/2020 13:00
335,2/28/2020 14:00
336,2/28/2020 14:00
337,2/28/2020 15:00
338,2/28/2020 15:00
339,2/28/2020 16:00
340,2/28/2020 16:00
341,2/28/2020 17:00
342,2/28/2020 17:00
343,2/28/2020 18:00
344,2/28/2020 18:00
345,2/28/2020 19:00
346,2/28/2020 19:00
347,2/28/2020 20:00
348,2/28/2020 20:00
349,2/28/2020 21:00
350,2/28/2020 21:00
351,2/28/2020 22:00
352,2/28/2020 22:00
353,2/28/2020 23:00
354,2/28/2020 23:00
355,2/00/2020  12:00:58 AM
356,2/00/2020  12:00:58 AM
357,2/00/2020  1:00:58 AM
358,2/00/2020  1:00:58 AM
359,2/00/2020  2:00:58 AM
360,2/00/2020  2:00:58 AM
361,2/00/2020  3:00:58 AM
362,2/00/2020  3:00:58 AM
363,2/00/2020  4:00:58 AM
364,2/00/2020  4:00:58 AM
365,2/00/2020  5:00:58 AM
366,2/00/2020  5:00:58 AM
367,2/00/2020  6:00:58 AM
368,2/00/2020  6:00:58 AM
369,2/00/2020  7:00:58 AM
370,2/00/2020  7:00:58 AM
371,2/00/2020  8:00:58 AM
372,2/00/2020  8:00:58 AM
373,2/00/2020  9:00:58 AM
374,2/00/2020  9:00:58 AM
375,2/00/2020  10:00:58 AM
376,2/00/2020  10:00:58 AM
377,2/00/2020  11:00:58 AM
378,2/00/2020  11:00:58 AM
379,2/00/2020  12:00:58 PM
380,2/00/2020  12:00:58 PM
381,2/00/2020  1:00:58 PM
382,2/00/2020  1:00:58 PM
383,2/00/2020  2:00:58 PM
384,2/00/2020  2:00:58 PM
385,2/00/2020  3:00:58 PM
386,2/00/2020  3:00:58 PM
387,2/00/2020  4:00:58 PM
388,2/00/2020  4:00:58 PM
389,2/00/2020  5:00:58 PM
390,2/00/2020  5:00:58 PM
391,2/00/2020  6:00:58 PM
392,2/00/2020  6:00:58 PM
393,2/00/2020  7:00:58 PM
394,2/00/2020  7:00:58 PM
395,2/00/2020  8:00:58 PM
396,2/00/2020  8:00:58 PM
397,2/00/2020  9:00:58 PM
398,2/00/2020  9:00:58 PM
399,2/00/2020  10:00:58 PM
400,2/00/2020  10:00:58 PM
401,2/00/2020  11:00:58 PM
402,2/00/2020  11:00:58 PM
403,3/1/2020 0:00
404,3/1/2020 0:00
405,3/1/2020 1:00
406,3/1/2020 1:00
407,3/1/2020 2:00
408,3/1/2020 2:00
409,3/1/2020 3:00
410,3/1/2020 3:00
411,3/1/2020 4:00
412,3/1/2020 4:00
413,3/1/2020 5:00
414,3/1/2020 5:00
415,3/1/2020 6:00
416,3/1/2020 6:00
417,3/1/2020 7:00
418,3/1/2020 7:00
419,3/1/2020 8:00
420,3/1/2020 8:00
421,3/1/2020 9:00
422,3/1/2020 9:00
423,3/1/2020 10:00
424,3/1/2020 10:00
425,3/1/2020 11:00
426,3/1/2020 11:00
427,3/1/2020 12:00
428,3/1/2020 12:00
429,3/1/2020 13:00
430,3/1/2020 13:00
431,3/1/2020 14:00
432,3/1/2020 14:00
433,3/1/2020 15:00
434,3/1/2020 15:00
435,3/1/2020 16:00
436,3/1/2020 16:00
437,3/1/2020 17:00
438,3/1/2020 17:00
439,3/1/2020 18:00
440,3/1/2020 18:00
441,3/1/2020 19:00
442,3/1/2020 19:00
443,3/1/2020 20:00
444,3/1/2020 20:00
445,3/1/2020 21:00
446,3/1/2020 21:00
447,3/1/2020 22:00
448,3/1/2020 22:00
449,3/1/2020 23:00
450,3/1/2020 23:00
451,3/2/2020 0:00
452,3/2/2020 0:00
453,3/2/2020 1:00
454,3/2/2020 1:00
455,3/2/2020 2:00
456,3/2/2020 2:00
457,3/2/2020 3:00
458,3/2/2020 3:00
459,3/2/2020 4:00
460,3/2/2020 4:00
461,3/2/2020 5:00
462,3/2/2020 5:00
463,3/2/2020 6:00
464,3/2/2020 6:00
465,3/2/2020 7:00
466,3/2/2020 7:00
467,3/2/2020 8:00
468,3/2/2020 8:00
469,3/2/2020 9:00
470,3/2/2020 9:00
471,3/2/2020 10:00
472,3/2/2020 10:00
473,3/2/2020 11:00
474,3/2/2020 11:00
475,3/2/2020 12:00
476,3/2/2020 12:00
477,3/2/2020 13:00
478,3/2/2020 13:00
479,3/2/2020 14:00
480,3/2/2020 14:00
481,3/2/2020 15:00
482,3/2/2020 15:00
483,3/2/2020 16:00
484,3/2/2020 16:00
485,3/2/2020 17:00
486,3/2/2020 17:00
487,3/2/2020 18:00
488,3/2/2020 18:00
489,3/2/2020 19:00
490,3/2/2020 19:00
491,3/2/2020 20:00
492,3/2/2020 20:00
493,3/2/2020 21:00
494,3/2/2020 21:00
495,3/2/2020 22:00
496,3/2/2020 22:00
497,3/2/2020 23:00
498,3/2/2020 23:00
499,3/3/2020 0:00
500,3/3/2020 0:00
501,3/3/2020 1:00
502,3/3/2020 1:00
503,3/3/2020 2:00
504,3/3/2020 2:00
505,3/3/2020 3:00
506,3/3/2020 3:00
507,3/3/2020 4:00
508,3/3/2020 4:00
509,3/3/2020 5:00
510,3/3/2020 5:00
511,3/3/2020 6:00
512,3/3/2020 6:00
513,3/3/2020 7:00
514,3/3/2020 7:00
515,3/3/2020 8:00
516,3/3/2020 8:00
517,3/3/2020 9:00
518,3/3/2020 9:00
519,3/3/2020 10:00
520,3/3/2020 10:00
521,3/3/2020 11:00
522,3/3/2020 11:00
523,3/3/2020 12:00
524,3/3/2020 12:00
525,3/3/2020 13:00
526,3/3/2020 13:00
527,3/3/2020 14:00
528,3/3/2020 14:00
529,3/3/2020 15:00
530,3/3/2020 15:00
531,3/3/2020 16:00
532,3/3/2020 16:00
533,3/3/2020 17:00
534,3/3/2020 17:00
535,3/3/2020 18:00
536,3/3/2020 18:00
537,3/3/2020 19:00
538,3/3/2020 19:00
539,3/3/2020 20:00
540,3/3/2020 20:00
541,3/3/2020 21:00
542,3/3/2020 21:00
543,3/3/2020 22:00
544,3/3/2020 22:00
545,3/3/2020 23:00
546,3/3/2020 23:00
547,3/4/2020 0:00
548,3/4/2020 0:00
549,3/4/2020 1:00
550,3/4/2020 1:00
551,3/4/2020 2:00
552,3/4/2020 2:00
553,3/4/2020 3:00
554,3/4/2020 3:00
555,3/4/2020 4:00
556,3/4/2020 4:00
557,3/4/2020 5:00
558,3/4/2020 5:00
559,3/4/2020 6:00
560,3/4/2020 6:00
561,3/4/2020 7:00
562,3/4/2020 7:00
563,3/4/2020 8:00
564,3/4/2020 8:00
565,3/4/2020 9:00
566,3/4/2020 9:00
567,3/4/2020 10:00
568,3/4/2020 10:00
569,3/4/2020 11:00
570,3/4/2020 11:00
571,3/4/2020 12:00
572,3/4/2020 12:00
573,3/4/2020 13:00
574,3/4/2020 13:00
575,3/4/2020 14:00
576,3/4/2020 14:00
577,3/4/2020 15:00
578,3/4/2020 15:00
579,3/4/2020 16:00
580,3/4/2020 16:00
581,3/4/2020 17:00
582,3/4/2020 17:00
583,3/4/2020 18:00
584,3/4/2020 18:00
585,3/4/2020 19:00
586,3/4/2020 19:00
587,3/4/2020 20:00
588,3/4/2020 20:00
589,3/4/2020 21:00
590,3/4/2020 21:00
591,3/4/2020 22:00
592,3/4/2020 22:00
593,3/4/2020 23:00
594,3/4/2020 23:00
595,3/5/2020 0:00
596,3/5/2020 0:00
597,3/5/2020 1:00
598,3/5/2020 1:00
599,3/5/2020 2:00
600,3/5/2020 2:00
601,3/5/2020 3:00
602,3/5/2020 3:00
603,3/5/2020 4:00
604,3/5/2020 4:00
605,3/5/2020 5:00
606,3/5/2020 5:00
607,3/5/2020 6:00
608,3/5/2020 6:00
609,3/5/2020 7:00
610,3/5/2020 7:00
611,3/5/2020 8:00
612,3/5/2020 8:00
613,3/5/2020 9:00
614,3/5/2020 9:00
615,3/5/2020 10:00
616,3/5/2020 10:00
617,3/5/2020 11:00
618,3/5/2020 11:00
619,3/5/2020 12:00
620,3/5/2020 12:00
621,3/5/2020 13:00
622,3/5/2020 13:00
623,3/5/2020 14:00
624,3/5/2020 14:00
625,3/5/2020 15:00
626,3/5/2020 15:00
627,3/5/2020 16:00
628,3/5/2020 16:00
629,3/5/2020 17:00
630,3/5/2020 17:00
631,3/5/2020 18:00
632,3/5/2020 18:00
633,3/5/2020 19:00
634,3/5/2020 19:00
635,3/5/2020 20:00
636,3/5/2020 20:00
637,3/5/2020 21:00
638,3/5/2020 21:00
639,3/5/2020 22:00
640,3/5/2020 22:00
641,3/5/2020 23:00
642,3/5/2020 23:00
643,3/6/2020 0:00
644,3/6/2020 0:00
645,3/6/2020 1:00
646,3/6/2020 1:00
647,3/6/2020 2:00
648,3/6/2020 2:00
649,3/6/2020 3:00
650,3/6/2020 3:00
651,3/6/2020 4:00
652,3/6/2020 4:00
653,3/6/2020 5:00
654,3/6/2020 5:00
655,3/6/2020 6:00
656,3/6/2020 6:00
657,3/6/2020 7:00
658,3/6/2020 7:00
659,3/6/2020 8:00
660,3/6/2020 8:00
661,3/6/2020 9:00
662,3/6/2020 9:00
663,3/6/2020 10:00
664,3/6/2020 10:00
665,3/6/2020 11:00
666,3/6/2020 11:00
667,3/6/2020 12:00
668,3/6/2020 12:00
669,3/6/2020 13:00
670,3/6/2020 13:00
671,3/6/2020 14:00
672,3/6/2020 14:00
673,3/6/2020 15:00
674,3/6/2020 15:00
675,3/6/2020 16:00
676,3/6/2020 16:00
677,3/6/2020 17:00
678,3/6/2020 17:00
679,3/6/2020 18:00
680,3/6/2020 18:00
681,3/6/2020 19:00
682,3/6/2020 19:00
683,3/6/2020 20:00
684,3/6/2020 20:00
685,3/6/2020 21:00
686,3/6/2020 21:00
687,3/6/2020 22:00
688,3/6/2020 22:00
689,3/6/2020 23:00
690,3/6/2020 23:00
691,3/7/2020 0:00
692,3/7/2020 0:00
693,3/7/2020 1:00
694,3/7/2020 1:00
695,3/7/2020 2:00
696,3/7/2020 2:00
697,3/7/2020 3:00
698,3/7/2020 3:00
699,3/7/2020 4:00
700,3/7/2020 4:00
701,3/7/2020 5:00
702,3/7/2020 5:00
703,3/7/2020 6:00
704,3/7/2020 6:00
705,3/7/2020 7:00
706,3/7/2020 7:00
707,3/7/2020 8:00
708,3/7/2020 8:00
709,3/7/2020 9:00
710,3/7/2020 9:00
711,3/7/2020 10:00
712,3/7/2020 10:00
713,3/7/2020 11:00
714,3/7/2020 11:00
715,3/7/2020 12:00
716,3/7/2020 12:00
717,3/7/2020 13:00
718,3/7/2020 13:00
719,3/7/2020 14:00
720,3/7/2020 14:00
721,3/7/2020 15:00
722,3/7/2020 15:00
723,3/7/2020 16:00
724,3/7/2020 16:00
725,3/7/2020 17:00
726,3/7/2020 17:00
727,3/7/2020 18:00
728,3/7/2020 18:00
729,3/7/2020 19:00
730,3/7/2020 19:00
731,3/7/2020 20:00
732,3/7/2020 20:00
733,3/7/2020 21:00
734,3/7/2020 21:00
735,3/7/2020 22:00
736,3/7/2020 22:00
737,3/7/2020 23:00
738,3/7/2020 23:00
739,3/8/2020 0:00
740,3/8/2020 0:00
741,3/8/2020 1:00
742,3/8/2020 1:00
743,3/8/2020 2:00
744,3/8/2020 2:00
745,3/8/2020 3:00
746,3/8/2020 3:00
747,3/8/2020 4:00
748,3/8/2020 4:00
749,3/8/2020 5:00
750,3/8/2020 5:00
751,3/8/2020 6:00
752,3/8/2020 6:00
753,3/8/2020 7:00
754,3/8/2020 7:00
755,3/8/2020 8:00
756,3/8/2020 8:00
757,3/8/2020 9:00
758,3/8/2020 9:00
759,3/8/2020 10:00
760,3/8/2020 10:00
761,3/8/2020 11:00
762,3/8/2020 11:00
763,3/8/2020 12:00
764,3/8/2020 12:00
765,3/8/2020 13:00
766,3/8/2020 13:00
767,3/8/2020 14:00
768,3/8/2020 14:00
769,3/8/2020 15:00
770,3/8/2020 15:00
771,3/8/2020 16:00
772,3/8/2020 16:00
773,3/8/2020 17:00
774,3/8/2020 17:00
775,3/8/2020 18:00
776,3/8/2020 18:00
777,3/8/2020 19:00
778,3/8/2020 19:00
779,3/8/2020 20:00
780,3/8/2020 20:00
781,3/8/2020 21:00
782,3/8/2020 21:00
783,3/8/2020 22:00
784,3/8/2020 22:00
785,3/8/2020 23:00
786,3/8/2020 23:00
787,3/9/2020 0:00
788,3/9/2020 0:00
789,3/9/2020 1:00
790,3/9/2020 1:00
791,3/9/2020 2:00
792,3/9/2020 2:00
793,3/9/2020 3:00
794,3/9/2020 3:00
795,3/9/2020 4:00
796,3/9/2020 4:00
797,3/9/2020 5:00
798,3/9/2020 5:00
799,3/9/2020 6:00
800,3/9/2020 6:00
801,3/9/2020 7:00
802,3/9/2020 7:00
803,3/9/2020 8:00
804,3/9/2020 8:00
805,3/9/2020 9:00
806,3/9/2020 9:00
807,3/9/2020 10:00
808,3/9/2020 10:00
809,3/9/2020 11:00
810,3/9/2020 11:00
811,3/9/2020 12:00
812,3/9/2020 12:00
813,3/9/2020 13:00
814,3/9/2020 13:00
815,3/9/2020 14:00
816,3/9/2020 14:00
817,3/9/2020 15:00
818,3/9/2020 15:00
819,3/9/2020 16:00
820,3/9/2020 16:00
821,3/9/2020 17:00
822,3/9/2020 17:00
823,3/9/2020 18:00
824,3/9/2020 18:00
825,3/9/2020 19:00
826,3/9/2020 19:00
827,3/9/2020 20:00
828,3/9/2020 20:00
829,3/9/2020 21:00
830,3/9/2020 21:00
831,3/9/2020 22:00
832,3/9/2020 22:00
833,3/9/2020 23:00
834,3/9/2020 23:00
835,3/10/2020 0:00
836,3/10/2020 0:00
837,3/10/2020 1:00
838,3/10/2020 1:00
839,3/10/2020 2:00
840,3/10/2020 2:00
841,3/10/2020 3:00
842,3/10/2020 3:00
843,3/10/2020 4:00
844,3/10/2020 4:00
845,3/10/2020 5:00
846,3/10/2020 5:00
847,3/10/2020 6:00
848,3/10/2020 6:00
849,3/10/2020 7:00
850,3/10/2020 7:00
851,3/10/2020 8:00
852,3/10/2020 8:00
853,3/10/2020 9:00
854,3/10/2020 9:00
855,3/10/2020 10:00
856,3/10/2020 10:00
857,3/10/2020 11:00
858,3/10/2020 11:00
859,3/10/2020 12:00
860,3/10/2020 12:00
861,3/10/2020 13:00
862,3/10/2020 13:00
863,3/10/2020 14:00
864,3/10/2020 14:00
865,3/10/2020 15:00
866,3/10/2020 15:00
867,3/10/2020 16:00
868,3/10/2020 16:00
869,3/10/2020 17:00
870,3/10/2020 17:00
871,3/10/2020 18:00
872,3/10/2020 18:00
873,3/10/2020 19:00
874,3/10/2020 19:00
875,3/10/2020 20:00
876,3/10/2020 20:00
877,3/10/2020 21:00
878,3/10/2020 21:00
879,3/10/2020 22:00
880,3/10/2020 22:00
881,3/10/2020 23:00
882,3/10/2020 23:00
883,3/11/2020 0:00
884,3/11/2020 0:00
885,3/11/2020 1:00
886,3/11/2020 1:00
887,3/11/2020 2:00
888,3/11/2020 2:00
889,3/11/2020 3:00
890,3/11/2020 3:00
891,3/11/2020 4:00
892,3/11/2020 4:00
893,3/11/2020 5:00
894,3/11/2020 5:00
895,3/11/2020 6:00
896,3/11/2020 6:00
897,3/11/2020 7:00
898,3/11/2020 7:00
899,3/11/2020 8:00
900,3/11/2020 8:00
901,3/11/2020 9:00
902,3/11/2020 9:00
903,3/11/2020 10:00
904,3/11/2020 10:00
905,3/11/2020 11:00
906,3/11/2020 11:00
907,3/11/2020 12:00
908,3/11/2020 12:00
909,3/11/2020 13:00
910,3/11/2020 13:00
911,3/11/2020 14:00
912,3/11/2020 14:00
913,3/11/2020 15:00
914,3/11/2020 15:00
915,3/11/2020 16:00
916,3/11/2020 16:00
917,3/11/2020 17:00
918,3/11/2020 17:00
919,3/11/2020 18:00
920,3/11/2020 18:00
921,3/11/2020 19:00
922,3/11/2020 19:00
923,3/11/2020 20:00
924,3/11/2020 20:00
925,3/11/2020 21:00
926,3/11/2020 21:00
927,3/11/2020 22:00
928,3/11/2020 22:00
929,3/11/2020 23:00
930,3/11/2020 23:00
931,3/12/2020 0:00
932,3/12/2020 0:00
933,3/12/2020 1:00
934,3/12/2020 1:00
935,3/12/2020 2:00
936,3/12/2020 2:00
937,3/12/2020 3:00
938,3/12/2020 3:00
939,3/12/2020 4:00
940,3/12/2020 4:00
941,3/12/2020 5:00
942,3/12/2020 5:00
943,3/12/2020 6:00
944,3/12/2020 6:00
945,3/12/2020 7:00
946,3/12/2020 7:00
947,3/12/2020 8:00
948,3/12/2020 8:00
949,3/12/2020 9:00
950,3/12/2020 9:00
951,3/12/2020 10:00
952,3/12/2020 10:00
953,3/12/2020 11:00
954,3/12/2020 11:00
955,3/12/2020 12:00
956,3/12/2020 12:00
957,3/12/2020 13:00
958,3/12/2020 13:00
959,3/12/2020 14:00
960,3/12/2020 14:00
