Serial_number:,,,,
2057620,,,,
Project ID:,,,,
,,,,
Location:,,,,
,,,,
LEVEL,,,,
UNIT: m,,,,
Offset: 0.000000 m,,,,
TEMPERATURE,,,,
UNIT: °C,,,,
Date,Time,ms,LEVEL(m),TEMPERATURE
1/23/2020,12:30:00 PM,0,1.0438,3.521
1/23/2020,1:00:00 PM,0,1.0352,3.584
1/23/2020,1:30:00 PM,0,1.0253,3.675
1/23/2020,2:00:00 PM,0,1.0182,3.852
1/23/2020,2:30:00 PM,0,1.0099,3.992
1/23/2020,3:00:00 PM,0,1.0037,4.104
1/23/2020,3:30:00 PM,0,0.9967,4.184
1/23/2020,4:00:00 PM,0,0.9983,4.203
1/23/2020,4:30:00 PM,0,1.0006,4.207
1/23/2020,5:00:00 PM,0,0.9958,4.209
1/23/2020,5:30:00 PM,0,0.9937,4.22
1/23/2020,6:00:00 PM,0,1.0032,4.859
1/23/2020,6:30:00 PM,0,1.001,4.241
1/23/2020,7:00:00 PM,0,0.998,4.215
1/23/2020,7:30:00 PM,0,0.9944,4.195
1/23/2020,8:00:00 PM,0,0.99,4.17
1/23/2020,8:30:00 PM,0,0.986,4.149
1/23/2020,9:00:00 PM,0,0.9781,4.129
1/23/2020,9:30:00 PM,0,0.9824,4.109
1/23/2020,10:00:00 PM,0,0.9835,4.088
1/23/2020,10:30:00 PM,0,0.9743,4.072
1/23/2020,11:00:00 PM,0,0.9739,4.054
1/23/2020,11:30:00 PM,0,0.9752,4.043
1/24/2020,12:00:00 AM,0,0.9666,4.047
1/24/2020,12:30:00 AM,0,0.9681,4.049
1/24/2020,1:00:00 AM,0,0.98,4.059
1/24/2020,1:30:00 AM,0,0.9859,4.095
1/24/2020,2:00:00 AM,0,0.9923,4.135
1/24/2020,2:30:00 AM,0,0.9992,4.16
1/24/2020,3:00:00 AM,0,1.0005,4.18
1/24/2020,3:30:00 AM,0,1.0066,4.209
1/24/2020,4:00:00 AM,0,1.0148,4.25
1/24/2020,4:30:00 AM,0,1.0218,4.329
1/24/2020,5:00:00 AM,0,1.026,4.403
1/24/2020,5:30:00 AM,0,1.0291,4.468
1/24/2020,6:00:00 AM,0,1.0368,4.513
1/24/2020,6:30:00 AM,0,1.0437,4.585
1/24/2020,7:00:00 AM,0,1.0463,4.654
1/24/2020,7:30:00 AM,0,1.05,4.693
1/24/2020,8:00:00 AM,0,1.0529,4.695
1/24/2020,8:30:00 AM,0,1.0563,4.71
1/24/2020,9:00:00 AM,0,1.0643,4.719
1/24/2020,9:30:00 AM,0,1.0727,4.719
1/24/2020,10:00:00 AM,0,1.0762,4.716
1/24/2020,10:30:00 AM,0,1.0742,4.725
1/24/2020,11:00:00 AM,0,1.0824,4.761
1/24/2020,11:30:00 AM,0,1.0816,4.839
1/24/2020,12:00:00 PM,0,1.0887,4.942
1/24/2020,12:30:00 PM,0,1.0935,5.068
1/24/2020,1:00:00 PM,0,1.0933,5.194
1/24/2020,1:30:00 PM,0,1.0899,5.33
1/24/2020,2:00:00 PM,0,1.0925,5.428
1/24/2020,2:30:00 PM,0,1.1042,5.514
1/24/2020,3:00:00 PM,0,1.0994,5.569
1/24/2020,3:30:00 PM,0,1.0899,5.644
1/24/2020,4:00:00 PM,0,1.0872,5.726
1/24/2020,4:30:00 PM,0,1.0916,5.696
1/24/2020,5:00:00 PM,0,1.0901,5.64
1/24/2020,5:30:00 PM,0,1.0909,5.581
1/24/2020,6:00:00 PM,0,1.0933,5.531
1/24/2020,6:30:00 PM,0,1.0913,5.491
1/24/2020,7:00:00 PM,0,1.0928,5.468
1/24/2020,7:30:00 PM,0,1.0989,5.467
1/24/2020,8:00:00 PM,0,1.0993,5.489
1/24/2020,8:30:00 PM,0,1.1012,5.544
1/24/2020,9:00:00 PM,0,1.107,5.626
1/24/2020,9:30:00 PM,0,1.1098,5.728
1/24/2020,10:00:00 PM,0,1.1109,5.84
1/24/2020,10:30:00 PM,0,1.1141,5.947
1/24/2020,11:00:00 PM,0,1.1162,6.058
1/24/2020,11:30:00 PM,0,1.1115,6.147
1/25/2020,12:00:00 AM,0,1.1064,6.222
1/25/2020,12:30:00 AM,0,1.1148,6.273
1/25/2020,1:00:00 AM,0,1.1131,6.3
1/25/2020,1:30:00 AM,0,1.1108,6.297
1/25/2020,2:00:00 AM,0,1.1103,6.274
1/25/2020,2:30:00 AM,0,1.1137,6.242
1/25/2020,3:00:00 AM,0,1.1102,6.207
1/25/2020,3:30:00 AM,0,1.1081,6.166
1/25/2020,4:00:00 AM,0,1.1082,6.136
1/25/2020,4:30:00 AM,0,1.1017,6.102
1/25/2020,5:00:00 AM,0,1.1004,6.061
1/25/2020,5:30:00 AM,0,1.1015,6.021
1/25/2020,6:00:00 AM,0,1.1022,5.987
1/25/2020,6:30:00 AM,0,1.0974,5.948
1/25/2020,7:00:00 AM,0,1.0878,5.905
1/25/2020,7:30:00 AM,0,1.0951,5.863
1/25/2020,8:00:00 AM,0,1.0993,5.822
1/25/2020,8:30:00 AM,0,1.1031,5.774
1/25/2020,9:00:00 AM,0,1.1062,5.732
1/25/2020,9:30:00 AM,0,1.0989,5.701
1/25/2020,10:00:00 AM,0,1.1028,5.682
1/25/2020,10:30:00 AM,0,1.1034,5.682
1/25/2020,11:00:00 AM,0,1.1034,5.68
1/25/2020,11:30:00 AM,0,1.1016,5.697
1/25/2020,12:00:00 PM,0,1.1057,5.72
1/25/2020,12:30:00 PM,0,1.1039,5.732
1/25/2020,1:00:00 PM,0,1.1041,5.764
1/25/2020,1:30:00 PM,0,1.1101,5.803
1/25/2020,2:00:00 PM,0,1.108,5.807
1/25/2020,2:30:00 PM,0,1.1068,5.859
1/25/2020,3:00:00 PM,0,1.1085,5.935
1/25/2020,3:30:00 PM,0,1.1044,6.007
1/25/2020,4:00:00 PM,0,1.103,6.03
1/25/2020,4:30:00 PM,0,1.1022,6.027
1/25/2020,5:00:00 PM,0,1.1058,6.048
1/25/2020,5:30:00 PM,0,1.1036,6.063
1/25/2020,6:00:00 PM,0,1.097,6.064
1/25/2020,6:30:00 PM,0,1.1032,6.054
1/25/2020,7:00:00 PM,0,1.102,6.051
1/25/2020,7:30:00 PM,0,1.1061,6.053
1/25/2020,8:00:00 PM,0,1.103,6.056
1/25/2020,8:30:00 PM,0,1.1054,6.071
1/25/2020,9:00:00 PM,0,1.1083,6.096
1/25/2020,9:30:00 PM,0,1.1155,6.122
1/25/2020,10:00:00 PM,0,1.1124,6.155
1/25/2020,10:30:00 PM,0,1.1125,6.19
1/25/2020,11:00:00 PM,0,1.1103,6.236
1/25/2020,11:30:00 PM,0,1.1084,6.282
1/26/2020,12:00:00 AM,0,1.1107,6.316
1/26/2020,12:30:00 AM,0,1.1159,6.353
1/26/2020,1:00:00 AM,0,1.126,6.378
1/26/2020,1:30:00 AM,0,1.1314,6.386
1/26/2020,2:00:00 AM,0,1.1392,6.383
1/26/2020,2:30:00 AM,0,1.1412,6.37
1/26/2020,3:00:00 AM,0,1.1451,6.355
1/26/2020,3:30:00 AM,0,1.1529,6.331
1/26/2020,4:00:00 AM,0,1.1649,6.313
1/26/2020,4:30:00 AM,0,1.1775,6.303
1/26/2020,5:00:00 AM,0,1.1845,6.294
1/26/2020,5:30:00 AM,0,1.192,6.271
1/26/2020,6:00:00 AM,0,1.2022,6.242
1/26/2020,6:30:00 AM,0,1.1998,6.212
1/26/2020,7:00:00 AM,0,1.2065,6.178
1/26/2020,7:30:00 AM,0,1.2175,6.136
1/26/2020,8:00:00 AM,0,1.2209,6.086
1/26/2020,8:30:00 AM,0,1.2268,6.023
1/26/2020,9:00:00 AM,0,1.2384,5.969
1/26/2020,9:30:00 AM,0,1.2373,5.922
1/26/2020,10:00:00 AM,0,1.2584,5.885
1/26/2020,10:30:00 AM,0,1.274,5.843
1/26/2020,11:00:00 AM,0,1.2881,5.868
1/26/2020,11:30:00 AM,0,1.307,5.881
1/26/2020,12:00:00 PM,0,1.3261,5.942
1/26/2020,12:30:00 PM,0,1.3538,5.921
1/26/2020,1:00:00 PM,0,1.3513,5.878
1/26/2020,1:30:00 PM,0,1.3563,5.981
1/26/2020,2:00:00 PM,0,1.363,6.092
1/26/2020,2:30:00 PM,0,1.3658,6.226
1/26/2020,3:00:00 PM,0,1.3588,6.31
1/26/2020,3:30:00 PM,0,1.3649,6.348
1/26/2020,4:00:00 PM,0,1.3647,6.42
1/26/2020,4:30:00 PM,0,1.3623,6.511
1/26/2020,5:00:00 PM,0,1.3402,6.544
1/26/2020,5:30:00 PM,0,1.336,6.526
1/26/2020,6:00:00 PM,0,1.3323,6.507
1/26/2020,6:30:00 PM,0,1.3377,6.484
1/26/2020,7:00:00 PM,0,1.3365,6.488
1/26/2020,7:30:00 PM,0,1.3371,6.503
1/26/2020,8:00:00 PM,0,1.3404,6.51
1/26/2020,8:30:00 PM,0,1.3423,6.505
1/26/2020,9:00:00 PM,0,1.3409,6.508
1/26/2020,9:30:00 PM,0,1.3282,6.508
1/26/2020,10:00:00 PM,0,1.3293,6.476
1/26/2020,10:30:00 PM,0,1.3188,6.414
1/26/2020,11:00:00 PM,0,1.3175,6.344
1/26/2020,11:30:00 PM,0,1.3139,6.26
1/27/2020,12:00:00 AM,0,1.3045,6.162
1/27/2020,12:30:00 AM,0,1.3091,6.057
1/27/2020,1:00:00 AM,0,1.2988,5.953
1/27/2020,1:30:00 AM,0,1.2873,5.851
1/27/2020,2:00:00 AM,0,1.2881,5.738
1/27/2020,2:30:00 AM,0,1.287,5.628
1/27/2020,3:00:00 AM,0,1.2817,5.526
1/27/2020,3:30:00 AM,0,1.2798,5.425
1/27/2020,4:00:00 AM,0,1.2807,5.332
1/27/2020,4:30:00 AM,0,1.2808,5.236
1/27/2020,5:00:00 AM,0,1.2652,5.139
1/27/2020,5:30:00 AM,0,1.2542,5.049
1/27/2020,6:00:00 AM,0,1.2507,4.97
1/27/2020,6:30:00 AM,0,1.2507,4.911
1/27/2020,7:00:00 AM,0,1.2558,4.857
1/27/2020,7:30:00 AM,0,1.2396,4.805
1/27/2020,8:00:00 AM,0,1.2408,4.761
1/27/2020,8:30:00 AM,0,1.2281,4.704
1/27/2020,9:00:00 AM,0,1.2303,4.659
1/27/2020,9:30:00 AM,0,1.2167,4.618
1/27/2020,10:00:00 AM,0,1.2089,4.608
1/27/2020,10:30:00 AM,0,1.2048,4.614
1/27/2020,11:00:00 AM,0,1.1996,4.643
1/27/2020,11:30:00 AM,0,1.1998,4.674
1/27/2020,12:00:00 PM,0,1.1936,4.708
1/27/2020,12:30:00 PM,0,1.1927,4.775
1/27/2020,1:00:00 PM,0,1.1935,4.833
1/27/2020,1:30:00 PM,0,1.1947,4.956
1/27/2020,2:00:00 PM,0,1.1867,5.136
1/27/2020,2:30:00 PM,0,1.1745,5.26
1/27/2020,3:00:00 PM,0,1.1699,5.303
1/27/2020,3:30:00 PM,0,1.1612,5.332
1/27/2020,4:00:00 PM,0,1.1535,5.402
1/27/2020,4:30:00 PM,0,1.1409,5.459
1/27/2020,5:00:00 PM,0,1.1355,5.488
1/27/2020,5:30:00 PM,0,1.1319,5.502
1/27/2020,6:00:00 PM,0,1.1243,5.516
1/27/2020,6:30:00 PM,0,1.1197,5.524
1/27/2020,7:00:00 PM,0,1.113,5.536
1/27/2020,7:30:00 PM,0,1.1078,5.565
1/27/2020,8:00:00 PM,0,1.1098,5.599
1/27/2020,8:30:00 PM,0,1.1063,5.636
1/27/2020,9:00:00 PM,0,1.1094,5.666
1/27/2020,9:30:00 PM,0,1.1079,5.701
1/27/2020,10:00:00 PM,0,1.1117,5.736
1/27/2020,10:30:00 PM,0,1.1143,5.766
1/27/2020,11:00:00 PM,0,1.1008,5.784
1/27/2020,11:30:00 PM,0,1.0922,5.774
1/28/2020,12:00:00 AM,0,1.0952,5.766
1/28/2020,12:30:00 AM,0,1.0941,5.742
1/28/2020,1:00:00 AM,0,1.0936,5.728
1/28/2020,1:30:00 AM,0,1.0793,5.728
1/28/2020,2:00:00 AM,0,1.07,5.721
1/28/2020,2:30:00 AM,0,1.0676,5.719
1/28/2020,3:00:00 AM,0,1.0742,5.72
1/28/2020,3:30:00 AM,0,1.0798,5.722
1/28/2020,4:00:00 AM,0,1.0701,5.724
1/28/2020,4:30:00 AM,0,1.0676,5.719
1/28/2020,5:00:00 AM,0,1.0666,5.699
1/28/2020,5:30:00 AM,0,1.0656,5.669
1/28/2020,6:00:00 AM,0,1.0633,5.612
1/28/2020,6:30:00 AM,0,1.0494,5.538
1/28/2020,7:00:00 AM,0,1.049,5.497
1/28/2020,7:30:00 AM,0,1.0538,5.48
1/28/2020,8:00:00 AM,0,1.0566,5.447
1/28/2020,8:30:00 AM,0,1.0585,5.379
1/28/2020,9:00:00 AM,0,1.0578,5.311
1/28/2020,9:30:00 AM,0,1.0591,5.271
1/28/2020,10:00:00 AM,0,1.0565,5.275
1/28/2020,10:30:00 AM,0,1.0507,5.343
1/28/2020,11:00:00 AM,0,1.0514,5.398
1/28/2020,11:30:00 AM,0,1.059,5.466
1/28/2020,12:00:00 PM,0,1.063,5.536
1/28/2020,12:30:00 PM,0,1.062,5.622
1/28/2020,1:00:00 PM,0,1.0617,5.803
1/28/2020,1:30:00 PM,0,1.0594,5.863
1/28/2020,2:00:00 PM,0,1.0611,5.946
1/28/2020,2:30:00 PM,0,1.0549,6.205
1/28/2020,3:00:00 PM,0,1.0544,6.436
1/28/2020,3:30:00 PM,0,1.0509,6.565
1/28/2020,4:00:00 PM,0,1.0466,6.639
1/28/2020,4:30:00 PM,0,1.0472,6.689
1/28/2020,5:00:00 PM,0,1.0452,6.671
1/28/2020,5:30:00 PM,0,1.0402,6.587
1/28/2020,6:00:00 PM,0,1.0387,6.501
1/28/2020,6:30:00 PM,0,1.0373,6.403
1/28/2020,7:00:00 PM,0,1.0346,6.324
1/28/2020,7:30:00 PM,0,1.0303,6.284
1/28/2020,8:00:00 PM,0,1.0294,6.256
1/28/2020,8:30:00 PM,0,1.0238,6.234
1/28/2020,9:00:00 PM,0,1.0232,6.221
1/28/2020,9:30:00 PM,0,1.0281,6.223
1/28/2020,10:00:00 PM,0,1.0243,6.23
1/28/2020,10:30:00 PM,0,1.0303,6.206
1/28/2020,11:00:00 PM,0,1.027,6.161
1/28/2020,11:30:00 PM,0,1.0229,6.095
1/29/2020,12:00:00 AM,0,1.0199,5.999
1/29/2020,12:30:00 AM,0,1.0195,5.88
1/29/2020,1:00:00 AM,0,1.0174,5.747
1/29/2020,1:30:00 AM,0,1.014,5.594
1/29/2020,2:00:00 AM,0,1.0137,5.447
1/29/2020,2:30:00 AM,0,1.0121,5.311
1/29/2020,3:00:00 AM,0,1.0116,5.186
1/29/2020,3:30:00 AM,0,1.0085,5.095
1/29/2020,4:00:00 AM,0,1.0057,5.011
1/29/2020,4:30:00 AM,0,1.0091,4.926
1/29/2020,5:00:00 AM,0,0.9994,4.852
1/29/2020,5:30:00 AM,0,0.9978,4.764
1/29/2020,6:00:00 AM,0,1.0031,4.679
1/29/2020,6:30:00 AM,0,1.002,4.619
1/29/2020,7:00:00 AM,0,0.9924,4.556
1/29/2020,7:30:00 AM,0,0.9908,4.483
1/29/2020,8:00:00 AM,0,1.0013,4.398
1/29/2020,8:30:00 AM,0,0.9992,4.329
1/29/2020,9:00:00 AM,0,0.9887,4.261
1/29/2020,9:30:00 AM,0,1.0009,4.209
1/29/2020,10:00:00 AM,0,0.9964,4.186
1/29/2020,10:30:00 AM,0,0.9992,4.184
1/29/2020,11:00:00 AM,0,1.0009,4.196
1/29/2020,11:30:00 AM,0,0.9998,4.222
1/29/2020,12:00:00 PM,0,0.9911,4.279
1/29/2020,12:30:00 PM,0,0.9993,4.363
1/29/2020,1:00:00 PM,0,0.9946,4.431
1/29/2020,1:30:00 PM,0,0.9935,4.513
1/29/2020,2:00:00 PM,0,0.9872,4.681
1/29/2020,2:30:00 PM,0,0.9797,4.788
1/29/2020,3:00:00 PM,0,0.9777,4.846
1/29/2020,3:30:00 PM,0,0.9773,4.864
1/29/2020,4:00:00 PM,0,0.9742,4.861
1/29/2020,4:30:00 PM,0,0.9765,4.85
1/29/2020,5:00:00 PM,0,0.9715,4.852
1/29/2020,5:30:00 PM,0,0.9666,4.836
1/29/2020,6:00:00 PM,0,0.9613,4.807
1/29/2020,6:30:00 PM,0,0.9582,4.779
1/29/2020,7:00:00 PM,0,0.962,4.76
1/29/2020,7:30:00 PM,0,0.9611,4.77
1/29/2020,8:00:00 PM,0,0.9598,4.793
1/29/2020,8:30:00 PM,0,0.9592,4.824
1/29/2020,9:00:00 PM,0,0.9521,4.865
1/29/2020,9:30:00 PM,0,0.9493,4.911
1/29/2020,10:00:00 PM,0,0.948,4.971
1/29/2020,10:30:00 PM,0,0.9463,5.036
1/29/2020,11:00:00 PM,0,0.9471,5.097
1/29/2020,11:30:00 PM,0,0.9428,5.149
1/30/2020,12:00:00 AM,0,0.9409,5.191
1/30/2020,12:30:00 AM,0,0.9422,5.226
1/30/2020,1:00:00 AM,0,0.9403,5.253
1/30/2020,1:30:00 AM,0,0.9402,5.27
1/30/2020,2:00:00 AM,0,0.9354,5.279
1/30/2020,2:30:00 AM,0,0.9343,5.281
1/30/2020,3:00:00 AM,0,0.9344,5.28
1/30/2020,3:30:00 AM,0,0.9321,5.279
1/30/2020,4:00:00 AM,0,0.9252,5.279
1/30/2020,4:30:00 AM,0,0.9202,5.276
1/30/2020,5:00:00 AM,0,0.9155,5.268
1/30/2020,5:30:00 AM,0,0.9186,5.258
1/30/2020,6:00:00 AM,0,0.9186,5.259
1/30/2020,6:30:00 AM,0,0.9096,5.265
1/30/2020,7:00:00 AM,0,0.9071,5.27
1/30/2020,7:30:00 AM,0,0.9048,5.274
1/30/2020,8:00:00 AM,0,0.9078,5.277
1/30/2020,8:30:00 AM,0,0.9091,5.282
1/30/2020,9:00:00 AM,0,0.9146,5.291
1/30/2020,9:30:00 AM,0,0.9059,5.312
1/30/2020,10:00:00 AM,0,0.9021,5.364
1/30/2020,10:30:00 AM,0,0.8994,5.409
1/30/2020,11:00:00 AM,0,0.9054,5.447
1/30/2020,11:30:00 AM,0,0.9143,5.537
1/30/2020,12:00:00 PM,0,0.9145,5.649
1/30/2020,12:30:00 PM,0,0.9106,5.755
1/30/2020,1:00:00 PM,0,0.914,5.867
1/30/2020,1:30:00 PM,0,0.9106,6.016
1/30/2020,2:00:00 PM,0,0.9104,6.18
1/30/2020,2:30:00 PM,0,0.9099,6.319
1/30/2020,3:00:00 PM,0,0.899,6.475
1/30/2020,3:30:00 PM,0,0.8963,6.649
1/30/2020,4:00:00 PM,0,0.9018,6.752
1/30/2020,4:30:00 PM,0,0.9005,6.756
1/30/2020,5:00:00 PM,0,0.8965,6.729
1/30/2020,5:30:00 PM,0,0.8943,6.67
1/30/2020,6:00:00 PM,0,0.8938,6.615
1/30/2020,6:30:00 PM,0,0.8975,6.556
1/30/2020,7:00:00 PM,0,0.8987,6.474
1/30/2020,7:30:00 PM,0,0.9005,6.382
1/30/2020,8:00:00 PM,0,0.9053,6.299
1/30/2020,8:30:00 PM,0,0.905,6.244
1/30/2020,9:00:00 PM,0,0.9031,6.214
1/30/2020,9:30:00 PM,0,0.9159,6.194
1/30/2020,10:00:00 PM,0,0.9167,6.174
1/30/2020,10:30:00 PM,0,0.9133,6.17
1/30/2020,11:00:00 PM,0,0.9117,6.167
1/30/2020,11:30:00 PM,0,0.915,6.163
1/31/2020,12:00:00 AM,0,0.919,6.16
1/31/2020,12:30:00 AM,0,0.9199,6.159
1/31/2020,1:00:00 AM,0,0.918,6.145
1/31/2020,1:30:00 AM,0,0.9193,6.113
1/31/2020,2:00:00 AM,0,0.9139,6.05
1/31/2020,2:30:00 AM,0,0.9141,5.975
1/31/2020,3:00:00 AM,0,0.9193,5.896
1/31/2020,3:30:00 AM,0,0.9174,5.813
1/31/2020,4:00:00 AM,0,0.9152,5.728
1/31/2020,4:30:00 AM,0,0.914,5.652
1/31/2020,5:00:00 AM,0,0.9152,5.579
1/31/2020,5:30:00 AM,0,0.9221,5.518
1/31/2020,6:00:00 AM,0,0.9225,5.459
1/31/2020,6:30:00 AM,0,0.9274,5.398
1/31/2020,7:00:00 AM,0,0.9237,5.34
1/31/2020,7:30:00 AM,0,0.9288,5.285
1/31/2020,8:00:00 AM,0,0.9324,5.23
1/31/2020,8:30:00 AM,0,0.9373,5.168
1/31/2020,9:00:00 AM,0,0.9351,5.112
1/31/2020,9:30:00 AM,0,0.9368,5.069
1/31/2020,10:00:00 AM,0,0.9371,5.036
1/31/2020,10:30:00 AM,0,0.9413,5.025
1/31/2020,11:00:00 AM,0,0.9436,5.023
1/31/2020,11:30:00 AM,0,0.9427,5.022
1/31/2020,12:00:00 PM,0,0.9408,5.039
1/31/2020,12:30:00 PM,0,0.944,5.073
1/31/2020,1:00:00 PM,0,0.9434,5.096
1/31/2020,1:30:00 PM,0,0.943,5.116
1/31/2020,2:00:00 PM,0,0.9395,5.128
1/31/2020,2:30:00 PM,0,0.9373,5.138
1/31/2020,3:00:00 PM,0,0.9313,5.157
1/31/2020,3:30:00 PM,0,0.9274,5.185
1/31/2020,4:00:00 PM,0,0.9263,5.224
1/31/2020,4:30:00 PM,0,0.9286,5.245
1/31/2020,5:00:00 PM,0,0.9247,5.225
1/31/2020,5:30:00 PM,0,0.9199,5.206
1/31/2020,6:00:00 PM,0,0.9212,5.194
1/31/2020,6:30:00 PM,0,0.9199,5.176
1/31/2020,7:00:00 PM,0,0.919,5.155
1/31/2020,7:30:00 PM,0,0.9152,5.138
1/31/2020,8:00:00 PM,0,0.9186,5.131
1/31/2020,8:30:00 PM,0,0.9166,5.127
1/31/2020,9:00:00 PM,0,0.9153,5.126
1/31/2020,9:30:00 PM,0,0.9117,5.131
1/31/2020,10:00:00 PM,0,0.9143,5.145
1/31/2020,10:30:00 PM,0,0.9145,5.165
1/31/2020,11:00:00 PM,0,0.9136,5.187
1/31/2020,11:30:00 PM,0,0.911,5.209
2/1/2020,12:00:00 AM,0,0.9106,5.229
2/1/2020,12:30:00 AM,0,0.9114,5.246
2/1/2020,1:00:00 AM,0,0.9061,5.259
2/1/2020,1:30:00 AM,0,0.9081,5.263
2/1/2020,2:00:00 AM,0,0.9067,5.262
2/1/2020,2:30:00 AM,0,0.8986,5.26
2/1/2020,3:00:00 AM,0,0.9012,5.255
2/1/2020,3:30:00 AM,0,0.8986,5.248
2/1/2020,4:00:00 AM,0,0.8961,5.239
2/1/2020,4:30:00 AM,0,0.9011,5.224
2/1/2020,5:00:00 AM,0,0.8992,5.205
2/1/2020,5:30:00 AM,0,0.902,5.188
2/1/2020,6:00:00 AM,0,0.9,5.171
2/1/2020,6:30:00 AM,0,0.9002,5.155
2/1/2020,7:00:00 AM,0,0.902,5.135
2/1/2020,7:30:00 AM,0,0.9045,5.114
2/1/2020,8:00:00 AM,0,0.9045,5.094
2/1/2020,8:30:00 AM,0,0.9043,5.075
2/1/2020,9:00:00 AM,0,0.9066,5.057
2/1/2020,9:30:00 AM,0,0.9112,5.045
2/1/2020,10:00:00 AM,0,0.9178,5.045
2/1/2020,10:30:00 AM,0,0.9212,5.051
2/1/2020,11:00:00 AM,0,0.926,5.054
2/1/2020,11:30:00 AM,0,0.9273,5.061
2/1/2020,12:00:00 PM,0,0.928,5.089
2/1/2020,12:30:00 PM,0,0.9261,5.125
2/1/2020,1:00:00 PM,0,0.9271,5.166
2/1/2020,1:30:00 PM,0,0.9294,5.198
2/1/2020,2:00:00 PM,0,0.9278,5.245
2/1/2020,2:30:00 PM,0,0.928,5.297
2/1/2020,3:00:00 PM,0,0.924,5.366
2/1/2020,3:30:00 PM,0,0.9201,5.457
2/1/2020,4:00:00 PM,0,0.9223,5.524
2/1/2020,4:30:00 PM,0,0.9196,5.559
2/1/2020,5:00:00 PM,0,0.9175,5.565
2/1/2020,5:30:00 PM,0,0.9166,5.553
2/1/2020,6:00:00 PM,0,0.915,5.511
2/1/2020,6:30:00 PM,0,0.9117,5.456
2/1/2020,7:00:00 PM,0,0.9072,5.408
2/1/2020,7:30:00 PM,0,0.9057,5.366
2/1/2020,8:00:00 PM,0,0.9072,5.333
2/1/2020,8:30:00 PM,0,0.9078,5.302
2/1/2020,9:00:00 PM,0,0.9043,5.279
2/1/2020,9:30:00 PM,0,0.9019,5.262
2/1/2020,10:00:00 PM,0,0.8994,5.255
2/1/2020,10:30:00 PM,0,0.8976,5.258
2/1/2020,11:00:00 PM,0,0.899,5.271
2/1/2020,11:30:00 PM,0,0.9007,5.288
2/2/2020,12:00:00 AM,0,0.8982,5.304
2/2/2020,12:30:00 AM,0,0.8983,5.308
2/2/2020,1:00:00 AM,0,0.8972,5.31
2/2/2020,1:30:00 AM,0,0.8965,5.313
2/2/2020,2:00:00 AM,0,0.8966,5.304
2/2/2020,2:30:00 AM,0,0.8896,5.294
2/2/2020,3:00:00 AM,0,0.8932,5.276
2/2/2020,3:30:00 AM,0,0.8915,5.245
2/2/2020,4:00:00 AM,0,0.8919,5.202
2/2/2020,4:30:00 AM,0,0.8926,5.148
2/2/2020,5:00:00 AM,0,0.8935,5.083
2/2/2020,5:30:00 AM,0,0.8979,5.016
2/2/2020,6:00:00 AM,0,0.8956,4.958
2/2/2020,6:30:00 AM,0,0.9033,4.881
2/2/2020,7:00:00 AM,0,0.9062,4.809
2/2/2020,7:30:00 AM,0,0.9056,4.737
2/2/2020,8:00:00 AM,0,0.9022,4.675
2/2/2020,8:30:00 AM,0,0.9004,4.625
2/2/2020,9:00:00 AM,0,0.901,4.567
2/2/2020,9:30:00 AM,0,0.9014,4.51
2/2/2020,10:00:00 AM,0,0.9067,4.463
2/2/2020,10:30:00 AM,0,0.9056,4.437
2/2/2020,11:00:00 AM,0,0.9115,4.446
2/2/2020,11:30:00 AM,0,0.916,4.518
2/2/2020,12:00:00 PM,0,0.9159,4.663
2/2/2020,12:30:00 PM,0,0.9157,4.808
2/2/2020,1:00:00 PM,0,0.9131,4.969
2/2/2020,1:30:00 PM,0,0.9108,5.104
2/2/2020,2:00:00 PM,0,0.9128,5.248
2/2/2020,2:30:00 PM,0,0.9118,5.416
2/2/2020,3:00:00 PM,0,0.9096,5.515
2/2/2020,3:30:00 PM,0,0.9091,5.568
2/2/2020,4:00:00 PM,0,0.9133,5.566
2/2/2020,4:30:00 PM,0,0.9171,5.449
2/2/2020,5:00:00 PM,0,0.9224,5.252
2/2/2020,5:30:00 PM,0,0.927,5.073
2/2/2020,6:00:00 PM,0,0.9307,4.892
2/2/2020,6:30:00 PM,0,0.9353,4.682
2/2/2020,7:00:00 PM,0,0.9356,4.497
2/2/2020,7:30:00 PM,0,0.9355,4.364
2/2/2020,8:00:00 PM,0,0.9359,4.276
2/2/2020,8:30:00 PM,0,0.935,4.231
2/2/2020,9:00:00 PM,0,0.9338,4.219
2/2/2020,9:30:00 PM,0,0.9333,4.21
2/2/2020,10:00:00 PM,0,0.9345,4.191
2/2/2020,10:30:00 PM,0,0.929,4.186
2/2/2020,11:00:00 PM,0,0.9309,4.186
2/2/2020,11:30:00 PM,0,0.9301,4.187
2/3/2020,12:00:00 AM,0,0.9269,4.172
2/3/2020,12:30:00 AM,0,0.9206,4.143
2/3/2020,1:00:00 AM,0,0.9216,4.101
2/3/2020,1:30:00 AM,0,0.9167,4.014
2/3/2020,2:00:00 AM,0,0.9119,3.907
2/3/2020,2:30:00 AM,0,0.9088,3.817
2/3/2020,3:00:00 AM,0,0.9129,3.723
2/3/2020,3:30:00 AM,0,0.9124,3.623
2/3/2020,4:00:00 AM,0,0.9097,3.511
2/3/2020,4:30:00 AM,0,0.9085,3.41
2/3/2020,5:00:00 AM,0,0.9064,3.309
2/3/2020,5:30:00 AM,0,0.904,3.195
2/3/2020,6:00:00 AM,0,0.9002,3.056
2/3/2020,6:30:00 AM,0,0.8952,2.907
2/3/2020,7:00:00 AM,0,0.8947,2.768
2/3/2020,7:30:00 AM,0,0.8958,2.638
2/3/2020,8:00:00 AM,0,0.8889,2.523
2/3/2020,8:30:00 AM,0,0.8941,2.418
2/3/2020,9:00:00 AM,0,0.8968,2.336
2/3/2020,9:30:00 AM,0,0.8955,2.276
2/3/2020,10:00:00 AM,0,0.8912,2.271
2/3/2020,10:30:00 AM,0,0.8937,2.319
2/3/2020,11:00:00 AM,0,0.8925,2.357
2/3/2020,11:30:00 AM,0,0.89,2.441
2/3/2020,12:00:00 PM,0,0.8885,2.559
2/3/2020,12:30:00 PM,0,0.887,2.647
2/3/2020,1:00:00 PM,0,0.8823,2.704
2/3/2020,1:30:00 PM,0,0.8774,2.809
2/3/2020,2:00:00 PM,0,0.8765,2.874
2/3/2020,2:30:00 PM,0,0.8747,2.82
2/3/2020,3:00:00 PM,0,0.8668,2.92
2/3/2020,3:30:00 PM,0,0.8695,2.943
2/3/2020,4:00:00 PM,0,0.8691,2.889
2/3/2020,4:30:00 PM,0,0.8637,2.772
2/3/2020,5:00:00 PM,0,0.8605,2.693
2/3/2020,5:30:00 PM,0,0.8573,2.716
2/3/2020,6:00:00 PM,0,0.8521,2.72
2/3/2020,6:30:00 PM,0,0.8476,2.631
2/3/2020,7:00:00 PM,0,0.8499,2.527
2/3/2020,7:30:00 PM,0,0.8482,2.43
2/3/2020,8:00:00 PM,0,0.8473,2.352
2/3/2020,8:30:00 PM,0,0.844,2.286
2/3/2020,9:00:00 PM,0,0.8382,2.219
2/3/2020,9:30:00 PM,0,0.8339,2.16
2/3/2020,10:00:00 PM,0,0.8314,2.114
2/3/2020,10:30:00 PM,0,0.8299,2.078
2/3/2020,11:00:00 PM,0,0.8273,2.037
2/3/2020,11:30:00 PM,0,0.8232,1.997
2/4/2020,12:00:00 AM,0,0.8174,1.97
2/4/2020,12:30:00 AM,0,0.8194,1.954
2/4/2020,1:00:00 AM,0,0.8212,1.934
2/4/2020,1:30:00 AM,0,0.8168,1.903
2/4/2020,2:00:00 AM,0,0.8057,1.869
2/4/2020,2:30:00 AM,0,0.8014,1.829
2/4/2020,3:00:00 AM,0,0.8079,1.789
2/4/2020,3:30:00 AM,0,0.8088,1.74
2/4/2020,4:00:00 AM,0,0.8075,1.691
2/4/2020,4:30:00 AM,0,0.8085,1.634
2/4/2020,5:00:00 AM,0,0.8084,1.575
2/4/2020,5:30:00 AM,0,0.8126,1.505
2/4/2020,6:00:00 AM,0,0.8168,1.427
2/4/2020,6:30:00 AM,0,0.8207,1.336
2/4/2020,7:00:00 AM,0,0.8209,1.221
2/4/2020,7:30:00 AM,0,0.8224,1.104
2/4/2020,8:00:00 AM,0,0.8324,0.967
2/4/2020,8:30:00 AM,0,0.8341,0.814
2/4/2020,9:00:00 AM,0,0.8313,0.661
2/4/2020,9:30:00 AM,0,0.8332,0.545
2/4/2020,10:00:00 AM,0,0.8354,0.496
2/4/2020,10:30:00 AM,0,0.8382,0.504
2/4/2020,11:00:00 AM,0,0.8374,0.549
2/4/2020,11:30:00 AM,0,0.8336,0.63
2/4/2020,12:00:00 PM,0,0.8375,0.735
2/4/2020,12:30:00 PM,0,0.8318,0.833
2/4/2020,1:00:00 PM,0,0.8316,0.985
2/4/2020,1:30:00 PM,0,0.831,1.194
2/4/2020,2:00:00 PM,0,0.8245,1.444
2/4/2020,2:30:00 PM,0,0.8206,1.677
2/4/2020,3:00:00 PM,0,0.8193,1.8
2/4/2020,3:30:00 PM,0,0.8167,1.894
2/4/2020,4:00:00 PM,0,0.8152,1.976
2/4/2020,4:30:00 PM,0,0.8092,2.092
2/4/2020,5:00:00 PM,0,0.8057,2.206
2/4/2020,5:30:00 PM,0,0.8133,2.266
2/4/2020,6:00:00 PM,0,0.8184,2.251
2/4/2020,6:30:00 PM,0,0.8171,2.146
2/4/2020,7:00:00 PM,0,0.8243,2.074
2/4/2020,7:30:00 PM,0,0.819,2.008
2/4/2020,8:00:00 PM,0,0.8237,1.941
2/4/2020,8:30:00 PM,0,0.8178,1.851
2/4/2020,9:00:00 PM,0,0.8124,1.768
2/4/2020,9:30:00 PM,0,0.8147,1.712
2/4/2020,10:00:00 PM,0,0.8181,1.685
2/4/2020,10:30:00 PM,0,0.8147,1.671
2/4/2020,11:00:00 PM,0,0.8128,1.657
2/4/2020,11:30:00 PM,0,0.8115,1.646
2/5/2020,12:00:00 AM,0,0.8155,1.649
2/5/2020,12:30:00 AM,0,0.8155,1.651
2/5/2020,1:00:00 AM,0,0.8139,1.668
2/5/2020,1:30:00 AM,0,0.8127,1.703
2/5/2020,2:00:00 AM,0,0.812,1.737
2/5/2020,2:30:00 AM,0,0.8094,1.762
2/5/2020,3:00:00 AM,0,0.8094,1.78
2/5/2020,3:30:00 AM,0,0.8167,1.802
2/5/2020,4:00:00 AM,0,0.8213,1.815
2/5/2020,4:30:00 AM,0,0.8205,1.832
2/5/2020,5:00:00 AM,0,0.8198,1.856
2/5/2020,5:30:00 AM,0,0.82,1.875
2/5/2020,6:00:00 AM,0,0.8185,1.888
2/5/2020,6:30:00 AM,0,0.8201,1.89
2/5/2020,7:00:00 AM,0,0.8243,1.868
2/5/2020,7:30:00 AM,0,0.8281,1.844
2/5/2020,8:00:00 AM,0,0.8366,1.812
2/5/2020,8:30:00 AM,0,0.8429,1.751
2/5/2020,9:00:00 AM,0,0.8457,1.693
2/5/2020,9:30:00 AM,0,0.8543,1.672
2/5/2020,10:00:00 AM,0,0.8521,1.704
2/5/2020,10:30:00 AM,0,0.8518,1.753
2/5/2020,11:00:00 AM,0,0.8523,1.799
2/5/2020,11:30:00 AM,0,0.8607,1.842
2/5/2020,12:00:00 PM,0,0.8618,1.877
2/5/2020,12:30:00 PM,0,0.8604,1.942
2/5/2020,1:00:00 PM,0,0.8639,2.073
2/5/2020,1:30:00 PM,0,0.8616,2.265
2/5/2020,2:00:00 PM,0,0.8575,2.512
2/5/2020,2:30:00 PM,0,0.8549,2.742
2/5/2020,3:00:00 PM,0,0.8531,2.87
2/5/2020,3:30:00 PM,0,0.8486,2.974
2/5/2020,4:00:00 PM,0,0.847,3.072
2/5/2020,4:30:00 PM,0,0.8465,3.167
2/5/2020,5:00:00 PM,0,0.8441,3.248
2/5/2020,5:30:00 PM,0,0.8441,3.28
2/5/2020,6:00:00 PM,0,0.8431,3.249
2/5/2020,6:30:00 PM,0,0.8374,3.188
2/5/2020,7:00:00 PM,0,0.833,3.145
2/5/2020,7:30:00 PM,0,0.8275,3.116
2/5/2020,8:00:00 PM,0,0.8234,3.082
2/5/2020,8:30:00 PM,0,0.8175,3.05
2/5/2020,9:00:00 PM,0,0.812,3.016
2/5/2020,9:30:00 PM,0,0.8078,2.976
2/5/2020,10:00:00 PM,0,0.8041,2.954
2/5/2020,10:30:00 PM,0,0.8027,2.963
2/5/2020,11:00:00 PM,0,0.8024,2.995
2/5/2020,11:30:00 PM,0,0.7999,3.029
2/6/2020,12:00:00 AM,0,0.799,3.068
2/6/2020,12:30:00 AM,0,0.8006,3.114
2/6/2020,1:00:00 AM,0,0.7959,3.148
2/6/2020,1:30:00 AM,0,0.7918,3.154
2/6/2020,2:00:00 AM,0,0.7859,3.136
2/6/2020,2:30:00 AM,0,0.7879,3.108
2/6/2020,3:00:00 AM,0,0.795,3.088
2/6/2020,3:30:00 AM,0,0.7963,3.077
2/6/2020,4:00:00 AM,0,0.7959,3.071
2/6/2020,4:30:00 AM,0,0.7969,3.071
2/6/2020,5:00:00 AM,0,0.7985,3.077
2/6/2020,5:30:00 AM,0,0.7983,3.077
2/6/2020,6:00:00 AM,0,0.7933,3.068
2/6/2020,6:30:00 AM,0,0.7954,3.051
2/6/2020,7:00:00 AM,0,0.7986,3.029
2/6/2020,7:30:00 AM,0,0.7999,2.979
2/6/2020,8:00:00 AM,0,0.7995,2.92
2/6/2020,8:30:00 AM,0,0.7988,2.86
2/6/2020,9:00:00 AM,0,0.7974,2.803
2/6/2020,9:30:00 AM,0,0.8008,2.792
2/6/2020,10:00:00 AM,0,0.8026,2.837
2/6/2020,10:30:00 AM,0,0.8074,2.931
2/6/2020,11:00:00 AM,0,0.8073,3.091
2/6/2020,11:30:00 AM,0,0.8095,3.266
2/6/2020,12:00:00 PM,0,0.8125,3.489
2/6/2020,12:30:00 PM,0,0.8127,3.737
2/6/2020,1:00:00 PM,0,0.8129,4.018
2/6/2020,1:30:00 PM,0,0.8129,4.313
2/6/2020,2:00:00 PM,0,0.8136,4.596
2/6/2020,2:30:00 PM,0,0.8099,4.872
2/6/2020,3:00:00 PM,0,0.8018,5.1
2/6/2020,3:30:00 PM,0,0.7993,5.317
2/6/2020,4:00:00 PM,0,0.8025,5.503
2/6/2020,4:30:00 PM,0,0.803,5.626
2/6/2020,5:00:00 PM,0,0.8016,5.668
2/6/2020,5:30:00 PM,0,0.8002,5.654
2/6/2020,6:00:00 PM,0,0.7953,5.584
2/6/2020,6:30:00 PM,0,0.7919,5.472
2/6/2020,7:00:00 PM,0,0.7916,5.344
2/6/2020,7:30:00 PM,0,0.7912,5.205
2/6/2020,8:00:00 PM,0,0.7924,5.053
2/6/2020,8:30:00 PM,0,0.7929,4.912
2/6/2020,9:00:00 PM,0,0.7929,4.76
2/6/2020,9:30:00 PM,0,0.7902,4.615
2/6/2020,10:00:00 PM,0,0.789,4.469
2/6/2020,10:30:00 PM,0,0.7877,4.344
2/6/2020,11:00:00 PM,0,0.7855,4.228
2/6/2020,11:30:00 PM,0,0.7817,4.124
2/7/2020,12:00:00 AM,0,0.7822,4.038
2/7/2020,12:30:00 AM,0,0.7844,3.971
2/7/2020,1:00:00 AM,0,0.7871,3.925
2/7/2020,1:30:00 AM,0,0.7889,3.906
2/7/2020,2:00:00 AM,0,0.7855,3.899
2/7/2020,2:30:00 AM,0,0.7844,3.895
2/7/2020,3:00:00 AM,0,0.7847,3.898
2/7/2020,3:30:00 AM,0,0.7832,3.905
2/7/2020,4:00:00 AM,0,0.7816,3.912
2/7/2020,4:30:00 AM,0,0.777,3.92
2/7/2020,5:00:00 AM,0,0.7706,3.917
2/7/2020,5:30:00 AM,0,0.7658,3.902
2/7/2020,6:00:00 AM,0,0.7712,3.879
2/7/2020,6:30:00 AM,0,0.7766,3.86
2/7/2020,7:00:00 AM,0,0.7781,3.839
2/7/2020,7:30:00 AM,0,0.776,3.814
2/7/2020,8:00:00 AM,0,0.7758,3.783
2/7/2020,8:30:00 AM,0,0.7643,3.731
2/7/2020,9:00:00 AM,0,0.7598,3.681
2/7/2020,9:30:00 AM,0,0.7684,3.641
2/7/2020,10:00:00 AM,0,0.7797,3.63
2/7/2020,10:30:00 AM,0,0.7877,3.677
2/7/2020,11:00:00 AM,0,0.7938,3.763
2/7/2020,11:30:00 AM,0,0.7973,3.911
2/7/2020,12:00:00 PM,0,0.8005,4.089
2/7/2020,12:30:00 PM,0,0.8035,4.305
2/7/2020,1:00:00 PM,0,0.8075,4.529
2/7/2020,1:30:00 PM,0,0.8124,4.766
2/7/2020,2:00:00 PM,0,0.8172,4.99
2/7/2020,2:30:00 PM,0,0.8138,5.194
2/7/2020,3:00:00 PM,0,0.8102,5.379
2/7/2020,3:30:00 PM,0,0.806,5.541
2/7/2020,4:00:00 PM,0,0.8078,5.67
2/7/2020,4:30:00 PM,0,0.8047,5.74
2/7/2020,5:00:00 PM,0,0.8009,5.744
2/7/2020,5:30:00 PM,0,0.7984,5.691
2/7/2020,6:00:00 PM,0,0.7971,5.601
2/7/2020,6:30:00 PM,0,0.7936,5.468
2/7/2020,7:00:00 PM,0,0.7942,5.327
2/7/2020,7:30:00 PM,0,0.7914,5.177
2/7/2020,8:00:00 PM,0,0.7883,5.014
2/7/2020,8:30:00 PM,0,0.7905,4.851
2/7/2020,9:00:00 PM,0,0.7949,4.684
2/7/2020,9:30:00 PM,0,0.7904,4.529
2/7/2020,10:00:00 PM,0,0.7863,4.383
2/7/2020,10:30:00 PM,0,0.7848,4.244
2/7/2020,11:00:00 PM,0,0.7793,4.101
2/7/2020,11:30:00 PM,0,0.778,3.974
2/8/2020,12:00:00 AM,0,0.7757,3.857
2/8/2020,12:30:00 AM,0,0.7732,3.761
2/8/2020,1:00:00 AM,0,0.7729,3.675
2/8/2020,1:30:00 AM,0,0.7706,3.606
2/8/2020,2:00:00 AM,0,0.7723,3.553
2/8/2020,2:30:00 AM,0,0.7607,3.508
2/8/2020,3:00:00 AM,0,0.7577,3.49
2/8/2020,3:30:00 AM,0,0.7567,3.491
2/8/2020,4:00:00 AM,0,0.7612,3.5
2/8/2020,4:30:00 AM,0,0.7652,3.504
2/8/2020,5:00:00 AM,0,0.7636,3.503
2/8/2020,5:30:00 AM,0,0.7652,3.502
2/8/2020,6:00:00 AM,0,0.7651,3.509
2/8/2020,6:30:00 AM,0,0.7674,3.527
2/8/2020,7:00:00 AM,0,0.763,3.534
2/8/2020,7:30:00 AM,0,0.7608,3.534
2/8/2020,8:00:00 AM,0,0.7554,3.569
2/8/2020,8:30:00 AM,0,0.7617,3.635
2/8/2020,9:00:00 AM,0,0.7663,3.696
2/8/2020,9:30:00 AM,0,0.7731,3.728
2/8/2020,10:00:00 AM,0,0.7784,3.77
2/8/2020,10:30:00 AM,0,0.78,3.865
2/8/2020,11:00:00 AM,0,0.7835,4.009
2/8/2020,11:30:00 AM,0,0.7874,4.197
2/8/2020,12:00:00 PM,0,0.7899,4.43
2/8/2020,12:30:00 PM,0,0.7948,4.695
2/8/2020,1:00:00 PM,0,0.7879,4.959
2/8/2020,1:30:00 PM,0,0.7869,5.212
2/8/2020,2:00:00 PM,0,0.7848,5.503
2/8/2020,2:30:00 PM,0,0.7803,5.707
2/8/2020,3:00:00 PM,0,0.7737,5.811
2/8/2020,3:30:00 PM,0,0.7704,5.913
2/8/2020,4:00:00 PM,0,0.7769,5.991
2/8/2020,4:30:00 PM,0,0.7814,6.041
2/8/2020,5:00:00 PM,0,0.7767,6.023
2/8/2020,5:30:00 PM,0,0.7722,5.981
2/8/2020,6:00:00 PM,0,0.7713,5.872
2/8/2020,6:30:00 PM,0,0.7719,5.698
2/8/2020,7:00:00 PM,0,0.769,5.505
2/8/2020,7:30:00 PM,0,0.7696,5.331
2/8/2020,8:00:00 PM,0,0.7722,5.147
2/8/2020,8:30:00 PM,0,0.7737,4.954
2/8/2020,9:00:00 PM,0,0.7736,4.764
2/8/2020,9:30:00 PM,0,0.7717,4.621
2/8/2020,10:00:00 PM,0,0.7711,4.492
2/8/2020,10:30:00 PM,0,0.7683,4.354
2/8/2020,11:00:00 PM,0,0.7624,4.184
2/8/2020,11:30:00 PM,0,0.7599,4.023
2/9/2020,12:00:00 AM,0,0.7619,3.87
2/9/2020,12:30:00 AM,0,0.7645,3.721
2/9/2020,1:00:00 AM,0,0.7608,3.582
2/9/2020,1:30:00 AM,0,0.7611,3.468
2/9/2020,2:00:00 AM,0,0.7573,3.371
2/9/2020,2:30:00 AM,0,0.7549,3.286
2/9/2020,3:00:00 AM,0,0.7548,3.217
2/9/2020,3:30:00 AM,0,0.7541,3.156
2/9/2020,4:00:00 AM,0,0.7552,3.108
2/9/2020,4:30:00 AM,0,0.7521,3.061
2/9/2020,5:00:00 AM,0,0.7434,3.013
2/9/2020,5:30:00 AM,0,0.7392,2.961
2/9/2020,6:00:00 AM,0,0.7414,2.906
2/9/2020,6:30:00 AM,0,0.7403,2.849
2/9/2020,7:00:00 AM,0,0.7376,2.796
2/9/2020,7:30:00 AM,0,0.7414,2.743
2/9/2020,8:00:00 AM,0,0.7431,2.691
2/9/2020,8:30:00 AM,0,0.7442,2.634
2/9/2020,9:00:00 AM,0,0.7469,2.587
2/9/2020,9:30:00 AM,0,0.7505,2.573
2/9/2020,10:00:00 AM,0,0.7509,2.623
2/9/2020,10:30:00 AM,0,0.7531,2.741
2/9/2020,11:00:00 AM,0,0.7548,2.914
2/9/2020,11:30:00 AM,0,0.7577,3.117
2/9/2020,12:00:00 PM,0,0.759,3.358
2/9/2020,12:30:00 PM,0,0.7606,3.62
2/9/2020,1:00:00 PM,0,0.7649,3.883
2/9/2020,1:30:00 PM,0,0.7661,4.141
2/9/2020,2:00:00 PM,0,0.7642,4.375
2/9/2020,2:30:00 PM,0,0.7616,4.571
2/9/2020,3:00:00 PM,0,0.7583,4.719
2/9/2020,3:30:00 PM,0,0.7602,4.825
2/9/2020,4:00:00 PM,0,0.7575,4.891
2/9/2020,4:30:00 PM,0,0.7524,4.914
2/9/2020,5:00:00 PM,0,0.7533,4.88
2/9/2020,5:30:00 PM,0,0.7538,4.796
2/9/2020,6:00:00 PM,0,0.7512,4.677
2/9/2020,6:30:00 PM,0,0.7514,4.536
2/9/2020,7:00:00 PM,0,0.7538,4.396
2/9/2020,7:30:00 PM,0,0.7575,4.281
2/9/2020,8:00:00 PM,0,0.7589,4.174
2/9/2020,8:30:00 PM,0,0.7504,4.055
2/9/2020,9:00:00 PM,0,0.7448,3.927
2/9/2020,9:30:00 PM,0,0.7477,3.779
2/9/2020,10:00:00 PM,0,0.7471,3.633
2/9/2020,10:30:00 PM,0,0.7454,3.467
2/9/2020,11:00:00 PM,0,0.7422,3.311
2/9/2020,11:30:00 PM,0,0.7424,3.156
2/10/2020,12:00:00 AM,0,0.7374,3.001
2/10/2020,12:30:00 AM,0,0.7388,2.853
2/10/2020,1:00:00 AM,0,0.7322,2.712
2/10/2020,1:30:00 AM,0,0.7265,2.59
2/10/2020,2:00:00 AM,0,0.7293,2.455
2/10/2020,2:30:00 AM,0,0.7331,2.344
2/10/2020,3:00:00 AM,0,0.7349,2.217
2/10/2020,3:30:00 AM,0,0.7469,2.103
2/10/2020,4:00:00 AM,0,0.7523,1.998
2/10/2020,4:30:00 AM,0,0.7517,1.898
2/10/2020,5:00:00 AM,0,0.7556,1.81
2/10/2020,5:30:00 AM,0,0.7571,1.701
2/10/2020,6:00:00 AM,0,0.7559,1.626
2/10/2020,6:30:00 AM,0,0.757,1.555
2/10/2020,7:00:00 AM,0,0.757,1.495
2/10/2020,7:30:00 AM,0,0.7585,1.442
2/10/2020,8:00:00 AM,0,0.7612,1.385
2/10/2020,8:30:00 AM,0,0.7699,1.339
2/10/2020,9:00:00 AM,0,0.7771,1.311
2/10/2020,9:30:00 AM,0,0.7869,1.305
2/10/2020,10:00:00 AM,0,0.7929,1.367
2/10/2020,10:30:00 AM,0,0.7939,1.495
2/10/2020,11:00:00 AM,0,0.7945,1.679
2/10/2020,11:30:00 AM,0,0.7942,1.918
2/10/2020,12:00:00 PM,0,0.7959,2.179
2/10/2020,12:30:00 PM,0,0.7978,2.455
2/10/2020,1:00:00 PM,0,0.7938,2.739
2/10/2020,1:30:00 PM,0,0.7912,3.019
2/10/2020,2:00:00 PM,0,0.7914,3.27
2/10/2020,2:30:00 PM,0,0.7878,3.497
2/10/2020,3:00:00 PM,0,0.7825,3.679
2/10/2020,3:30:00 PM,0,0.7831,3.84
2/10/2020,4:00:00 PM,0,0.7774,3.969
2/10/2020,4:30:00 PM,0,0.7758,4.053
2/10/2020,5:00:00 PM,0,0.7776,4.075
2/10/2020,5:30:00 PM,0,0.7773,4.038
2/10/2020,6:00:00 PM,0,0.7728,3.971
2/10/2020,6:30:00 PM,0,0.7675,3.877
2/10/2020,7:00:00 PM,0,0.7673,3.772
2/10/2020,7:30:00 PM,0,0.7626,3.677
2/10/2020,8:00:00 PM,0,0.7611,3.581
2/10/2020,8:30:00 PM,0,0.7599,3.487
2/10/2020,9:00:00 PM,0,0.7528,3.386
2/10/2020,9:30:00 PM,0,0.7438,3.284
2/10/2020,10:00:00 PM,0,0.7438,3.167
2/10/2020,10:30:00 PM,0,0.7444,3.051
2/10/2020,11:00:00 PM,0,0.7405,2.94
2/10/2020,11:30:00 PM,0,0.7389,2.821
2/11/2020,12:00:00 AM,0,0.7322,2.712
2/11/2020,12:30:00 AM,0,0.7323,2.597
2/11/2020,1:00:00 AM,0,0.7389,2.491
2/11/2020,1:30:00 AM,0,0.7627,2.369
2/11/2020,2:00:00 AM,0,0.7812,2.247
2/11/2020,2:30:00 AM,0,0.7803,2.14
2/11/2020,3:00:00 AM,0,0.7761,2.031
2/11/2020,3:30:00 AM,0,0.7666,1.935
2/11/2020,4:00:00 AM,0,0.7606,1.872
2/11/2020,4:30:00 AM,0,0.7553,1.808
2/11/2020,5:00:00 AM,0,0.7516,1.748
2/11/2020,5:30:00 AM,0,0.7491,1.688
2/11/2020,6:00:00 AM,0,0.7404,1.635
2/11/2020,6:30:00 AM,0,0.7331,1.579
2/11/2020,7:00:00 AM,0,0.7289,1.531
2/11/2020,7:30:00 AM,0,0.7336,1.483
2/11/2020,8:00:00 AM,0,0.7466,1.436
2/11/2020,8:30:00 AM,0,0.7679,1.393
2/11/2020,9:00:00 AM,0,0.7941,1.359
2/11/2020,9:30:00 AM,0,0.8054,1.368
2/11/2020,10:00:00 AM,0,0.8094,1.441
2/11/2020,10:30:00 AM,0,0.8099,1.6
2/11/2020,11:00:00 AM,0,0.8071,1.84
2/11/2020,11:30:00 AM,0,0.8104,2.106
2/11/2020,12:00:00 PM,0,0.8081,2.379
2/11/2020,12:30:00 PM,0,0.8083,2.662
2/11/2020,1:00:00 PM,0,0.804,2.961
2/11/2020,1:30:00 PM,0,0.7995,3.272
2/11/2020,2:00:00 PM,0,0.7966,3.571
2/11/2020,2:30:00 PM,0,0.7896,3.838
2/11/2020,3:00:00 PM,0,0.7879,4.089
2/11/2020,3:30:00 PM,0,0.783,4.312
2/11/2020,4:00:00 PM,0,0.7819,4.491
2/11/2020,4:30:00 PM,0,0.7852,4.626
2/11/2020,5:00:00 PM,0,0.7863,4.72
2/11/2020,5:30:00 PM,0,0.7811,4.738
2/11/2020,6:00:00 PM,0,0.7783,4.713
2/11/2020,6:30:00 PM,0,0.7792,4.637
2/11/2020,7:00:00 PM,0,0.7803,4.539
2/11/2020,7:30:00 PM,0,0.7784,4.43
2/11/2020,8:00:00 PM,0,0.7732,4.317
2/11/2020,8:30:00 PM,0,0.7751,4.207
2/11/2020,9:00:00 PM,0,0.7704,4.092
2/11/2020,9:30:00 PM,0,0.7622,3.979
2/11/2020,10:00:00 PM,0,0.7598,3.86
2/11/2020,10:30:00 PM,0,0.7547,3.765
2/11/2020,11:00:00 PM,0,0.7495,3.695
2/11/2020,11:30:00 PM,0,0.7489,3.627
2/12/2020,12:00:00 AM,0,0.7497,3.562
2/12/2020,12:30:00 AM,0,0.7445,3.493
2/12/2020,1:00:00 AM,0,0.7415,3.427
2/12/2020,1:30:00 AM,0,0.7369,3.367
2/12/2020,2:00:00 AM,0,0.737,3.313
2/12/2020,2:30:00 AM,0,0.7312,3.261
2/12/2020,3:00:00 AM,0,0.7309,3.205
2/12/2020,3:30:00 AM,0,0.7231,3.147
2/12/2020,4:00:00 AM,0,0.7084,3.086
2/12/2020,4:30:00 AM,0,0.6974,3.015
2/12/2020,5:00:00 AM,0,0.6968,2.93
2/12/2020,5:30:00 AM,0,0.7018,2.844
2/12/2020,6:00:00 AM,0,0.7032,2.757
2/12/2020,6:30:00 AM,0,0.6977,2.675
2/12/2020,7:00:00 AM,0,0.6919,2.599
2/12/2020,7:30:00 AM,0,0.6824,2.521
2/12/2020,8:00:00 AM,0,0.6753,2.448
2/12/2020,8:30:00 AM,0,0.6783,2.372
2/12/2020,9:00:00 AM,0,0.6983,2.304
2/12/2020,9:30:00 AM,0,0.7157,2.28
2/12/2020,10:00:00 AM,0,0.7267,2.339
2/12/2020,10:30:00 AM,0,0.7325,2.504
2/12/2020,11:00:00 AM,0,0.7385,2.727
2/12/2020,11:30:00 AM,0,0.7424,3.015
2/12/2020,12:00:00 PM,0,0.745,3.331
2/12/2020,12:30:00 PM,0,0.7437,3.685
2/12/2020,1:00:00 PM,0,0.7445,4.08
2/12/2020,1:30:00 PM,0,0.7435,4.461
2/12/2020,2:00:00 PM,0,0.7453,4.833
2/12/2020,2:30:00 PM,0,0.7458,5.117
2/12/2020,3:00:00 PM,0,0.7562,5.358
2/12/2020,3:30:00 PM,0,0.7572,5.504
2/12/2020,4:00:00 PM,0,0.7517,5.687
2/12/2020,4:30:00 PM,0,0.7471,5.823
2/12/2020,5:00:00 PM,0,0.7439,5.885
2/12/2020,5:30:00 PM,0,0.7441,5.851
2/12/2020,6:00:00 PM,0,0.7408,5.759
2/12/2020,6:30:00 PM,0,0.7391,5.658
2/12/2020,7:00:00 PM,0,0.741,5.544
2/12/2020,7:30:00 PM,0,0.7372,5.441
2/12/2020,8:00:00 PM,0,0.7355,5.353
2/12/2020,8:30:00 PM,0,0.7357,5.271
2/12/2020,9:00:00 PM,0,0.7353,5.198
2/12/2020,9:30:00 PM,0,0.7367,5.107
2/12/2020,10:00:00 PM,0,0.7359,4.993
2/12/2020,10:30:00 PM,0,0.7356,4.86
2/12/2020,11:00:00 PM,0,0.7294,4.709
2/12/2020,11:30:00 PM,0,0.7242,4.538
2/13/2020,12:00:00 AM,0,0.7278,4.363
2/13/2020,12:30:00 AM,0,0.7228,4.184
2/13/2020,1:00:00 AM,0,0.7174,4.001
2/13/2020,1:30:00 AM,0,0.7197,3.813
2/13/2020,2:00:00 AM,0,0.7181,3.628
2/13/2020,2:30:00 AM,0,0.7167,3.447
2/13/2020,3:00:00 AM,0,0.7191,3.27
2/13/2020,3:30:00 AM,0,0.7157,3.102
2/13/2020,4:00:00 AM,0,0.7128,2.936
2/13/2020,4:30:00 AM,0,0.706,2.779
2/13/2020,5:00:00 AM,0,0.6966,2.628
2/13/2020,5:30:00 AM,0,0.694,2.487
2/13/2020,6:00:00 AM,0,0.6963,2.348
2/13/2020,6:30:00 AM,0,0.6976,2.213
2/13/2020,7:00:00 AM,0,0.6883,2.093
2/13/2020,7:30:00 AM,0,0.6785,1.981
2/13/2020,8:00:00 AM,0,0.6814,1.871
2/13/2020,8:30:00 AM,0,0.683,1.764
2/13/2020,9:00:00 AM,0,0.6871,1.668
2/13/2020,9:30:00 AM,0,0.6971,1.624
2/13/2020,10:00:00 AM,0,0.708,1.655
2/13/2020,10:30:00 AM,0,0.7135,1.764
2/13/2020,11:00:00 AM,0,0.713,1.958
2/13/2020,11:30:00 AM,0,0.7174,2.226
2/13/2020,12:00:00 PM,0,0.718,2.538
2/13/2020,12:30:00 PM,0,0.721,2.905
2/13/2020,1:00:00 PM,0,0.7209,3.305
2/13/2020,1:30:00 PM,0,0.7211,3.707
2/13/2020,2:00:00 PM,0,0.7242,4.115
2/13/2020,2:30:00 PM,0,0.72,4.481
2/13/2020,3:00:00 PM,0,0.7107,4.787
2/13/2020,3:30:00 PM,0,0.7123,5.016
2/13/2020,4:00:00 PM,0,0.7035,5.152
2/13/2020,4:30:00 PM,0,0.7013,5.221
2/13/2020,5:00:00 PM,0,0.7021,5.222
2/13/2020,5:30:00 PM,0,0.701,5.143
2/13/2020,6:00:00 PM,0,0.7047,5.02
2/13/2020,6:30:00 PM,0,0.7071,4.881
2/13/2020,7:00:00 PM,0,0.7064,4.771
2/13/2020,7:30:00 PM,0,0.71,4.701
2/13/2020,8:00:00 PM,0,0.7111,4.671
2/13/2020,8:30:00 PM,0,0.7096,4.675
2/13/2020,9:00:00 PM,0,0.7106,4.694
2/13/2020,9:30:00 PM,0,0.7128,4.74
2/13/2020,10:00:00 PM,0,0.7134,4.794
2/13/2020,10:30:00 PM,0,0.713,4.849
2/13/2020,11:00:00 PM,0,0.7142,4.896
2/13/2020,11:30:00 PM,0,0.7107,4.923
2/14/2020,12:00:00 AM,0,0.7055,4.926
2/14/2020,12:30:00 AM,0,0.7045,4.911
2/14/2020,1:00:00 AM,0,0.711,4.848
2/14/2020,1:30:00 AM,0,0.7057,4.759
2/14/2020,2:00:00 AM,0,0.7046,4.647
2/14/2020,2:30:00 AM,0,0.7039,4.513
2/14/2020,3:00:00 AM,0,0.7019,4.38
2/14/2020,3:30:00 AM,0,0.7041,4.256
2/14/2020,4:00:00 AM,0,0.7077,4.11
2/14/2020,4:30:00 AM,0,0.7015,3.957
2/14/2020,5:00:00 AM,0,0.6955,3.817
2/14/2020,5:30:00 AM,0,0.7003,3.676
2/14/2020,6:00:00 AM,0,0.7053,3.529
2/14/2020,6:30:00 AM,0,0.7065,3.394
2/14/2020,7:00:00 AM,0,0.7048,3.254
2/14/2020,7:30:00 AM,0,0.6972,3.132
2/14/2020,8:00:00 AM,0,0.6995,3.015
2/14/2020,8:30:00 AM,0,0.6991,2.912
2/14/2020,9:00:00 AM,0,0.6992,2.818
2/14/2020,9:30:00 AM,0,0.7026,2.76
2/14/2020,10:00:00 AM,0,0.7049,2.759
2/14/2020,10:30:00 AM,0,0.7077,2.863
2/14/2020,11:00:00 AM,0,0.7082,3.042
2/14/2020,11:30:00 AM,0,0.7051,3.249
2/14/2020,12:00:00 PM,0,0.7079,3.561
2/14/2020,12:30:00 PM,0,0.7121,3.915
2/14/2020,1:00:00 PM,0,0.7101,4.313
2/14/2020,1:30:00 PM,0,0.7092,4.687
2/14/2020,2:00:00 PM,0,0.72,5.056
2/14/2020,2:30:00 PM,0,0.7207,5.42
2/14/2020,3:00:00 PM,0,0.7178,5.667
2/14/2020,3:30:00 PM,0,0.7171,5.844
2/14/2020,4:00:00 PM,0,0.713,5.968
2/14/2020,4:30:00 PM,0,0.7191,5.984
2/14/2020,5:00:00 PM,0,0.7205,5.909
2/14/2020,5:30:00 PM,0,0.7106,5.776
2/14/2020,6:00:00 PM,0,0.7127,5.614
2/14/2020,6:30:00 PM,0,0.7084,5.455
2/14/2020,7:00:00 PM,0,0.7044,5.321
2/14/2020,7:30:00 PM,0,0.7085,5.203
2/14/2020,8:00:00 PM,0,0.7077,5.079
2/14/2020,8:30:00 PM,0,0.7037,4.993
2/14/2020,9:00:00 PM,0,0.7064,4.932
2/14/2020,9:30:00 PM,0,0.7089,4.896
2/14/2020,10:00:00 PM,0,0.7073,4.881
2/14/2020,10:30:00 PM,0,0.6999,4.88
2/14/2020,11:00:00 PM,0,0.7048,4.869
2/14/2020,11:30:00 PM,0,0.7047,4.847
2/15/2020,12:00:00 AM,0,0.6999,4.83
2/15/2020,12:30:00 AM,0,0.7018,4.801
2/15/2020,1:00:00 AM,0,0.7024,4.776
2/15/2020,1:30:00 AM,0,0.7009,4.742
2/15/2020,2:00:00 AM,0,0.7115,4.693
2/15/2020,2:30:00 AM,0,0.7189,4.627
2/15/2020,3:00:00 AM,0,0.7207,4.543
2/15/2020,3:30:00 AM,0,0.726,4.433
2/15/2020,4:00:00 AM,0,0.7289,4.305
2/15/2020,4:30:00 AM,0,0.7381,4.171
2/15/2020,5:00:00 AM,0,0.7343,4.052
2/15/2020,5:30:00 AM,0,0.7321,3.924
2/15/2020,6:00:00 AM,0,0.7427,3.805
2/15/2020,6:30:00 AM,0,0.7406,3.692
2/15/2020,7:00:00 AM,0,0.7382,3.609
2/15/2020,7:30:00 AM,0,0.7355,3.531
2/15/2020,8:00:00 AM,0,0.7348,3.474
2/15/2020,8:30:00 AM,0,0.7349,3.418
2/15/2020,9:00:00 AM,0,0.7417,3.378
2/15/2020,9:30:00 AM,0,0.7503,3.341
2/15/2020,10:00:00 AM,0,0.7499,3.352
2/15/2020,10:30:00 AM,0,0.7547,3.376
2/15/2020,11:00:00 AM,0,0.75,3.42
2/15/2020,11:30:00 AM,0,0.7545,3.49
2/15/2020,12:00:00 PM,0,0.7583,3.591
2/15/2020,12:30:00 PM,0,0.7635,3.762
2/15/2020,1:00:00 PM,0,0.7682,3.956
2/15/2020,1:30:00 PM,0,0.7663,4.153
2/15/2020,2:00:00 PM,0,0.7613,4.347
2/15/2020,2:30:00 PM,0,0.7581,4.533
2/15/2020,3:00:00 PM,0,0.7627,4.781
2/15/2020,3:30:00 PM,0,0.7617,4.925
2/15/2020,4:00:00 PM,0,0.7542,5.029
2/15/2020,4:30:00 PM,0,0.7522,5.069
2/15/2020,5:00:00 PM,0,0.7571,5.09
2/15/2020,5:30:00 PM,0,0.7559,5.122
2/15/2020,6:00:00 PM,0,0.7598,5.147
2/15/2020,6:30:00 PM,0,0.7539,5.166
2/15/2020,7:00:00 PM,0,0.7525,5.184
2/15/2020,7:30:00 PM,0,0.7565,5.202
2/15/2020,8:00:00 PM,0,0.7578,5.222
2/15/2020,8:30:00 PM,0,0.754,5.241
2/15/2020,9:00:00 PM,0,0.7538,5.258
2/15/2020,9:30:00 PM,0,0.7539,5.266
2/15/2020,10:00:00 PM,0,0.7538,5.262
2/15/2020,10:30:00 PM,0,0.753,5.249
2/15/2020,11:00:00 PM,0,0.754,5.222
2/15/2020,11:30:00 PM,0,0.7559,5.188
2/16/2020,12:00:00 AM,0,0.7529,5.144
2/16/2020,12:30:00 AM,0,0.7548,5.093
2/16/2020,1:00:00 AM,0,0.7626,5.036
2/16/2020,1:30:00 AM,0,0.7636,4.979
2/16/2020,2:00:00 AM,0,0.7626,4.921
2/16/2020,2:30:00 AM,0,0.7611,4.868
2/16/2020,3:00:00 AM,0,0.7569,4.816
2/16/2020,3:30:00 AM,0,0.7565,4.766
2/16/2020,4:00:00 AM,0,0.7535,4.727
2/16/2020,4:30:00 AM,0,0.7562,4.695
2/16/2020,5:00:00 AM,0,0.7522,4.665
2/16/2020,5:30:00 AM,0,0.7477,4.641
2/16/2020,6:00:00 AM,0,0.7531,4.614
2/16/2020,6:30:00 AM,0,0.7502,4.578
2/16/2020,7:00:00 AM,0,0.7498,4.557
2/16/2020,7:30:00 AM,0,0.7438,4.558
2/16/2020,8:00:00 AM,0,0.7382,4.553
2/16/2020,8:30:00 AM,0,0.7412,4.549
2/16/2020,9:00:00 AM,0,0.7465,4.565
2/16/2020,9:30:00 AM,0,0.7499,4.614
2/16/2020,10:00:00 AM,0,0.7483,4.695
2/16/2020,10:30:00 AM,0,0.7509,4.804
2/16/2020,11:00:00 AM,0,0.7538,4.939
2/16/2020,11:30:00 AM,0,0.7566,5.126
2/16/2020,12:00:00 PM,0,0.7633,5.375
2/16/2020,12:30:00 PM,0,0.7662,5.673
2/16/2020,1:00:00 PM,0,0.762,5.983
2/16/2020,1:30:00 PM,0,0.7635,6.279
2/16/2020,2:00:00 PM,0,0.7606,6.579
2/16/2020,2:30:00 PM,0,0.7634,6.797
2/16/2020,3:00:00 PM,0,0.7627,6.976
2/16/2020,3:30:00 PM,0,0.7549,7.115
2/16/2020,4:00:00 PM,0,0.7495,7.175
2/16/2020,4:30:00 PM,0,0.7533,7.235
2/16/2020,5:00:00 PM,0,0.7554,7.278
2/16/2020,5:30:00 PM,0,0.7542,7.273
2/16/2020,6:00:00 PM,0,0.7518,7.171
2/16/2020,6:30:00 PM,0,0.7518,7.037
2/16/2020,7:00:00 PM,0,0.7523,6.907
2/16/2020,7:30:00 PM,0,0.7548,6.81
2/16/2020,8:00:00 PM,0,0.7532,6.732
2/16/2020,8:30:00 PM,0,0.7546,6.652
2/16/2020,9:00:00 PM,0,0.7509,6.578
2/16/2020,9:30:00 PM,0,0.7492,6.48
2/16/2020,10:00:00 PM,0,0.7518,6.376
2/16/2020,10:30:00 PM,0,0.7545,6.269
2/16/2020,11:00:00 PM,0,0.7572,6.15
2/16/2020,11:30:00 PM,0,0.757,6.01
2/17/2020,12:00:00 AM,0,0.7569,5.867
2/17/2020,12:30:00 AM,0,0.7559,5.717
2/17/2020,1:00:00 AM,0,0.7589,5.531
2/17/2020,1:30:00 AM,0,0.7576,5.354
2/17/2020,2:00:00 AM,0,0.7537,5.17
2/17/2020,2:30:00 AM,0,0.755,5.005
2/17/2020,3:00:00 AM,0,0.7569,4.845
2/17/2020,3:30:00 AM,0,0.7572,4.705
2/17/2020,4:00:00 AM,0,0.7557,4.561
2/17/2020,4:30:00 AM,0,0.7541,4.438
2/17/2020,5:00:00 AM,0,0.7512,4.324
2/17/2020,5:30:00 AM,0,0.7512,4.212
2/17/2020,6:00:00 AM,0,0.7509,4.106
2/17/2020,6:30:00 AM,0,0.7499,4.005
2/17/2020,7:00:00 AM,0,0.746,3.916
2/17/2020,7:30:00 AM,0,0.7472,3.81
2/17/2020,8:00:00 AM,0,0.7484,3.703
2/17/2020,8:30:00 AM,0,0.7501,3.602
2/17/2020,9:00:00 AM,0,0.7472,3.525
2/17/2020,9:30:00 AM,0,0.751,3.514
2/17/2020,10:00:00 AM,0,0.7549,3.572
2/17/2020,10:30:00 AM,0,0.7606,3.71
2/17/2020,11:00:00 AM,0,0.7626,3.907
2/17/2020,11:30:00 AM,0,0.7636,4.159
2/17/2020,12:00:00 PM,0,0.7678,4.445
2/17/2020,12:30:00 PM,0,0.7705,4.752
2/17/2020,1:00:00 PM,0,0.7716,5.045
2/17/2020,1:30:00 PM,0,0.7701,5.353
2/17/2020,2:00:00 PM,0,0.7654,5.642
2/17/2020,2:30:00 PM,0,0.7676,5.875
2/17/2020,3:00:00 PM,0,0.7651,6.038
2/17/2020,3:30:00 PM,0,0.7655,6.145
2/17/2020,4:00:00 PM,0,0.7648,6.214
2/17/2020,4:30:00 PM,0,0.768,6.228
2/17/2020,5:00:00 PM,0,0.7721,6.183
2/17/2020,5:30:00 PM,0,0.7727,6.084
2/17/2020,6:00:00 PM,0,0.7744,5.956
2/17/2020,6:30:00 PM,0,0.7717,5.812
2/17/2020,7:00:00 PM,0,0.7719,5.675
2/17/2020,7:30:00 PM,0,0.7739,5.544
2/17/2020,8:00:00 PM,0,0.7733,5.412
2/17/2020,8:30:00 PM,0,0.7711,5.283
2/17/2020,9:00:00 PM,0,0.7664,5.144
2/17/2020,9:30:00 PM,0,0.7657,4.976
2/17/2020,10:00:00 PM,0,0.7665,4.777
2/17/2020,10:30:00 PM,0,0.7668,4.58
2/17/2020,11:00:00 PM,0,0.7657,4.392
2/17/2020,11:30:00 PM,0,0.767,4.177
2/18/2020,12:00:00 AM,0,0.7627,3.98
2/18/2020,12:30:00 AM,0,0.7584,3.775
2/18/2020,1:00:00 AM,0,0.755,3.599
2/18/2020,1:30:00 AM,0,0.7533,3.434
2/18/2020,2:00:00 AM,0,0.754,3.285
2/18/2020,2:30:00 AM,0,0.7528,3.144
2/18/2020,3:00:00 AM,0,0.7533,3.025
2/18/2020,3:30:00 AM,0,0.7485,2.911
2/18/2020,4:00:00 AM,0,0.7445,2.823
2/18/2020,4:30:00 AM,0,0.7432,2.717
2/18/2020,5:00:00 AM,0,0.7398,2.616
2/18/2020,5:30:00 AM,0,0.7364,2.529
2/18/2020,6:00:00 AM,0,0.7384,2.447
2/18/2020,6:30:00 AM,0,0.7369,2.36
2/18/2020,7:00:00 AM,0,0.7363,2.281
2/18/2020,7:30:00 AM,0,0.7322,2.192
2/18/2020,8:00:00 AM,0,0.7324,2.109
2/18/2020,8:30:00 AM,0,0.7372,2.036
2/18/2020,9:00:00 AM,0,0.7404,1.987
2/18/2020,9:30:00 AM,0,0.7465,1.986
2/18/2020,10:00:00 AM,0,0.7561,2.071
2/18/2020,10:30:00 AM,0,0.7641,2.24
2/18/2020,11:00:00 AM,0,0.7705,2.471
2/18/2020,11:30:00 AM,0,0.7733,2.736
2/18/2020,12:00:00 PM,0,0.7767,3.017
2/18/2020,12:30:00 PM,0,0.7792,3.327
2/18/2020,1:00:00 PM,0,0.7758,3.633
2/18/2020,1:30:00 PM,0,0.7748,3.94
2/18/2020,2:00:00 PM,0,0.771,4.232
2/18/2020,2:30:00 PM,0,0.7697,4.479
2/18/2020,3:00:00 PM,0,0.7718,4.67
2/18/2020,3:30:00 PM,0,0.7665,4.821
2/18/2020,4:00:00 PM,0,0.7637,4.92
2/18/2020,4:30:00 PM,0,0.7644,4.961
2/18/2020,5:00:00 PM,0,0.765,4.94
2/18/2020,5:30:00 PM,0,0.7634,4.865
2/18/2020,6:00:00 PM,0,0.7574,4.76
2/18/2020,6:30:00 PM,0,0.7527,4.632
2/18/2020,7:00:00 PM,0,0.7481,4.491
2/18/2020,7:30:00 PM,0,0.7445,4.365
2/18/2020,8:00:00 PM,0,0.7422,4.234
2/18/2020,8:30:00 PM,0,0.7365,4.102
2/18/2020,9:00:00 PM,0,0.7296,3.992
2/18/2020,9:30:00 PM,0,0.726,3.877
2/18/2020,10:00:00 PM,0,0.7228,3.75
2/18/2020,10:30:00 PM,0,0.7199,3.613
2/18/2020,11:00:00 PM,0,0.717,3.472
2/18/2020,11:30:00 PM,0,0.7143,3.33
2/19/2020,12:00:00 AM,0,0.7097,3.176
2/19/2020,12:30:00 AM,0,0.7066,3.037
2/19/2020,1:00:00 AM,0,0.7033,2.889
2/19/2020,1:30:00 AM,0,0.7033,2.753
2/19/2020,2:00:00 AM,0,0.6996,2.615
2/19/2020,2:30:00 AM,0,0.6966,2.473
2/19/2020,3:00:00 AM,0,0.6958,2.344
2/19/2020,3:30:00 AM,0,0.6976,2.209
2/19/2020,4:00:00 AM,0,0.6929,2.085
2/19/2020,4:30:00 AM,0,0.6884,1.964
2/19/2020,5:00:00 AM,0,0.683,1.831
2/19/2020,5:30:00 AM,0,0.6829,1.716
2/19/2020,6:00:00 AM,0,0.682,1.6
2/19/2020,6:30:00 AM,0,0.6828,1.498
2/19/2020,7:00:00 AM,0,0.6832,1.392
2/19/2020,7:30:00 AM,0,0.684,1.282
2/19/2020,8:00:00 AM,0,0.6818,1.192
2/19/2020,8:30:00 AM,0,0.6829,1.1
2/19/2020,9:00:00 AM,0,0.6862,1.024
2/19/2020,9:30:00 AM,0,0.6871,1.011
2/19/2020,10:00:00 AM,0,0.6886,1.077
2/19/2020,10:30:00 AM,0,0.6903,1.209
2/19/2020,11:00:00 AM,0,0.6909,1.441
2/19/2020,11:30:00 AM,0,0.6924,1.729
2/19/2020,12:00:00 PM,0,0.6927,2.072
2/19/2020,12:30:00 PM,0,0.6976,2.473
2/19/2020,1:00:00 PM,0,0.6993,2.874
2/19/2020,1:30:00 PM,0,0.7017,3.339
2/19/2020,2:00:00 PM,0,0.7013,3.791
2/19/2020,2:30:00 PM,0,0.7057,4.199
2/19/2020,3:00:00 PM,0,0.7081,4.54
2/19/2020,3:30:00 PM,0,0.7078,4.774
2/19/2020,4:00:00 PM,0,0.703,4.888
2/19/2020,4:30:00 PM,0,0.704,4.919
2/19/2020,5:00:00 PM,0,0.7018,4.854
2/19/2020,5:30:00 PM,0,0.7011,4.7
2/19/2020,6:00:00 PM,0,0.7008,4.462
2/19/2020,6:30:00 PM,0,0.7012,4.182
2/19/2020,7:00:00 PM,0,0.6994,3.886
2/19/2020,7:30:00 PM,0,0.7034,3.623
2/19/2020,8:00:00 PM,0,0.7126,3.396
2/19/2020,8:30:00 PM,0,0.7291,3.233
2/19/2020,9:00:00 PM,0,0.7287,3.152
2/19/2020,9:30:00 PM,0,0.7232,3.148
2/19/2020,10:00:00 PM,0,0.7187,3.187
2/19/2020,10:30:00 PM,0,0.714,3.237
2/19/2020,11:00:00 PM,0,0.71,3.279
2/19/2020,11:30:00 PM,0,0.708,3.298
2/20/2020,12:00:00 AM,0,0.7084,3.289
2/20/2020,12:30:00 AM,0,0.706,3.254
2/20/2020,1:00:00 AM,0,0.697,3.207
2/20/2020,1:30:00 AM,0,0.6863,3.155
2/20/2020,2:00:00 AM,0,0.6913,3.089
2/20/2020,2:30:00 AM,0,0.7148,2.984
2/20/2020,3:00:00 AM,0,0.7128,2.888
2/20/2020,3:30:00 AM,0,0.6977,2.793
2/20/2020,4:00:00 AM,0,0.682,2.696
2/20/2020,4:30:00 AM,0,0.6653,2.601
2/20/2020,5:00:00 AM,0,0.6477,2.513
2/20/2020,5:30:00 AM,0,0.6305,2.441
2/20/2020,6:00:00 AM,0,0.6194,2.367
2/20/2020,6:30:00 AM,0,0.6196,2.312
2/20/2020,7:00:00 AM,0,0.6327,2.252
2/20/2020,7:30:00 AM,0,0.6482,2.162
2/20/2020,8:00:00 AM,0,0.6585,2.068
2/20/2020,8:30:00 AM,0,0.6636,1.991
2/20/2020,9:00:00 AM,0,0.6716,1.93
2/20/2020,9:30:00 AM,0,0.6812,1.895
2/20/2020,10:00:00 AM,0,0.6867,1.922
2/20/2020,10:30:00 AM,0,0.6912,2.028
2/20/2020,11:00:00 AM,0,0.695,2.157
2/20/2020,11:30:00 AM,0,0.6959,2.335
2/20/2020,12:00:00 PM,0,0.6978,2.632
2/20/2020,12:30:00 PM,0,0.7011,2.975
2/20/2020,1:00:00 PM,0,0.7039,3.317
2/20/2020,1:30:00 PM,0,0.7081,3.694
2/20/2020,2:00:00 PM,0,0.7086,4.089
2/20/2020,2:30:00 PM,0,0.7095,4.403
2/20/2020,3:00:00 PM,0,0.7142,4.567
2/20/2020,3:30:00 PM,0,0.7143,4.637
2/20/2020,4:00:00 PM,0,0.7123,4.631
2/20/2020,4:30:00 PM,0,0.711,4.588
2/20/2020,5:00:00 PM,0,0.7094,4.529
2/20/2020,5:30:00 PM,0,0.7056,4.454
2/20/2020,6:00:00 PM,0,0.7012,4.345
2/20/2020,6:30:00 PM,0,0.6963,4.215
2/20/2020,7:00:00 PM,0,0.6965,4.08
2/20/2020,7:30:00 PM,0,0.6976,3.955
2/20/2020,8:00:00 PM,0,0.6951,3.848
2/20/2020,8:30:00 PM,0,0.6934,3.766
2/20/2020,9:00:00 PM,0,0.69,3.716
2/20/2020,9:30:00 PM,0,0.6885,3.686
2/20/2020,10:00:00 PM,0,0.691,3.67
2/20/2020,10:30:00 PM,0,0.6906,3.657
2/20/2020,11:00:00 PM,0,0.6892,3.634
2/20/2020,11:30:00 PM,0,0.6877,3.603
2/21/2020,12:00:00 AM,0,0.6857,3.558
2/21/2020,12:30:00 AM,0,0.6824,3.504
2/21/2020,1:00:00 AM,0,0.6838,3.443
2/21/2020,1:30:00 AM,0,0.6824,3.385
2/21/2020,2:00:00 AM,0,0.681,3.312
2/21/2020,2:30:00 AM,0,0.6804,3.238
2/21/2020,3:00:00 AM,0,0.6827,3.151
2/21/2020,3:30:00 AM,0,0.6938,3.065
2/21/2020,4:00:00 AM,0,0.7036,2.984
2/21/2020,4:30:00 AM,0,0.7018,2.893
2/21/2020,5:00:00 AM,0,0.6998,2.807
2/21/2020,5:30:00 AM,0,0.699,2.721
2/21/2020,6:00:00 AM,0,0.6984,2.623
2/21/2020,6:30:00 AM,0,0.6986,2.52
2/21/2020,7:00:00 AM,0,0.698,2.423
2/21/2020,7:30:00 AM,0,0.6963,2.332
2/21/2020,8:00:00 AM,0,0.6957,2.226
2/21/2020,8:30:00 AM,0,0.6967,2.122
2/21/2020,9:00:00 AM,0,0.6998,2.046
2/21/2020,9:30:00 AM,0,0.7052,2.017
2/21/2020,10:00:00 AM,0,0.7068,2.056
2/21/2020,10:30:00 AM,0,0.7047,2.176
2/21/2020,11:00:00 AM,0,0.7059,2.379
2/21/2020,11:30:00 AM,0,0.7099,2.665
2/21/2020,12:00:00 PM,0,0.7106,2.985
2/21/2020,12:30:00 PM,0,0.712,3.404
2/21/2020,1:00:00 PM,0,0.714,3.831
2/21/2020,1:30:00 PM,0,0.7146,4.278
2/21/2020,2:00:00 PM,0,0.7133,4.8
2/21/2020,2:30:00 PM,0,0.7102,5.285
2/21/2020,3:00:00 PM,0,0.7091,5.692
2/21/2020,3:30:00 PM,0,0.704,5.984
2/21/2020,4:00:00 PM,0,0.7033,6.202
