Date,Time,ms,LEVEL,TEMPERATURE
3/27/2025,8:30:00 AM,0,0.0978,9.163
3/27/2025,8:45:00 AM,0,0.0942,8.718
3/27/2025,9:00:00 AM,0,0.102,8.668
3/27/2025,9:15:00 AM,0,0.1045,8.72
3/27/2025,9:30:00 AM,0,0.1066,8.748
3/27/2025,9:45:00 AM,0,0.1059,8.744
3/27/2025,10:00:00 AM,0,0.1042,8.74
3/27/2025,10:15:00 AM,0,0.1061,8.748
3/27/2025,10:30:00 AM,0,0.098,8.738
3/27/2025,10:45:00 AM,0,0.1026,8.909
3/27/2025,11:00:00 AM,0,0.1093,9.05
3/27/2025,11:15:00 AM,0,0.1064,9.098
3/27/2025,11:30:00 AM,0,0.1057,9.124
3/27/2025,11:45:00 AM,0,0.1107,9.118
3/27/2025,12:00:00 PM,0,0.1102,9.114
3/27/2025,12:15:00 PM,0,0.1054,9.053
3/27/2025,12:30:00 PM,0,0.1073,9.015
3/27/2025,12:45:00 PM,0,0.1034,9.015
3/27/2025,1:00:00 PM,0,0.1054,8.967
3/27/2025,1:15:00 PM,0,0.1038,8.949
3/27/2025,1:30:00 PM,0,0.1061,8.946
3/27/2025,1:45:00 PM,0,0.1059,8.972
3/27/2025,2:00:00 PM,0,0.1051,8.998
3/27/2025,2:15:00 PM,0,0.1073,9.008
3/27/2025,2:30:00 PM,0,0.1053,9.017
3/27/2025,2:45:00 PM,0,0.11,9.017
3/27/2025,3:00:00 PM,0,0.1075,9.018
3/27/2025,3:15:00 PM,0,0.1103,9.135
3/27/2025,3:30:00 PM,0,0.1103,9.113
3/27/2025,3:45:00 PM,0,0.1079,9.043
3/27/2025,4:00:00 PM,0,0.1073,8.995
3/27/2025,4:15:00 PM,0,0.105,8.91
3/27/2025,4:30:00 PM,0,0.1033,8.834
3/27/2025,4:45:00 PM,0,0.1027,8.766
3/27/2025,5:00:00 PM,0,0.1035,8.739
3/27/2025,5:15:00 PM,0,0.1028,8.745
3/27/2025,5:30:00 PM,0,0.1053,8.751
3/27/2025,5:45:00 PM,0,0.1051,8.745
3/27/2025,6:00:00 PM,0,0.1044,8.722
3/27/2025,6:15:00 PM,0,0.1044,8.705
3/27/2025,6:30:00 PM,0,0.1046,8.683
3/27/2025,6:45:00 PM,0,0.1034,8.672
3/27/2025,7:00:00 PM,0,0.1025,8.659
3/27/2025,7:15:00 PM,0,0.1021,8.639
3/27/2025,7:30:00 PM,0,0.1024,8.617
3/27/2025,7:45:00 PM,0,0.1024,8.591
3/27/2025,8:00:00 PM,0,0.1034,8.574
3/27/2025,8:15:00 PM,0,0.1031,8.561
3/27/2025,8:30:00 PM,0,0.1022,8.56
3/27/2025,8:45:00 PM,0,0.105,8.557
3/27/2025,9:00:00 PM,0,0.1038,8.556
3/27/2025,9:15:00 PM,0,0.1023,8.555
3/27/2025,9:30:00 PM,0,0.102,8.561
3/27/2025,9:45:00 PM,0,0.1011,8.561
3/27/2025,10:00:00 PM,0,0.0997,8.554
3/27/2025,10:15:00 PM,0,0.1002,8.545
3/27/2025,10:30:00 PM,0,0.1011,8.542
3/27/2025,10:45:00 PM,0,0.0996,8.545
3/27/2025,11:00:00 PM,0,0.1005,8.546
3/27/2025,11:15:00 PM,0,0.0995,8.544
3/27/2025,11:30:00 PM,0,0.0994,8.55
3/27/2025,11:45:00 PM,0,0.0985,8.558
3/28/2025,12:00:00 AM,0,0.1002,8.561
3/28/2025,12:15:00 AM,0,0.099,8.564
3/28/2025,12:30:00 AM,0,0.0992,8.56
3/28/2025,12:45:00 AM,0,0.099,8.56
3/28/2025,1:00:00 AM,0,0.099,8.562
3/28/2025,1:15:00 AM,0,0.0997,8.557
3/28/2025,1:30:00 AM,0,0.0993,8.557
3/28/2025,1:45:00 AM,0,0.0992,8.553
3/28/2025,2:00:00 AM,0,0.1003,8.55
3/28/2025,2:15:00 AM,0,0.1002,8.55
3/28/2025,2:30:00 AM,0,0.099,8.551
3/28/2025,2:45:00 AM,0,0.0988,8.555
3/28/2025,3:00:00 AM,0,0.0998,8.554
3/28/2025,3:15:00 AM,0,0.1002,8.552
3/28/2025,3:30:00 AM,0,0.0997,8.557
3/28/2025,3:45:00 AM,0,0.0998,8.56
3/28/2025,4:00:00 AM,0,0.0985,8.559
3/28/2025,4:15:00 AM,0,0.0989,8.563
3/28/2025,4:30:00 AM,0,0.0991,8.569
3/28/2025,4:45:00 AM,0,0.0985,8.575
3/28/2025,5:00:00 AM,0,0.0974,8.582
3/28/2025,5:15:00 AM,0,0.0975,8.586
3/28/2025,5:30:00 AM,0,0.0998,8.58
3/28/2025,5:45:00 AM,0,0.0975,8.565
3/28/2025,6:00:00 AM,0,0.0963,8.543
3/28/2025,6:15:00 AM,0,0.0964,8.529
3/28/2025,6:30:00 AM,0,0.0973,8.528
3/28/2025,6:45:00 AM,0,0.0974,8.529
3/28/2025,7:00:00 AM,0,0.0957,8.525
3/28/2025,7:15:00 AM,0,0.0968,8.505
3/28/2025,7:30:00 AM,0,0.0955,8.477
3/28/2025,7:45:00 AM,0,0.0963,8.472
3/28/2025,8:00:00 AM,0,0.0959,8.482
3/28/2025,8:15:00 AM,0,0.0978,8.51
3/28/2025,8:30:00 AM,0,0.0969,8.542
3/28/2025,8:45:00 AM,0,0.0976,8.585
3/28/2025,9:00:00 AM,0,0.0979,8.618
3/28/2025,9:15:00 AM,0,0.0993,8.663
3/28/2025,9:30:00 AM,0,0.0995,8.711
3/28/2025,9:45:00 AM,0,0.0995,8.774
3/28/2025,10:00:00 AM,0,0.1019,8.824
3/28/2025,10:15:00 AM,0,0.1039,8.911
3/28/2025,10:30:00 AM,0,0.1027,8.992
3/28/2025,10:45:00 AM,0,0.103,8.984
3/28/2025,11:00:00 AM,0,0.1041,9.045
3/28/2025,11:15:00 AM,0,0.1024,8.98
3/28/2025,11:30:00 AM,0,0.0996,8.802
3/28/2025,11:45:00 AM,0,0.094,8.763
3/28/2025,12:00:00 PM,0,0.0982,8.794
3/28/2025,12:15:00 PM,0,0.1,8.898
3/28/2025,12:30:00 PM,0,0.1053,9.129
3/28/2025,12:45:00 PM,0,0.1025,9.2
3/28/2025,1:00:00 PM,0,0.1022,9.126
3/28/2025,1:15:00 PM,0,0.1045,9.169
3/28/2025,1:30:00 PM,0,0.1075,9.316
3/28/2025,1:45:00 PM,0,0.1037,9.312
3/28/2025,2:00:00 PM,0,0.1029,9.251
3/28/2025,2:15:00 PM,0,0.1024,9.142
3/28/2025,2:30:00 PM,0,0.1016,9.013
3/28/2025,2:45:00 PM,0,0.1007,8.96
3/28/2025,3:00:00 PM,0,0.1039,9
3/28/2025,3:15:00 PM,0,0.1065,9.11
3/28/2025,3:30:00 PM,0,0.1057,9.238
3/28/2025,3:45:00 PM,0,0.1065,9.291
3/28/2025,4:00:00 PM,0,0.1066,9.316
3/28/2025,4:15:00 PM,0,0.1037,9.212
3/28/2025,4:30:00 PM,0,0.103,9.044
3/28/2025,4:45:00 PM,0,0.1032,8.908
3/28/2025,5:00:00 PM,0,0.1011,8.854
3/28/2025,5:15:00 PM,0,0.1007,8.809
3/28/2025,5:30:00 PM,0,0.1007,8.775
3/28/2025,5:45:00 PM,0,0.1005,8.756
3/28/2025,6:00:00 PM,0,0.1004,8.753
3/28/2025,6:15:00 PM,0,0.0959,8.723
3/28/2025,6:30:00 PM,0,0.0963,8.678
3/28/2025,6:45:00 PM,0,0.0957,8.639
3/28/2025,7:00:00 PM,0,0.0969,8.618
3/28/2025,7:15:00 PM,0,0.0955,8.605
3/28/2025,7:30:00 PM,0,0.0947,8.579
3/28/2025,7:45:00 PM,0,0.095,8.555
3/28/2025,8:00:00 PM,0,0.096,8.529
3/28/2025,8:15:00 PM,0,0.0955,8.505
3/28/2025,8:30:00 PM,0,0.0953,8.498
3/28/2025,8:45:00 PM,0,0.0957,8.489
3/28/2025,9:00:00 PM,0,0.0938,8.463
3/28/2025,9:15:00 PM,0,0.0935,8.423
3/28/2025,9:30:00 PM,0,0.0931,8.393
3/28/2025,9:45:00 PM,0,0.0929,8.365
3/28/2025,10:00:00 PM,0,0.0952,8.345
3/28/2025,10:15:00 PM,0,0.0943,8.344
3/28/2025,10:30:00 PM,0,0.094,8.334
3/28/2025,10:45:00 PM,0,0.0945,8.302
3/28/2025,11:00:00 PM,0,0.0927,8.281
3/28/2025,11:15:00 PM,0,0.0934,8.273
3/28/2025,11:30:00 PM,0,0.0925,8.26
3/28/2025,11:45:00 PM,0,0.0923,8.246
3/29/2025,12:00:00 AM,0,0.0925,8.23
3/29/2025,12:15:00 AM,0,0.0905,8.219
3/29/2025,12:30:00 AM,0,0.091,8.229
3/29/2025,12:45:00 AM,0,0.093,8.232
3/29/2025,1:00:00 AM,0,0.0901,8.223
3/29/2025,1:15:00 AM,0,0.0911,8.228
3/29/2025,1:30:00 AM,0,0.0912,8.225
3/29/2025,1:45:00 AM,0,0.0905,8.186
3/29/2025,2:00:00 AM,0,0.0906,8.173
3/29/2025,2:15:00 AM,0,0.0913,8.173
3/29/2025,2:30:00 AM,0,0.0898,8.165
3/29/2025,2:45:00 AM,0,0.0884,8.143
3/29/2025,3:00:00 AM,0,0.0889,8.135
3/29/2025,3:15:00 AM,0,0.0895,8.141
3/29/2025,3:30:00 AM,0,0.0905,8.148
3/29/2025,3:45:00 AM,0,0.0898,8.159
3/29/2025,4:00:00 AM,0,0.0914,8.181
3/29/2025,4:15:00 AM,0,0.0938,8.202
3/29/2025,4:30:00 AM,0,0.0947,8.208
3/29/2025,4:45:00 AM,0,0.0928,8.213
3/29/2025,5:00:00 AM,0,0.093,8.232
3/29/2025,5:15:00 AM,0,0.0934,8.254
3/29/2025,5:30:00 AM,0,0.0936,8.258
3/29/2025,5:45:00 AM,0,0.0958,8.269
3/29/2025,6:00:00 AM,0,0.0926,8.281
3/29/2025,6:15:00 AM,0,0.094,8.285
3/29/2025,6:30:00 AM,0,0.0939,8.289
3/29/2025,6:45:00 AM,0,0.0937,8.288
3/29/2025,7:00:00 AM,0,0.0944,8.267
3/29/2025,7:15:00 AM,0,0.0928,8.232
3/29/2025,7:30:00 AM,0,0.0919,8.21
3/29/2025,7:45:00 AM,0,0.0912,8.192
3/29/2025,8:00:00 AM,0,0.0899,8.187
3/29/2025,8:15:00 AM,0,0.0917,8.208
3/29/2025,8:30:00 AM,0,0.0911,8.232
3/29/2025,8:45:00 AM,0,0.0909,8.284
3/29/2025,9:00:00 AM,0,0.0952,8.35
3/29/2025,9:15:00 AM,0,0.0948,8.42
3/29/2025,9:30:00 AM,0,0.0949,8.486
3/29/2025,9:45:00 AM,0,0.093,8.553
3/29/2025,10:00:00 AM,0,0.0972,8.636
3/29/2025,10:15:00 AM,0,0.0982,8.709
3/29/2025,10:30:00 AM,0,0.0976,8.792
3/29/2025,10:45:00 AM,0,0.1021,8.885
3/29/2025,11:00:00 AM,0,0.1016,8.968
3/29/2025,11:15:00 AM,0,0.1023,9.04
3/29/2025,11:30:00 AM,0,0.0998,9.112
3/29/2025,11:45:00 AM,0,0.0986,9.166
3/29/2025,12:00:00 PM,0,0.1032,9.242
3/29/2025,12:15:00 PM,0,0.1023,9.299
3/29/2025,12:30:00 PM,0,0.1025,9.343
3/29/2025,12:45:00 PM,0,0.1017,9.406
3/29/2025,1:00:00 PM,0,0.1053,9.495
3/29/2025,1:15:00 PM,0,0.1075,9.521
3/29/2025,1:30:00 PM,0,0.1064,9.528
3/29/2025,1:45:00 PM,0,0.1036,9.554
3/29/2025,2:00:00 PM,0,0.1039,9.597
3/29/2025,2:15:00 PM,0,0.1015,9.6
3/29/2025,2:30:00 PM,0,0.1016,9.557
3/29/2025,2:45:00 PM,0,0.1035,9.518
3/29/2025,3:00:00 PM,0,0.1066,9.483
3/29/2025,3:15:00 PM,0,0.1027,9.427
3/29/2025,3:30:00 PM,0,0.1023,9.356
3/29/2025,3:45:00 PM,0,0.1049,9.313
3/29/2025,4:00:00 PM,0,0.1029,9.265
3/29/2025,4:15:00 PM,0,0.1046,9.196
3/29/2025,4:30:00 PM,0,0.1019,9.15
3/29/2025,4:45:00 PM,0,0.1015,9.104
3/29/2025,5:00:00 PM,0,0.1015,9.059
3/29/2025,5:15:00 PM,0,0.1022,8.993
3/29/2025,5:30:00 PM,0,0.1019,8.936
3/29/2025,5:45:00 PM,0,0.1032,8.898
3/29/2025,6:00:00 PM,0,0.1033,8.866
3/29/2025,6:15:00 PM,0,0.103,8.832
3/29/2025,6:30:00 PM,0,0.1021,8.792
3/29/2025,6:45:00 PM,0,0.1028,8.751
3/29/2025,7:00:00 PM,0,0.1024,8.719
3/29/2025,7:15:00 PM,0,0.1016,8.683
3/29/2025,7:30:00 PM,0,0.1013,8.658
3/29/2025,7:45:00 PM,0,0.1016,8.641
3/29/2025,8:00:00 PM,0,0.1029,8.622
3/29/2025,8:15:00 PM,0,0.1028,8.6
3/29/2025,8:30:00 PM,0,0.1021,8.582
3/29/2025,8:45:00 PM,0,0.1017,8.566
3/29/2025,9:00:00 PM,0,0.1016,8.552
3/29/2025,9:15:00 PM,0,0.1031,8.542
3/29/2025,9:30:00 PM,0,0.1024,8.536
3/29/2025,9:45:00 PM,0,0.1002,8.529
3/29/2025,10:00:00 PM,0,0.1008,8.518
3/29/2025,10:15:00 PM,0,0.1028,8.508
3/29/2025,10:30:00 PM,0,0.1016,8.502
3/29/2025,10:45:00 PM,0,0.1019,8.501
3/29/2025,11:00:00 PM,0,0.102,8.497
3/29/2025,11:15:00 PM,0,0.1032,8.494
3/29/2025,11:30:00 PM,0,0.1027,8.499
3/29/2025,11:45:00 PM,0,0.1032,8.495
3/30/2025,12:00:00 AM,0,0.1021,8.494
3/30/2025,12:15:00 AM,0,0.1036,8.483
3/30/2025,12:30:00 AM,0,0.1027,8.467
3/30/2025,12:45:00 AM,0,0.1017,8.453
3/30/2025,1:00:00 AM,0,0.1023,8.439
3/30/2025,1:15:00 AM,0,0.1021,8.415
3/30/2025,1:30:00 AM,0,0.1037,8.41
3/30/2025,1:45:00 AM,0,0.1038,8.405
3/30/2025,2:00:00 AM,0,0.1026,8.404
3/30/2025,2:15:00 AM,0,0.1022,8.401
3/30/2025,2:30:00 AM,0,0.1013,8.401
3/30/2025,2:45:00 AM,0,0.1011,8.403
3/30/2025,3:00:00 AM,0,0.1036,8.421
3/30/2025,3:15:00 AM,0,0.1036,8.437
3/30/2025,3:30:00 AM,0,0.1016,8.439
3/30/2025,3:45:00 AM,0,0.1017,8.435
3/30/2025,4:00:00 AM,0,0.1039,8.442
3/30/2025,4:15:00 AM,0,0.1047,8.45
3/30/2025,4:30:00 AM,0,0.1064,8.458
3/30/2025,4:45:00 AM,0,0.1054,8.47
3/30/2025,5:00:00 AM,0,0.1058,8.476
3/30/2025,5:15:00 AM,0,0.1051,8.475
3/30/2025,5:30:00 AM,0,0.1036,8.48
3/30/2025,5:45:00 AM,0,0.1032,8.491
3/30/2025,6:00:00 AM,0,0.1035,8.496
3/30/2025,6:15:00 AM,0,0.1001,8.496
3/30/2025,6:30:00 AM,0,0.0981,8.495
3/30/2025,6:45:00 AM,0,0.1005,8.488
3/30/2025,7:00:00 AM,0,0.1006,8.482
3/30/2025,7:15:00 AM,0,0.0989,8.463
3/30/2025,7:30:00 AM,0,0.1012,8.449
3/30/2025,7:45:00 AM,0,0.0992,8.465
3/30/2025,8:00:00 AM,0,0.1002,8.478
3/30/2025,8:15:00 AM,0,0.0986,8.481
3/30/2025,8:30:00 AM,0,0.0962,8.507
3/30/2025,8:45:00 AM,0,0.1007,8.527
3/30/2025,9:00:00 AM,0,0.1001,8.525
3/30/2025,9:15:00 AM,0,0.0972,8.542
3/30/2025,9:30:00 AM,0,0.0969,8.578
3/30/2025,9:45:00 AM,0,0.1037,8.62
3/30/2025,10:00:00 AM,0,0.0957,8.68
3/30/2025,10:15:00 AM,0,0.0963,8.689
3/30/2025,10:30:00 AM,0,0.0928,8.702
3/30/2025,10:45:00 AM,0,0.0945,8.778
3/30/2025,11:00:00 AM,0,0.0955,8.787
3/30/2025,11:15:00 AM,0,0.098,8.966
3/30/2025,11:30:00 AM,0,0.0978,9.1
3/30/2025,11:45:00 AM,0,0.0929,9.169
3/30/2025,12:00:00 PM,0,0.0976,9.244
3/30/2025,12:15:00 PM,0,0.0955,9.302
3/30/2025,12:30:00 PM,0,0.0997,9.342
3/30/2025,12:45:00 PM,0,0.0963,9.4
3/30/2025,1:00:00 PM,0,0.0957,9.478
3/30/2025,1:15:00 PM,0,0.0981,9.509
3/30/2025,1:30:00 PM,0,0.0935,9.519
3/30/2025,1:45:00 PM,0,0.096,9.534
3/30/2025,2:00:00 PM,0,0.0963,9.562
3/30/2025,2:15:00 PM,0,0.0944,9.573
3/30/2025,2:30:00 PM,0,0.0974,9.516
3/30/2025,2:45:00 PM,0,0.0973,9.477
3/30/2025,3:00:00 PM,0,0.0991,9.451
3/30/2025,3:15:00 PM,0,0.0975,9.439
3/30/2025,3:30:00 PM,0,0.099,9.316
3/30/2025,3:45:00 PM,0,0.0955,9.27
3/30/2025,4:00:00 PM,0,0.0982,9.133
3/30/2025,4:15:00 PM,0,0.0964,8.989
3/30/2025,4:30:00 PM,0,0.0979,8.903
3/30/2025,4:45:00 PM,0,0.0982,8.863
3/30/2025,5:00:00 PM,0,0.094,8.813
3/30/2025,5:15:00 PM,0,0.0957,8.774
3/30/2025,5:30:00 PM,0,0.094,8.791
3/30/2025,5:45:00 PM,0,0.0978,8.832
3/30/2025,6:00:00 PM,0,0.0935,8.802
3/30/2025,6:15:00 PM,0,0.0952,8.74
3/30/2025,6:30:00 PM,0,0.0959,8.682
3/30/2025,6:45:00 PM,0,0.0923,8.652
3/30/2025,7:00:00 PM,0,0.095,8.637
3/30/2025,7:15:00 PM,0,0.0943,8.606
3/30/2025,7:30:00 PM,0,0.0979,8.57
3/30/2025,7:45:00 PM,0,0.0975,8.536
3/30/2025,8:00:00 PM,0,0.0939,8.508
3/30/2025,8:15:00 PM,0,0.0953,8.506
3/30/2025,8:30:00 PM,0,0.0953,8.504
3/30/2025,8:45:00 PM,0,0.0978,8.509
3/30/2025,9:00:00 PM,0,0.0944,8.515
3/30/2025,9:15:00 PM,0,0.0972,8.525
3/30/2025,9:30:00 PM,0,0.0975,8.525
3/30/2025,9:45:00 PM,0,0.0918,8.498
3/30/2025,10:00:00 PM,0,0.0937,8.471
3/30/2025,10:15:00 PM,0,0.0945,8.478
3/30/2025,10:30:00 PM,0,0.0966,8.475
3/30/2025,10:45:00 PM,0,0.096,8.469
3/30/2025,11:00:00 PM,0,0.0925,8.474
3/30/2025,11:15:00 PM,0,0.0958,8.471
3/30/2025,11:30:00 PM,0,0.0954,8.458
3/30/2025,11:45:00 PM,0,0.094,8.45
3/31/2025,12:00:00 AM,0,0.0909,8.453
3/31/2025,12:15:00 AM,0,0.0966,8.45
3/31/2025,12:30:00 AM,0,0.0941,8.442
3/31/2025,12:45:00 AM,0,0.0933,8.453
3/31/2025,1:00:00 AM,0,0.095,8.454
3/31/2025,1:15:00 AM,0,0.0975,8.451
3/31/2025,1:30:00 AM,0,0.0963,8.428
3/31/2025,1:45:00 AM,0,0.0973,8.423
3/31/2025,2:00:00 AM,0,0.0956,8.425
3/31/2025,2:15:00 AM,0,0.0959,8.437
3/31/2025,2:30:00 AM,0,0.0933,8.436
3/31/2025,2:45:00 AM,0,0.0927,8.417
3/31/2025,3:00:00 AM,0,0.0945,8.396
3/31/2025,3:15:00 AM,0,0.0955,8.38
3/31/2025,3:30:00 AM,0,0.0963,8.352
3/31/2025,3:45:00 AM,0,0.0922,8.321
3/31/2025,4:00:00 AM,0,0.0925,8.305
3/31/2025,4:15:00 AM,0,0.0903,8.297
3/31/2025,4:30:00 AM,0,0.0925,8.28
3/31/2025,4:45:00 AM,0,0.0926,8.266
3/31/2025,5:00:00 AM,0,0.09,8.268
3/31/2025,5:15:00 AM,0,0.0912,8.291
3/31/2025,5:30:00 AM,0,0.0921,8.299
3/31/2025,5:45:00 AM,0,0.0917,8.292
3/31/2025,6:00:00 AM,0,0.0906,8.274
3/31/2025,6:15:00 AM,0,0.0913,8.244
3/31/2025,6:30:00 AM,0,0.0907,8.221
3/31/2025,6:45:00 AM,0,0.0909,8.207
3/31/2025,7:00:00 AM,0,0.0897,8.201
3/31/2025,7:15:00 AM,0,0.0901,8.196
3/31/2025,7:30:00 AM,0,0.089,8.206
3/31/2025,7:45:00 AM,0,0.0897,8.232
3/31/2025,8:00:00 AM,0,0.0908,8.278
3/31/2025,8:15:00 AM,0,0.0912,8.32
3/31/2025,8:30:00 AM,0,0.0893,8.326
3/31/2025,8:45:00 AM,0,0.0897,8.361
3/31/2025,9:00:00 AM,0,0.0917,8.428
3/31/2025,9:15:00 AM,0,0.0907,8.482
3/31/2025,9:30:00 AM,0,0.0923,8.537
3/31/2025,9:45:00 AM,0,0.0893,8.58
3/31/2025,10:00:00 AM,0,0.0947,8.634
3/31/2025,10:15:00 AM,0,0.09,8.723
3/31/2025,10:30:00 AM,0,0.0986,8.824
3/31/2025,10:45:00 AM,0,0.0918,8.851
3/31/2025,11:00:00 AM,0,0.0978,8.927
3/31/2025,11:15:00 AM,0,0.0944,8.917
3/31/2025,11:30:00 AM,0,0.0972,8.844
3/31/2025,11:45:00 AM,0,0.0958,8.771
3/31/2025,12:00:00 PM,0,0.0933,8.653
3/31/2025,12:15:00 PM,0,0.0943,8.585
3/31/2025,12:30:00 PM,0,0.0979,8.561
3/31/2025,12:45:00 PM,0,0.0893,8.251
3/31/2025,1:00:00 PM,0,0.0863,8.161
3/31/2025,1:15:00 PM,0,0.0921,8.258
3/31/2025,1:30:00 PM,0,0.0937,8.428
3/31/2025,1:45:00 PM,0,0.1067,8.71
3/31/2025,2:00:00 PM,0,0.1011,8.93
3/31/2025,2:15:00 PM,0,0.0998,8.934
3/31/2025,2:30:00 PM,0,0.1003,8.945
3/31/2025,2:45:00 PM,0,0.1019,8.971
3/31/2025,3:00:00 PM,0,0.0982,8.931
3/31/2025,3:15:00 PM,0,0.0997,8.819
3/31/2025,3:30:00 PM,0,0.1006,8.705
3/31/2025,3:45:00 PM,0,0.0987,8.667
3/31/2025,4:00:00 PM,0,0.1033,8.716
3/31/2025,4:15:00 PM,0,0.1026,8.854
3/31/2025,4:30:00 PM,0,0.1026,8.841
3/31/2025,4:45:00 PM,0,0.103,8.838
3/31/2025,5:00:00 PM,0,0.1019,8.799
3/31/2025,5:15:00 PM,0,0.1037,8.784
3/31/2025,5:30:00 PM,0,0.1021,8.797
3/31/2025,5:45:00 PM,0,0.1007,8.759
3/31/2025,6:00:00 PM,0,0.1006,8.688
3/31/2025,6:15:00 PM,0,0.0995,8.591
3/31/2025,6:30:00 PM,0,0.0994,8.512
3/31/2025,6:45:00 PM,0,0.0968,8.454
3/31/2025,7:00:00 PM,0,0.0972,8.423
3/31/2025,7:15:00 PM,0,0.0982,8.39
3/31/2025,7:30:00 PM,0,0.0984,8.38
3/31/2025,7:45:00 PM,0,0.0968,8.373
3/31/2025,8:00:00 PM,0,0.0988,8.352
3/31/2025,8:15:00 PM,0,0.0973,8.329
3/31/2025,8:30:00 PM,0,0.099,8.288
3/31/2025,8:45:00 PM,0,0.0976,8.263
3/31/2025,9:00:00 PM,0,0.0971,8.257
3/31/2025,9:15:00 PM,0,0.0959,8.264
3/31/2025,9:30:00 PM,0,0.0976,8.251
3/31/2025,9:45:00 PM,0,0.0977,8.254
3/31/2025,10:00:00 PM,0,0.0967,8.267
3/31/2025,10:15:00 PM,0,0.097,8.284
3/31/2025,10:30:00 PM,0,0.0981,8.29
3/31/2025,10:45:00 PM,0,0.0986,8.283
3/31/2025,11:00:00 PM,0,0.1013,8.286
3/31/2025,11:15:00 PM,0,0.0996,8.298
3/31/2025,11:30:00 PM,0,0.0979,8.29
3/31/2025,11:45:00 PM,0,0.0961,8.279
4/1/2025,12:00:00 AM,0,0.0997,8.298
4/1/2025,12:15:00 AM,0,0.0971,8.32
4/1/2025,12:30:00 AM,0,0.0982,8.332
4/1/2025,12:45:00 AM,0,0.0983,8.335
4/1/2025,1:00:00 AM,0,0.0975,8.34
4/1/2025,1:15:00 AM,0,0.0975,8.343
4/1/2025,1:30:00 AM,0,0.0993,8.342
4/1/2025,1:45:00 AM,0,0.097,8.35
4/1/2025,2:00:00 AM,0,0.0998,8.36
4/1/2025,2:15:00 AM,0,0.1008,8.358
4/1/2025,2:30:00 AM,0,0.0992,8.341
4/1/2025,2:45:00 AM,0,0.0984,8.334
4/1/2025,3:00:00 AM,0,0.1005,8.344
4/1/2025,3:15:00 AM,0,0.0969,8.257
4/1/2025,3:30:00 AM,0,0.0947,8.077
4/1/2025,3:45:00 AM,0,0.0941,7.967
4/1/2025,4:00:00 AM,0,0.0944,7.95
4/1/2025,4:15:00 AM,0,0.0974,7.977
4/1/2025,4:30:00 AM,0,0.0965,8.041
4/1/2025,4:45:00 AM,0,0.0988,8.145
4/1/2025,5:00:00 AM,0,0.1001,8.201
4/1/2025,5:15:00 AM,0,0.0992,8.228
4/1/2025,5:30:00 AM,0,0.1004,8.208
4/1/2025,5:45:00 AM,0,0.1004,8.189
4/1/2025,6:00:00 AM,0,0.0989,8.187
4/1/2025,6:15:00 AM,0,0.097,8.152
4/1/2025,6:30:00 AM,0,0.0964,8.155
4/1/2025,6:45:00 AM,0,0.0968,8.18
4/1/2025,7:00:00 AM,0,0.0992,8.226
4/1/2025,7:15:00 AM,0,0.0994,8.251
4/1/2025,7:30:00 AM,0,0.1006,8.275
4/1/2025,7:45:00 AM,0,0.0991,8.289
4/1/2025,8:00:00 AM,0,0.0995,8.298
4/1/2025,8:15:00 AM,0,0.0996,8.311
4/1/2025,8:30:00 AM,0,0.099,8.326
4/1/2025,8:45:00 AM,0,0.0991,8.302
4/1/2025,9:00:00 AM,0,0.0983,8.285
4/1/2025,9:15:00 AM,0,0.0992,8.286
4/1/2025,9:30:00 AM,0,0.1007,8.296
4/1/2025,9:45:00 AM,0,0.099,8.286
4/1/2025,10:00:00 AM,0,0.0979,8.282
4/1/2025,10:15:00 AM,0,0.0984,8.309
4/1/2025,10:30:00 AM,0,0.0992,8.382
4/1/2025,10:45:00 AM,0,0.1006,8.445
4/1/2025,11:00:00 AM,0,0.1009,8.501
4/1/2025,11:15:00 AM,0,0.1009,8.607
4/1/2025,11:30:00 AM,0,0.1014,8.771
4/1/2025,11:45:00 AM,0,0.1028,8.827
4/1/2025,12:00:00 PM,0,0.1009,8.916
4/1/2025,12:15:00 PM,0,0.1052,9.087
4/1/2025,12:30:00 PM,0,0.1044,9.041
4/1/2025,12:45:00 PM,0,0.1022,8.972
4/1/2025,1:00:00 PM,0,0.1028,8.948
4/1/2025,1:15:00 PM,0,0.1006,8.906
4/1/2025,1:30:00 PM,0,0.1009,8.904
4/1/2025,1:45:00 PM,0,0.1,8.909
4/1/2025,2:00:00 PM,0,0.1016,8.955
4/1/2025,2:15:00 PM,0,0.1001,9.047
4/1/2025,2:30:00 PM,0,0.1026,9.095
4/1/2025,2:45:00 PM,0,0.106,9.11
4/1/2025,3:00:00 PM,0,0.1044,9.117
4/1/2025,3:15:00 PM,0,0.0975,8.569
4/1/2025,3:30:00 PM,0,0.0961,8.513
4/1/2025,3:45:00 PM,0,0.0978,8.462
4/1/2025,4:00:00 PM,0,0.0967,8.406
4/1/2025,4:15:00 PM,0,0.099,8.489
4/1/2025,4:30:00 PM,0,0.0992,8.557
4/1/2025,4:45:00 PM,0,0.1001,8.598
4/1/2025,5:00:00 PM,0,0.0999,8.636
4/1/2025,5:15:00 PM,0,0.1001,8.66
4/1/2025,5:30:00 PM,0,0.1001,8.667
4/1/2025,5:45:00 PM,0,0.1001,8.669
4/1/2025,6:00:00 PM,0,0.1,8.653
4/1/2025,6:15:00 PM,0,0.0983,8.616
4/1/2025,6:30:00 PM,0,0.0993,8.583
4/1/2025,6:45:00 PM,0,0.0993,8.516
4/1/2025,7:00:00 PM,0,0.0921,8.418
4/1/2025,7:15:00 PM,0,0.0948,8.379
4/1/2025,7:30:00 PM,0,0.0936,8.354
4/1/2025,7:45:00 PM,0,0.0947,8.333
4/1/2025,8:00:00 PM,0,0.0942,8.346
4/1/2025,8:15:00 PM,0,0.0951,8.355
4/1/2025,8:30:00 PM,0,0.0945,8.36
4/1/2025,8:45:00 PM,0,0.0926,8.372
4/1/2025,9:00:00 PM,0,0.0924,8.359
4/1/2025,9:15:00 PM,0,0.092,8.34
4/1/2025,9:30:00 PM,0,0.0926,8.324
4/1/2025,9:45:00 PM,0,0.0937,8.332
4/1/2025,10:00:00 PM,0,0.0934,8.324
4/1/2025,10:15:00 PM,0,0.0926,8.338
4/1/2025,10:30:00 PM,0,0.0935,8.358
4/1/2025,10:45:00 PM,0,0.0945,8.365
4/1/2025,11:00:00 PM,0,0.0921,8.371
4/1/2025,11:15:00 PM,0,0.0944,8.372
4/1/2025,11:30:00 PM,0,0.0926,8.359
4/1/2025,11:45:00 PM,0,0.0919,8.352
4/2/2025,12:00:00 AM,0,0.0914,8.35
4/2/2025,12:15:00 AM,0,0.0915,8.346
4/2/2025,12:30:00 AM,0,0.0901,8.337
4/2/2025,12:45:00 AM,0,0.0896,8.326
4/2/2025,1:00:00 AM,0,0.0885,8.326
4/2/2025,1:15:00 AM,0,0.0895,8.318
4/2/2025,1:30:00 AM,0,0.0888,8.293
4/2/2025,1:45:00 AM,0,0.088,8.276
4/2/2025,2:00:00 AM,0,0.0888,8.268
4/2/2025,2:15:00 AM,0,0.0881,8.262
4/2/2025,2:30:00 AM,0,0.0884,8.264
4/2/2025,2:45:00 AM,0,0.0889,8.262
4/2/2025,3:00:00 AM,0,0.089,8.273
4/2/2025,3:15:00 AM,0,0.0882,8.263
4/2/2025,3:30:00 AM,0,0.0885,8.259
4/2/2025,3:45:00 AM,0,0.0895,8.255
4/2/2025,4:00:00 AM,0,0.0882,8.239
4/2/2025,4:15:00 AM,0,0.0878,8.221
4/2/2025,4:30:00 AM,0,0.088,8.2
4/2/2025,4:45:00 AM,0,0.0869,8.184
4/2/2025,5:00:00 AM,0,0.0865,8.161
4/2/2025,5:15:00 AM,0,0.0867,8.152
4/2/2025,5:30:00 AM,0,0.0875,8.168
4/2/2025,5:45:00 AM,0,0.0879,8.176
4/2/2025,6:00:00 AM,0,0.0871,8.177
4/2/2025,6:15:00 AM,0,0.0881,8.193
4/2/2025,6:30:00 AM,0,0.0883,8.191
4/2/2025,6:45:00 AM,0,0.0866,8.156
4/2/2025,7:00:00 AM,0,0.087,8.14
4/2/2025,7:15:00 AM,0,0.0879,8.142
4/2/2025,7:30:00 AM,0,0.0899,8.159
4/2/2025,7:45:00 AM,0,0.0896,8.176
4/2/2025,8:00:00 AM,0,0.0892,8.212
4/2/2025,8:15:00 AM,0,0.0901,8.261
4/2/2025,8:30:00 AM,0,0.0901,8.289
4/2/2025,8:45:00 AM,0,0.093,8.363
4/2/2025,9:00:00 AM,0,0.0912,8.386
4/2/2025,9:15:00 AM,0,0.0921,8.398
4/2/2025,9:30:00 AM,0,0.0932,8.468
4/2/2025,9:45:00 AM,0,0.0945,8.517
4/2/2025,10:00:00 AM,0,0.0952,8.583
4/2/2025,10:15:00 AM,0,0.0964,8.653
4/2/2025,10:30:00 AM,0,0.0971,8.699
4/2/2025,10:45:00 AM,0,0.0959,8.722
4/2/2025,11:00:00 AM,0,0.0995,8.854
4/2/2025,11:15:00 AM,0,0.0981,8.86
4/2/2025,11:30:00 AM,0,0.0955,8.771
4/2/2025,11:45:00 AM,0,0.0962,8.784
4/2/2025,12:00:00 PM,0,0.096,8.772
4/2/2025,12:15:00 PM,0,0.0967,8.766
4/2/2025,12:30:00 PM,0,0.0972,8.799
4/2/2025,12:45:00 PM,0,0.0982,8.842
4/2/2025,1:00:00 PM,0,0.0991,8.883
4/2/2025,1:15:00 PM,0,0.099,8.935
4/2/2025,1:30:00 PM,0,0.1037,9.148
4/2/2025,1:45:00 PM,0,0.0993,9.138
4/2/2025,2:00:00 PM,0,0.0968,9.023
4/2/2025,2:15:00 PM,0,0.097,8.969
4/2/2025,2:30:00 PM,0,0.1011,8.987
4/2/2025,2:45:00 PM,0,0.0988,9.002
4/2/2025,3:00:00 PM,0,0.0983,8.943
4/2/2025,3:15:00 PM,0,0.1002,9.039
4/2/2025,3:30:00 PM,0,0.1011,9.058
4/2/2025,3:45:00 PM,0,0.0995,8.994
4/2/2025,4:00:00 PM,0,0.0988,8.901
4/2/2025,4:15:00 PM,0,0.098,8.823
4/2/2025,4:30:00 PM,0,0.0975,8.744
4/2/2025,4:45:00 PM,0,0.0972,8.709
4/2/2025,5:00:00 PM,0,0.105,8.787
4/2/2025,5:15:00 PM,0,0.1006,8.817
4/2/2025,5:30:00 PM,0,0.0987,8.797
4/2/2025,5:45:00 PM,0,0.104,8.784
4/2/2025,6:00:00 PM,0,0.0994,8.775
4/2/2025,6:15:00 PM,0,0.1034,8.755
4/2/2025,6:30:00 PM,0,0.1008,8.679
4/2/2025,6:45:00 PM,0,0.099,8.622
4/2/2025,7:00:00 PM,0,0.0973,8.563
4/2/2025,7:15:00 PM,0,0.0978,8.508
4/2/2025,7:30:00 PM,0,0.0972,8.468
4/2/2025,7:45:00 PM,0,0.0957,8.427
4/2/2025,8:00:00 PM,0,0.0949,8.395
4/2/2025,8:15:00 PM,0,0.094,8.36
4/2/2025,8:30:00 PM,0,0.0927,8.329
4/2/2025,8:45:00 PM,0,0.0922,8.314
4/2/2025,9:00:00 PM,0,0.0912,8.309
4/2/2025,9:15:00 PM,0,0.0913,8.314
4/2/2025,9:30:00 PM,0,0.0912,8.315
4/2/2025,9:45:00 PM,0,0.0899,8.308
4/2/2025,10:00:00 PM,0,0.0874,8.291
4/2/2025,10:15:00 PM,0,0.0869,8.275
4/2/2025,10:30:00 PM,0,0.0861,8.251
4/2/2025,10:45:00 PM,0,0.0856,8.212
4/2/2025,11:00:00 PM,0,0.0861,8.177
4/2/2025,11:15:00 PM,0,0.0865,8.164
4/2/2025,11:30:00 PM,0,0.0865,8.14
4/2/2025,11:45:00 PM,0,0.0839,8.12
4/3/2025,12:00:00 AM,0,0.0847,8.097
4/3/2025,12:15:00 AM,0,0.0854,8.088
4/3/2025,12:30:00 AM,0,0.085,8.057
4/3/2025,12:45:00 AM,0,0.0839,8.069
4/3/2025,1:00:00 AM,0,0.0848,8.056
4/3/2025,1:15:00 AM,0,0.0848,8.055
4/3/2025,1:30:00 AM,0,0.0829,8.06
4/3/2025,1:45:00 AM,0,0.0841,8.054
4/3/2025,2:00:00 AM,0,0.0836,8.042
4/3/2025,2:15:00 AM,0,0.0837,8.04
4/3/2025,2:30:00 AM,0,0.0836,8.031
4/3/2025,2:45:00 AM,0,0.0837,8.023
4/3/2025,3:00:00 AM,0,0.0844,8.036
4/3/2025,3:15:00 AM,0,0.0842,8.024
4/3/2025,3:30:00 AM,0,0.0844,8.017
4/3/2025,3:45:00 AM,0,0.084,8.009
4/3/2025,4:00:00 AM,0,0.0834,7.994
4/3/2025,4:15:00 AM,0,0.0835,8.005
4/3/2025,4:30:00 AM,0,0.0857,7.999
4/3/2025,4:45:00 AM,0,0.0843,7.965
4/3/2025,5:00:00 AM,0,0.0838,7.963
4/3/2025,5:15:00 AM,0,0.0831,7.958
4/3/2025,5:30:00 AM,0,0.082,7.943
4/3/2025,5:45:00 AM,0,0.0838,7.945
4/3/2025,6:00:00 AM,0,0.0828,7.936
4/3/2025,6:15:00 AM,0,0.0836,7.932
4/3/2025,6:30:00 AM,0,0.0831,7.919
4/3/2025,6:45:00 AM,0,0.0824,7.918
4/3/2025,7:00:00 AM,0,0.083,7.917
4/3/2025,7:15:00 AM,0,0.083,7.932
4/3/2025,7:30:00 AM,0,0.0842,7.946
4/3/2025,7:45:00 AM,0,0.0836,7.972
4/3/2025,8:00:00 AM,0,0.084,7.978
4/3/2025,8:15:00 AM,0,0.0841,8.018
4/3/2025,8:30:00 AM,0,0.0862,8.065
4/3/2025,8:45:00 AM,0,0.0881,8.145
4/3/2025,9:00:00 AM,0,0.0899,8.196
4/3/2025,9:15:00 AM,0,0.0907,8.289
4/3/2025,9:30:00 AM,0,0.0947,8.369
4/3/2025,9:45:00 AM,0,0.0855,8.448
4/3/2025,10:00:00 AM,0,0.0927,8.532
4/3/2025,10:15:00 AM,0,0.0889,8.634
4/3/2025,10:30:00 AM,0,0.0966,8.738
4/3/2025,10:45:00 AM,0,0.094,8.817
4/3/2025,11:00:00 AM,0,0.0957,8.923
4/3/2025,11:15:00 AM,0,0.0992,9.016
4/3/2025,11:30:00 AM,0,0.0973,9.108
4/3/2025,11:45:00 AM,0,0.1004,9.2
4/3/2025,12:00:00 PM,0,0.0985,9.279
4/3/2025,12:15:00 PM,0,0.098,9.335
4/3/2025,12:30:00 PM,0,0.0992,9.393
4/3/2025,12:45:00 PM,0,0.102,9.469
4/3/2025,1:00:00 PM,0,0.1006,9.556
4/3/2025,1:15:00 PM,0,0.1012,9.571
4/3/2025,1:30:00 PM,0,0.1016,9.589
4/3/2025,1:45:00 PM,0,0.1008,9.6
4/3/2025,2:00:00 PM,0,0.102,9.622
4/3/2025,2:15:00 PM,0,0.101,9.642
4/3/2025,2:30:00 PM,0,0.1006,9.609
4/3/2025,2:45:00 PM,0,0.0991,9.584
4/3/2025,3:00:00 PM,0,0.0988,9.572
4/3/2025,3:15:00 PM,0,0.1003,9.524
4/3/2025,3:30:00 PM,0,0.0987,9.48
4/3/2025,3:45:00 PM,0,0.1007,9.445
4/3/2025,4:00:00 PM,0,0.0987,9.428
4/3/2025,4:15:00 PM,0,0.0993,9.389
4/3/2025,4:30:00 PM,0,0.1017,9.341
4/3/2025,4:45:00 PM,0,0.0964,9.264
4/3/2025,5:00:00 PM,0,0.1032,9.184
4/3/2025,5:15:00 PM,0,0.0967,9.105
4/3/2025,5:30:00 PM,0,0.0959,9.029
4/3/2025,5:45:00 PM,0,0.0991,8.96
4/3/2025,6:00:00 PM,0,0.0969,8.905
4/3/2025,6:15:00 PM,0,0.0982,8.873
4/3/2025,6:30:00 PM,0,0.0981,8.793
4/3/2025,6:45:00 PM,0,0.0971,8.721
4/3/2025,7:00:00 PM,0,0.0963,8.663
4/3/2025,7:15:00 PM,0,0.0953,8.617
4/3/2025,7:30:00 PM,0,0.094,8.574
4/3/2025,7:45:00 PM,0,0.092,8.534
4/3/2025,8:00:00 PM,0,0.0909,8.5
4/3/2025,8:15:00 PM,0,0.0895,8.466
4/3/2025,8:30:00 PM,0,0.0888,8.437
4/3/2025,8:45:00 PM,0,0.0898,8.424
4/3/2025,9:00:00 PM,0,0.0892,8.408
4/3/2025,9:15:00 PM,0,0.0898,8.389
4/3/2025,9:30:00 PM,0,0.0882,8.369
4/3/2025,9:45:00 PM,0,0.0872,8.355
4/3/2025,10:00:00 PM,0,0.0879,8.342
4/3/2025,10:15:00 PM,0,0.0898,8.328
4/3/2025,10:30:00 PM,0,0.0882,8.317
4/3/2025,10:45:00 PM,0,0.0872,8.296
4/3/2025,11:00:00 PM,0,0.088,8.271
4/3/2025,11:15:00 PM,0,0.0871,8.248
4/3/2025,11:30:00 PM,0,0.0862,8.226
4/3/2025,11:45:00 PM,0,0.0842,8.214
4/4/2025,12:00:00 AM,0,0.0851,8.197
4/4/2025,12:15:00 AM,0,0.0861,8.198
4/4/2025,12:30:00 AM,0,0.0871,8.179
4/4/2025,12:45:00 AM,0,0.0865,8.158
4/4/2025,1:00:00 AM,0,0.0848,8.143
4/4/2025,1:15:00 AM,0,0.0836,8.125
4/4/2025,1:30:00 AM,0,0.0832,8.108
4/4/2025,1:45:00 AM,0,0.0832,8.105
4/4/2025,2:00:00 AM,0,0.0819,8.092
4/4/2025,2:15:00 AM,0,0.0825,8.091
4/4/2025,2:30:00 AM,0,0.0814,8.081
4/4/2025,2:45:00 AM,0,0.0825,8.072
4/4/2025,3:00:00 AM,0,0.0826,8.076
4/4/2025,3:15:00 AM,0,0.0808,8.073
4/4/2025,3:30:00 AM,0,0.0831,8.063
4/4/2025,3:45:00 AM,0,0.0818,8.065
4/4/2025,4:00:00 AM,0,0.0831,8.055
4/4/2025,4:15:00 AM,0,0.081,8.047
4/4/2025,4:30:00 AM,0,0.0847,8.045
4/4/2025,4:45:00 AM,0,0.0839,8.038
4/4/2025,5:00:00 AM,0,0.0824,8.023
4/4/2025,5:15:00 AM,0,0.0811,8.011
4/4/2025,5:30:00 AM,0,0.0827,8.01
4/4/2025,5:45:00 AM,0,0.0817,7.997
4/4/2025,6:00:00 AM,0,0.0813,7.994
4/4/2025,6:15:00 AM,0,0.0819,7.987
4/4/2025,6:30:00 AM,0,0.0842,7.986
4/4/2025,6:45:00 AM,0,0.0823,7.979
4/4/2025,7:00:00 AM,0,0.0799,7.988
4/4/2025,7:15:00 AM,0,0.0807,7.97
4/4/2025,7:30:00 AM,0,0.0784,7.99
4/4/2025,7:45:00 AM,0,0.08,8
4/4/2025,8:00:00 AM,0,0.0835,8.043
4/4/2025,8:15:00 AM,0,0.0836,8.112
4/4/2025,8:30:00 AM,0,0.0844,8.161
4/4/2025,8:45:00 AM,0,0.0843,8.236
4/4/2025,9:00:00 AM,0,0.0851,8.312
4/4/2025,9:15:00 AM,0,0.0879,8.383
4/4/2025,9:30:00 AM,0,0.0881,8.452
4/4/2025,9:45:00 AM,0,0.084,8.525
4/4/2025,10:00:00 AM,0,0.0889,8.606
4/4/2025,10:15:00 AM,0,0.091,8.726
4/4/2025,10:30:00 AM,0,0.097,8.834
4/4/2025,10:45:00 AM,0,0.0967,8.93
4/4/2025,11:00:00 AM,0,0.099,9.03
4/4/2025,11:15:00 AM,0,0.1017,9.129
4/4/2025,11:30:00 AM,0,0.0997,9.21
4/4/2025,11:45:00 AM,0,0.1028,9.298
4/4/2025,12:00:00 PM,0,0.1006,9.379
4/4/2025,12:15:00 PM,0,0.0971,9.457
4/4/2025,12:30:00 PM,0,0.102,9.514
4/4/2025,12:45:00 PM,0,0.0989,9.585
4/4/2025,1:00:00 PM,0,0.1044,9.69
4/4/2025,1:15:00 PM,0,0.101,9.705
4/4/2025,1:30:00 PM,0,0.1037,9.724
4/4/2025,1:45:00 PM,0,0.1,9.708
4/4/2025,2:00:00 PM,0,0.1034,9.696
4/4/2025,2:15:00 PM,0,0.0999,9.719
4/4/2025,2:30:00 PM,0,0.1025,9.714
4/4/2025,2:45:00 PM,0,0.1006,9.711
4/4/2025,3:00:00 PM,0,0.0984,9.673
4/4/2025,3:15:00 PM,0,0.0986,9.634
4/4/2025,3:30:00 PM,0,0.0998,9.594
4/4/2025,3:45:00 PM,0,0.0988,9.529
4/4/2025,4:00:00 PM,0,0.1016,9.51
4/4/2025,4:15:00 PM,0,0.0994,9.472
4/4/2025,4:30:00 PM,0,0.0991,9.456
4/4/2025,4:45:00 PM,0,0.0962,9.385
4/4/2025,5:00:00 PM,0,0.1057,9.326
4/4/2025,5:15:00 PM,0,0.0977,9.264
4/4/2025,5:30:00 PM,0,0.0975,9.198
4/4/2025,5:45:00 PM,0,0.0987,9.132
4/4/2025,6:00:00 PM,0,0.0972,9.073
4/4/2025,6:15:00 PM,0,0.0966,9.031
4/4/2025,6:30:00 PM,0,0.0969,8.935
4/4/2025,6:45:00 PM,0,0.0968,8.863
4/4/2025,7:00:00 PM,0,0.0953,8.818
4/4/2025,7:15:00 PM,0,0.0954,8.772
4/4/2025,7:30:00 PM,0,0.0935,8.721
4/4/2025,7:45:00 PM,0,0.0924,8.669
4/4/2025,8:00:00 PM,0,0.0929,8.631
4/4/2025,8:15:00 PM,0,0.0941,8.59
4/4/2025,8:30:00 PM,0,0.0968,8.555
4/4/2025,8:45:00 PM,0,0.0948,8.537
4/4/2025,9:00:00 PM,0,0.0931,8.524
4/4/2025,9:15:00 PM,0,0.0897,8.502
4/4/2025,9:30:00 PM,0,0.0878,8.478
4/4/2025,9:45:00 PM,0,0.0881,8.465
4/4/2025,10:00:00 PM,0,0.087,8.457
4/4/2025,10:15:00 PM,0,0.0882,8.462
4/4/2025,10:30:00 PM,0,0.0862,8.471
4/4/2025,10:45:00 PM,0,0.0872,8.472
4/4/2025,11:00:00 PM,0,0.0853,8.464
4/4/2025,11:15:00 PM,0,0.0858,8.459
4/4/2025,11:30:00 PM,0,0.086,8.455
4/4/2025,11:45:00 PM,0,0.0852,8.449
4/5/2025,12:00:00 AM,0,0.0845,8.443
4/5/2025,12:15:00 AM,0,0.0841,8.432
4/5/2025,12:30:00 AM,0,0.0829,8.413
4/5/2025,12:45:00 AM,0,0.0851,8.392
4/5/2025,1:00:00 AM,0,0.0833,8.369
4/5/2025,1:15:00 AM,0,0.0834,8.34
4/5/2025,1:30:00 AM,0,0.0827,8.32
4/5/2025,1:45:00 AM,0,0.0832,8.299
4/5/2025,2:00:00 AM,0,0.0839,8.281
4/5/2025,2:15:00 AM,0,0.0821,8.263
4/5/2025,2:30:00 AM,0,0.0818,8.249
4/5/2025,2:45:00 AM,0,0.0823,8.23
4/5/2025,3:00:00 AM,0,0.0815,8.223
4/5/2025,3:15:00 AM,0,0.0804,8.21
4/5/2025,3:30:00 AM,0,0.0815,8.202
4/5/2025,3:45:00 AM,0,0.0817,8.204
4/5/2025,4:00:00 AM,0,0.0828,8.218
4/5/2025,4:15:00 AM,0,0.0809,8.223
4/5/2025,4:30:00 AM,0,0.0809,8.234
4/5/2025,4:45:00 AM,0,0.0804,8.242
4/5/2025,5:00:00 AM,0,0.0798,8.235
4/5/2025,5:15:00 AM,0,0.0802,8.223
4/5/2025,5:30:00 AM,0,0.0784,8.205
4/5/2025,5:45:00 AM,0,0.0798,8.209
4/5/2025,6:00:00 AM,0,0.0825,8.219
4/5/2025,6:15:00 AM,0,0.0821,8.197
4/5/2025,6:30:00 AM,0,0.081,8.201
4/5/2025,6:45:00 AM,0,0.0807,8.207
4/5/2025,7:00:00 AM,0,0.0793,8.21
4/5/2025,7:15:00 AM,0,0.0777,8.216
4/5/2025,7:30:00 AM,0,0.0778,8.233
4/5/2025,7:45:00 AM,0,0.0801,8.252
4/5/2025,8:00:00 AM,0,0.0832,8.3
4/5/2025,8:15:00 AM,0,0.0845,8.357
4/5/2025,8:30:00 AM,0,0.0837,8.426
4/5/2025,8:45:00 AM,0,0.0828,8.498
4/5/2025,9:00:00 AM,0,0.0896,8.597
4/5/2025,9:15:00 AM,0,0.0902,8.663
4/5/2025,9:30:00 AM,0,0.088,8.723
4/5/2025,9:45:00 AM,0,0.0903,8.794
4/5/2025,10:00:00 AM,0,0.0923,8.825
4/5/2025,10:15:00 AM,0,0.0934,8.877
4/5/2025,10:30:00 AM,0,0.0928,8.96
4/5/2025,10:45:00 AM,0,0.0916,9.066
4/5/2025,11:00:00 AM,0,0.0924,9.128
4/5/2025,11:15:00 AM,0,0.0962,9.197
4/5/2025,11:30:00 AM,0,0.1008,9.278
4/5/2025,11:45:00 AM,0,0.1033,9.386
4/5/2025,12:00:00 PM,0,0.1027,9.475
4/5/2025,12:15:00 PM,0,0.0999,9.53
4/5/2025,12:30:00 PM,0,0.1001,9.579
4/5/2025,12:45:00 PM,0,0.1019,9.678
4/5/2025,1:00:00 PM,0,0.0987,9.797
4/5/2025,1:15:00 PM,0,0.1005,9.857
4/5/2025,1:30:00 PM,0,0.101,9.87
4/5/2025,1:45:00 PM,0,0.1024,9.902
4/5/2025,2:00:00 PM,0,0.1007,9.927
4/5/2025,2:15:00 PM,0,0.1021,9.926
4/5/2025,2:30:00 PM,0,0.1011,9.91
4/5/2025,2:45:00 PM,0,0.1006,9.883
4/5/2025,3:00:00 PM,0,0.1007,9.873
4/5/2025,3:15:00 PM,0,0.1035,9.83
4/5/2025,3:30:00 PM,0,0.1008,9.79
4/5/2025,3:45:00 PM,0,0.1017,9.747
4/5/2025,4:00:00 PM,0,0.1002,9.702
4/5/2025,4:15:00 PM,0,0.1004,9.653
4/5/2025,4:30:00 PM,0,0.1029,9.642
4/5/2025,4:45:00 PM,0,0.0967,9.571
4/5/2025,5:00:00 PM,0,0.1013,9.466
4/5/2025,5:15:00 PM,0,0.0997,9.386
4/5/2025,5:30:00 PM,0,0.0991,9.319
4/5/2025,5:45:00 PM,0,0.0968,9.188
4/5/2025,6:00:00 PM,0,0.0967,9.106
4/5/2025,6:15:00 PM,0,0.0974,9.067
4/5/2025,6:30:00 PM,0,0.0964,9.043
4/5/2025,6:45:00 PM,0,0.097,9.023
4/5/2025,7:00:00 PM,0,0.097,8.981
4/5/2025,7:15:00 PM,0,0.0968,8.929
4/5/2025,7:30:00 PM,0,0.097,8.889
4/5/2025,7:45:00 PM,0,0.0957,8.84
4/5/2025,8:00:00 PM,0,0.0966,8.797
4/5/2025,8:15:00 PM,0,0.0949,8.759
4/5/2025,8:30:00 PM,0,0.0956,8.724
4/5/2025,8:45:00 PM,0,0.0926,8.697
4/5/2025,9:00:00 PM,0,0.0927,8.666
4/5/2025,9:15:00 PM,0,0.0936,8.645
4/5/2025,9:30:00 PM,0,0.0943,8.619
4/5/2025,9:45:00 PM,0,0.0933,8.596
4/5/2025,10:00:00 PM,0,0.0922,8.572
4/5/2025,10:15:00 PM,0,0.0925,8.553
4/5/2025,10:30:00 PM,0,0.092,8.537
4/5/2025,10:45:00 PM,0,0.0904,8.526
4/5/2025,11:00:00 PM,0,0.0914,8.513
4/5/2025,11:15:00 PM,0,0.0933,8.503
4/5/2025,11:30:00 PM,0,0.0923,8.495
4/5/2025,11:45:00 PM,0,0.0925,8.487
4/6/2025,12:00:00 AM,0,0.0928,8.479
4/6/2025,12:15:00 AM,0,0.0919,8.473
4/6/2025,12:30:00 AM,0,0.0938,8.47
4/6/2025,12:45:00 AM,0,0.0958,8.46
4/6/2025,1:00:00 AM,0,0.0921,8.452
4/6/2025,1:15:00 AM,0,0.0905,8.436
4/6/2025,1:30:00 AM,0,0.0889,8.415
4/6/2025,1:45:00 AM,0,0.0879,8.4
4/6/2025,2:00:00 AM,0,0.0892,8.381
4/6/2025,2:15:00 AM,0,0.0905,8.388
4/6/2025,2:30:00 AM,0,0.0905,8.378
4/6/2025,2:45:00 AM,0,0.0913,8.372
4/6/2025,3:00:00 AM,0,0.0924,8.365
4/6/2025,3:15:00 AM,0,0.0916,8.363
4/6/2025,3:30:00 AM,0,0.0932,8.358
4/6/2025,3:45:00 AM,0,0.0934,8.354
4/6/2025,4:00:00 AM,0,0.0922,8.354
4/6/2025,4:15:00 AM,0,0.0934,8.351
4/6/2025,4:30:00 AM,0,0.092,8.348
4/6/2025,4:45:00 AM,0,0.0899,8.343
4/6/2025,5:00:00 AM,0,0.0919,8.339
4/6/2025,5:15:00 AM,0,0.0929,8.338
4/6/2025,5:30:00 AM,0,0.0929,8.325
4/6/2025,5:45:00 AM,0,0.0923,8.32
4/6/2025,6:00:00 AM,0,0.0944,8.314
4/6/2025,6:15:00 AM,0,0.0953,8.313
4/6/2025,6:30:00 AM,0,0.0939,8.305
4/6/2025,6:45:00 AM,0,0.0917,8.293
4/6/2025,7:00:00 AM,0,0.092,8.286
4/6/2025,7:15:00 AM,0,0.0932,8.302
4/6/2025,7:30:00 AM,0,0.0958,8.343
4/6/2025,7:45:00 AM,0,0.0959,8.394
4/6/2025,8:00:00 AM,0,0.0991,8.451
4/6/2025,8:15:00 AM,0,0.098,8.502
4/6/2025,8:30:00 AM,0,0.0987,8.546
4/6/2025,8:45:00 AM,0,0.1008,8.615
4/6/2025,9:00:00 AM,0,0.101,8.688
4/6/2025,9:15:00 AM,0,0.1007,8.773
4/6/2025,9:30:00 AM,0,0.0996,8.861
4/6/2025,9:45:00 AM,0,0.1009,8.923
4/6/2025,10:00:00 AM,0,0.096,9.023
4/6/2025,10:15:00 AM,0,0.0974,9.059
4/6/2025,10:30:00 AM,0,0.0991,9.119
4/6/2025,10:45:00 AM,0,0.1002,9.214
4/6/2025,11:00:00 AM,0,0.1026,9.305
4/6/2025,11:15:00 AM,0,0.0986,9.341
4/6/2025,11:30:00 AM,0,0.1005,9.337
4/6/2025,11:45:00 AM,0,0.0998,9.316
4/6/2025,12:00:00 PM,0,0.1042,9.378
4/6/2025,12:15:00 PM,0,0.1018,9.361
4/6/2025,12:30:00 PM,0,0.1013,9.291
4/6/2025,12:45:00 PM,0,0.1036,9.295
4/6/2025,1:00:00 PM,0,0.1064,9.309
4/6/2025,1:15:00 PM,0,0.1053,9.264
4/6/2025,1:30:00 PM,0,0.1036,9.259
4/6/2025,1:45:00 PM,0,0.1024,9.241
4/6/2025,2:00:00 PM,0,0.1024,9.187
4/6/2025,2:15:00 PM,0,0.1033,9.173
4/6/2025,2:30:00 PM,0,0.1066,9.205
4/6/2025,2:45:00 PM,0,0.1043,9.212
4/6/2025,3:00:00 PM,0,0.1044,9.211
4/6/2025,3:15:00 PM,0,0.1038,9.203
4/6/2025,3:30:00 PM,0,0.1043,9.199
4/6/2025,3:45:00 PM,0,0.1023,9.184
4/6/2025,4:00:00 PM,0,0.1038,9.157
4/6/2025,4:15:00 PM,0,0.1043,9.141
4/6/2025,4:30:00 PM,0,0.1055,9.153
4/6/2025,4:45:00 PM,0,0.1095,9.143
4/6/2025,5:00:00 PM,0,0.1052,9.103
4/6/2025,5:15:00 PM,0,0.1047,9.054
4/6/2025,5:30:00 PM,0,0.1027,9.011
4/6/2025,5:45:00 PM,0,0.1028,8.984
4/6/2025,6:00:00 PM,0,0.1051,8.984
4/6/2025,6:15:00 PM,0,0.1063,8.979
4/6/2025,6:30:00 PM,0,0.1038,8.966
4/6/2025,6:45:00 PM,0,0.1055,8.951
4/6/2025,7:00:00 PM,0,0.105,8.927
4/6/2025,7:15:00 PM,0,0.106,8.905
4/6/2025,7:30:00 PM,0,0.1024,8.883
4/6/2025,7:45:00 PM,0,0.1039,8.861
4/6/2025,8:00:00 PM,0,0.0989,8.84
4/6/2025,8:15:00 PM,0,0.0987,8.797
4/6/2025,8:30:00 PM,0,0.1008,8.762
4/6/2025,8:45:00 PM,0,0.103,8.749
4/6/2025,9:00:00 PM,0,0.1022,8.752
4/6/2025,9:15:00 PM,0,0.1014,8.762
4/6/2025,9:30:00 PM,0,0.1008,8.772
4/6/2025,9:45:00 PM,0,0.1023,8.778
4/6/2025,10:00:00 PM,0,0.107,8.785
4/6/2025,10:15:00 PM,0,0.1054,8.788
4/6/2025,10:30:00 PM,0,0.1016,8.79
4/6/2025,10:45:00 PM,0,0.1023,8.78
4/6/2025,11:00:00 PM,0,0.1004,8.777
4/6/2025,11:15:00 PM,0,0.103,8.77
4/6/2025,11:30:00 PM,0,0.0977,8.754
4/6/2025,11:45:00 PM,0,0.1012,8.739
4/7/2025,12:00:00 AM,0,0.1001,8.732
4/7/2025,12:15:00 AM,0,0.0995,8.723
4/7/2025,12:30:00 AM,0,0.1043,8.712
4/7/2025,12:45:00 AM,0,0.099,8.704
4/7/2025,1:00:00 AM,0,0.0994,8.693
4/7/2025,1:15:00 AM,0,0.1012,8.682
4/7/2025,1:30:00 AM,0,0.1019,8.68
4/7/2025,1:45:00 AM,0,0.1034,8.679
4/7/2025,2:00:00 AM,0,0.1035,8.685
4/7/2025,2:15:00 AM,0,0.1037,8.684
4/7/2025,2:30:00 AM,0,0.1043,8.679
4/7/2025,2:45:00 AM,0,0.1036,8.67
4/7/2025,3:00:00 AM,0,0.1058,8.669
4/7/2025,3:15:00 AM,0,0.1028,8.67
4/7/2025,3:30:00 AM,0,0.1044,8.681
4/7/2025,3:45:00 AM,0,0.1063,8.689
4/7/2025,4:00:00 AM,0,0.104,8.7
4/7/2025,4:15:00 AM,0,0.1016,8.702
4/7/2025,4:30:00 AM,0,0.1027,8.688
4/7/2025,4:45:00 AM,0,0.1031,8.68
4/7/2025,5:00:00 AM,0,0.1034,8.671
4/7/2025,5:15:00 AM,0,0.1014,8.663
4/7/2025,5:30:00 AM,0,0.1026,8.647
4/7/2025,5:45:00 AM,0,0.1012,8.618
4/7/2025,6:00:00 AM,0,0.1017,8.596
4/7/2025,6:15:00 AM,0,0.1005,8.588
4/7/2025,6:30:00 AM,0,0.1005,8.584
4/7/2025,6:45:00 AM,0,0.0992,8.586
4/7/2025,7:00:00 AM,0,0.0981,8.599
4/7/2025,7:15:00 AM,0,0.0983,8.592
4/7/2025,7:30:00 AM,0,0.0989,8.606
4/7/2025,7:45:00 AM,0,0.0991,8.621
4/7/2025,8:00:00 AM,0,0.0976,8.636
4/7/2025,8:15:00 AM,0,0.097,8.671
4/7/2025,8:30:00 AM,0,0.1,8.699
4/7/2025,8:45:00 AM,0,0.0999,8.75
4/7/2025,9:00:00 AM,0,0.1006,8.816
4/7/2025,9:15:00 AM,0,0.1011,8.899
4/7/2025,9:30:00 AM,0,0.1043,8.934
4/7/2025,9:45:00 AM,0,0.1005,8.998
4/7/2025,10:00:00 AM,0,0.1017,9.031
4/7/2025,10:15:00 AM,0,0.1023,9.113
4/7/2025,10:30:00 AM,0,0.1041,9.167
4/7/2025,10:45:00 AM,0,0.1051,9.272
4/7/2025,11:00:00 AM,0,0.1009,9.241
4/7/2025,11:15:00 AM,0,0.1064,9.281
4/7/2025,11:30:00 AM,0,0.1042,9.285
4/7/2025,11:45:00 AM,0,0.1058,9.269
4/7/2025,12:00:00 PM,0,0.1061,9.302
4/7/2025,12:15:00 PM,0,0.1052,9.416
4/7/2025,12:30:00 PM,0,0.1067,9.505
4/7/2025,12:45:00 PM,0,0.1073,9.606
4/7/2025,1:00:00 PM,0,0.0985,9.683
4/7/2025,1:15:00 PM,0,0.1048,9.776
4/7/2025,1:30:00 PM,0,0.0992,9.698
4/7/2025,1:45:00 PM,0,0.098,9.556
4/7/2025,2:00:00 PM,0,0.0985,9.613
4/7/2025,2:15:00 PM,0,0.1007,9.62
4/7/2025,2:30:00 PM,0,0.1014,9.493
4/7/2025,2:45:00 PM,0,0.0973,9.356
4/7/2025,3:00:00 PM,0,0.0964,9.242
4/7/2025,3:15:00 PM,0,0.0963,9.248
4/7/2025,3:30:00 PM,0,0.0981,9.281
4/7/2025,3:45:00 PM,0,0.0981,9.24
4/7/2025,4:00:00 PM,0,0.0975,9.165
4/7/2025,4:15:00 PM,0,0.0972,9.107
4/7/2025,4:30:00 PM,0,0.095,9.054
4/7/2025,4:45:00 PM,0,0.0995,9.016
4/7/2025,5:00:00 PM,0,0.0968,8.973
4/7/2025,5:15:00 PM,0,0.0987,8.999
4/7/2025,5:30:00 PM,0,0.1006,9.096
4/7/2025,5:45:00 PM,0,0.0996,9.074
4/7/2025,6:00:00 PM,0,0.0979,9.003
4/7/2025,6:15:00 PM,0,0.098,8.946
4/7/2025,6:30:00 PM,0,0.0966,8.905
4/7/2025,6:45:00 PM,0,0.0966,8.883
4/7/2025,7:00:00 PM,0,0.0968,8.855
4/7/2025,7:15:00 PM,0,0.0961,8.83
4/7/2025,7:30:00 PM,0,0.0964,8.809
4/7/2025,7:45:00 PM,0,0.0954,8.781
4/7/2025,8:00:00 PM,0,0.0961,8.75
4/7/2025,8:15:00 PM,0,0.0967,8.711
4/7/2025,8:30:00 PM,0,0.0973,8.683
4/7/2025,8:45:00 PM,0,0.0965,8.678
4/7/2025,9:00:00 PM,0,0.0939,8.672
4/7/2025,9:15:00 PM,0,0.0938,8.666
4/7/2025,9:30:00 PM,0,0.0936,8.649
4/7/2025,9:45:00 PM,0,0.0935,8.629
4/7/2025,10:00:00 PM,0,0.0919,8.606
4/7/2025,10:15:00 PM,0,0.0917,8.574
4/7/2025,10:30:00 PM,0,0.0917,8.541
4/7/2025,10:45:00 PM,0,0.0918,8.508
4/7/2025,11:00:00 PM,0,0.0898,8.486
4/7/2025,11:15:00 PM,0,0.0891,8.469
4/7/2025,11:30:00 PM,0,0.0893,8.452
4/7/2025,11:45:00 PM,0,0.0887,8.434
4/8/2025,12:00:00 AM,0,0.0876,8.438
4/8/2025,12:15:00 AM,0,0.087,8.431
4/8/2025,12:30:00 AM,0,0.0863,8.413
4/8/2025,12:45:00 AM,0,0.086,8.415
4/8/2025,1:00:00 AM,0,0.0864,8.423
4/8/2025,1:15:00 AM,0,0.0856,8.424
4/8/2025,1:30:00 AM,0,0.085,8.421
4/8/2025,1:45:00 AM,0,0.0849,8.411
4/8/2025,2:00:00 AM,0,0.0863,8.419
4/8/2025,2:15:00 AM,0,0.0826,8.429
4/8/2025,2:30:00 AM,0,0.0871,8.43
4/8/2025,2:45:00 AM,0,0.0861,8.424
4/8/2025,3:00:00 AM,0,0.0879,8.421
4/8/2025,3:15:00 AM,0,0.0874,8.407
4/8/2025,3:30:00 AM,0,0.0879,8.401
4/8/2025,3:45:00 AM,0,0.0858,8.378
4/8/2025,4:00:00 AM,0,0.087,8.367
4/8/2025,4:15:00 AM,0,0.0868,8.357
4/8/2025,4:30:00 AM,0,0.0856,8.346
4/8/2025,4:45:00 AM,0,0.0866,8.345
4/8/2025,5:00:00 AM,0,0.0839,8.341
4/8/2025,5:15:00 AM,0,0.082,8.34
4/8/2025,5:30:00 AM,0,0.0861,8.324
4/8/2025,5:45:00 AM,0,0.0858,8.305
4/8/2025,6:00:00 AM,0,0.0824,8.27
4/8/2025,6:15:00 AM,0,0.0826,8.255
4/8/2025,6:30:00 AM,0,0.0803,8.251
4/8/2025,6:45:00 AM,0,0.0806,8.247
4/8/2025,7:00:00 AM,0,0.0809,8.255
4/8/2025,7:15:00 AM,0,0.0813,8.268
4/8/2025,7:30:00 AM,0,0.0804,8.3
4/8/2025,7:45:00 AM,0,0.0825,8.336
4/8/2025,8:00:00 AM,0,0.0828,8.382
4/8/2025,8:15:00 AM,0,0.0831,8.424
4/8/2025,8:30:00 AM,0,0.0831,8.463
4/8/2025,8:45:00 AM,0,0.0842,8.517
4/8/2025,9:00:00 AM,0,0.0852,8.568
4/8/2025,9:15:00 AM,0,0.0854,8.628
4/8/2025,9:30:00 AM,0,0.089,8.694
4/8/2025,9:45:00 AM,0,0.0907,8.754
4/8/2025,10:00:00 AM,0,0.0899,8.83
4/8/2025,10:15:00 AM,0,0.0904,8.899
4/8/2025,10:30:00 AM,0,0.0923,8.976
4/8/2025,10:45:00 AM,0,0.0907,9.074
4/8/2025,11:00:00 AM,0,0.0958,9.179
4/8/2025,11:15:00 AM,0,0.0951,9.271
4/8/2025,11:30:00 AM,0,0.0994,9.358
4/8/2025,11:45:00 AM,0,0.1017,9.452
4/8/2025,12:00:00 PM,0,0.1029,9.511
4/8/2025,12:15:00 PM,0,0.1025,9.571
4/8/2025,12:30:00 PM,0,0.1029,9.599
4/8/2025,12:45:00 PM,0,0.1035,9.632
4/8/2025,1:00:00 PM,0,0.1032,9.597
4/8/2025,1:15:00 PM,0,0.1046,9.628
4/8/2025,1:30:00 PM,0,0.1004,9.593
4/8/2025,1:45:00 PM,0,0.1091,9.664
4/8/2025,2:00:00 PM,0,0.1092,9.783
4/8/2025,2:15:00 PM,0,0.1063,9.852
4/8/2025,2:30:00 PM,0,0.1089,9.881
4/8/2025,2:45:00 PM,0,0.1075,9.92
4/8/2025,3:00:00 PM,0,0.1062,9.919
4/8/2025,3:15:00 PM,0,0.1044,9.861
4/8/2025,3:30:00 PM,0,0.1032,9.77
4/8/2025,3:45:00 PM,0,0.1023,9.66
4/8/2025,4:00:00 PM,0,0.1025,9.601
4/8/2025,4:15:00 PM,0,0.1001,9.465
4/8/2025,4:30:00 PM,0,0.1006,9.375
4/8/2025,4:45:00 PM,0,0.1013,9.374
4/8/2025,5:00:00 PM,0,0.0991,9.359
4/8/2025,5:15:00 PM,0,0.0994,9.293
4/8/2025,5:30:00 PM,0,0.0975,9.238
4/8/2025,5:45:00 PM,0,0.0977,9.208
4/8/2025,6:00:00 PM,0,0.096,9.177
4/8/2025,6:15:00 PM,0,0.0947,9.109
4/8/2025,6:30:00 PM,0,0.0953,9.069
4/8/2025,6:45:00 PM,0,0.0936,9.027
4/8/2025,7:00:00 PM,0,0.0925,8.968
4/8/2025,7:15:00 PM,0,0.0904,8.9
4/8/2025,7:30:00 PM,0,0.0887,8.84
4/8/2025,7:45:00 PM,0,0.0888,8.803
4/8/2025,8:00:00 PM,0,0.0861,8.778
4/8/2025,8:15:00 PM,0,0.0867,8.747
4/8/2025,8:30:00 PM,0,0.0857,8.717
4/8/2025,8:45:00 PM,0,0.0829,8.698
4/8/2025,9:00:00 PM,0,0.0824,8.671
4/8/2025,9:15:00 PM,0,0.0828,8.65
4/8/2025,9:30:00 PM,0,0.0838,8.622
4/8/2025,9:45:00 PM,0,0.0835,8.598
4/8/2025,10:00:00 PM,0,0.0842,8.57
4/8/2025,10:15:00 PM,0,0.0812,8.546
4/8/2025,10:30:00 PM,0,0.0807,8.517
4/8/2025,10:45:00 PM,0,0.0828,8.495
4/8/2025,11:00:00 PM,0,0.0836,8.481
4/8/2025,11:15:00 PM,0,0.0828,8.462
4/8/2025,11:30:00 PM,0,0.082,8.45
4/8/2025,11:45:00 PM,0,0.0821,8.43
4/9/2025,12:00:00 AM,0,0.0812,8.412
4/9/2025,12:15:00 AM,0,0.0819,8.398
4/9/2025,12:30:00 AM,0,0.0833,8.383
4/9/2025,12:45:00 AM,0,0.0822,8.376
4/9/2025,1:00:00 AM,0,0.0838,8.367
4/9/2025,1:15:00 AM,0,0.0822,8.36
4/9/2025,1:30:00 AM,0,0.083,8.348
4/9/2025,1:45:00 AM,0,0.0821,8.332
4/9/2025,2:00:00 AM,0,0.0827,8.327
4/9/2025,2:15:00 AM,0,0.0823,8.321
4/9/2025,2:30:00 AM,0,0.0818,8.309
4/9/2025,2:45:00 AM,0,0.0841,8.307
4/9/2025,3:00:00 AM,0,0.0836,8.299
4/9/2025,3:15:00 AM,0,0.0841,8.293
4/9/2025,3:30:00 AM,0,0.083,8.287
4/9/2025,3:45:00 AM,0,0.0842,8.286
4/9/2025,4:00:00 AM,0,0.083,8.273
4/9/2025,4:15:00 AM,0,0.0843,8.272
4/9/2025,4:30:00 AM,0,0.0839,8.261
4/9/2025,4:45:00 AM,0,0.084,8.251
4/9/2025,5:00:00 AM,0,0.0829,8.247
4/9/2025,5:15:00 AM,0,0.0823,8.244
4/9/2025,5:30:00 AM,0,0.0835,8.247
4/9/2025,5:45:00 AM,0,0.0841,8.228
4/9/2025,6:00:00 AM,0,0.0841,8.229
4/9/2025,6:15:00 AM,0,0.0832,8.218
4/9/2025,6:30:00 AM,0,0.0828,8.215
4/9/2025,6:45:00 AM,0,0.0834,8.212
4/9/2025,7:00:00 AM,0,0.084,8.202
4/9/2025,7:15:00 AM,0,0.0839,8.208
4/9/2025,7:30:00 AM,0,0.0834,8.222
4/9/2025,7:45:00 AM,0,0.0843,8.258
4/9/2025,8:00:00 AM,0,0.0873,8.316
4/9/2025,8:15:00 AM,0,0.087,8.377
4/9/2025,8:30:00 AM,0,0.0868,8.452
4/9/2025,8:45:00 AM,0,0.087,8.517
4/9/2025,9:00:00 AM,0,0.0874,8.584
4/9/2025,9:15:00 AM,0,0.0873,8.647
4/9/2025,9:30:00 AM,0,0.085,8.72
4/9/2025,9:45:00 AM,0,0.0839,8.794
4/9/2025,10:00:00 AM,0,0.0836,8.886
4/9/2025,10:15:00 AM,0,0.0825,8.984
4/9/2025,10:30:00 AM,0,0.0884,9.081
4/9/2025,10:45:00 AM,0,0.0878,9.201
4/9/2025,11:00:00 AM,0,0.0883,9.3
4/9/2025,11:15:00 AM,0,0.0901,9.396
4/9/2025,11:30:00 AM,0,0.0896,9.472
4/9/2025,11:45:00 AM,0,0.0886,9.552
4/9/2025,12:00:00 PM,0,0.0951,9.636
4/9/2025,12:15:00 PM,0,0.0926,9.705
4/9/2025,12:30:00 PM,0,0.094,9.713
4/9/2025,12:45:00 PM,0,0.0978,9.751
4/9/2025,1:00:00 PM,0,0.0979,9.84
4/9/2025,1:15:00 PM,0,0.1001,9.873
4/9/2025,1:30:00 PM,0,0.0984,9.831
4/9/2025,1:45:00 PM,0,0.1027,9.861
4/9/2025,2:00:00 PM,0,0.1002,9.885
4/9/2025,2:15:00 PM,0,0.101,9.903
4/9/2025,2:30:00 PM,0,0.1016,9.905
4/9/2025,2:45:00 PM,0,0.0999,9.909
4/9/2025,3:00:00 PM,0,0.1011,9.881
4/9/2025,3:15:00 PM,0,0.1008,9.855
4/9/2025,3:30:00 PM,0,0.1009,9.807
4/9/2025,3:45:00 PM,0,0.1017,9.794
4/9/2025,4:00:00 PM,0,0.1012,9.765
4/9/2025,4:15:00 PM,0,0.1006,9.734
4/9/2025,4:30:00 PM,0,0.1018,9.701
4/9/2025,4:45:00 PM,0,0.1018,9.65
4/9/2025,5:00:00 PM,0,0.0985,9.58
4/9/2025,5:15:00 PM,0,0.0986,9.529
4/9/2025,5:30:00 PM,0,0.0983,9.471
4/9/2025,5:45:00 PM,0,0.0973,9.391
4/9/2025,6:00:00 PM,0,0.0956,9.287
4/9/2025,6:15:00 PM,0,0.0947,9.219
4/9/2025,6:30:00 PM,0,0.0934,9.153
4/9/2025,6:45:00 PM,0,0.0924,9.075
4/9/2025,7:00:00 PM,0,0.0909,9.013
4/9/2025,7:15:00 PM,0,0.0914,8.969
4/9/2025,7:30:00 PM,0,0.0897,8.93
4/9/2025,7:45:00 PM,0,0.0893,8.881
4/9/2025,8:00:00 PM,0,0.0892,8.846
4/9/2025,8:15:00 PM,0,0.09,8.821
4/9/2025,8:30:00 PM,0,0.0893,8.796
4/9/2025,8:45:00 PM,0,0.0898,8.766
4/9/2025,9:00:00 PM,0,0.0902,8.744
4/9/2025,9:15:00 PM,0,0.0897,8.726
4/9/2025,9:30:00 PM,0,0.0897,8.706
4/9/2025,9:45:00 PM,0,0.0896,8.683
4/9/2025,10:00:00 PM,0,0.0886,8.669
4/9/2025,10:15:00 PM,0,0.0908,8.659
4/9/2025,10:30:00 PM,0,0.0864,8.652
4/9/2025,10:45:00 PM,0,0.0879,8.652
4/9/2025,11:00:00 PM,0,0.0893,8.642
4/9/2025,11:15:00 PM,0,0.0895,8.63
4/9/2025,11:30:00 PM,0,0.0872,8.614
4/9/2025,11:45:00 PM,0,0.0885,8.597
4/10/2025,12:00:00 AM,0,0.0895,8.582
4/10/2025,12:15:00 AM,0,0.0886,8.567
4/10/2025,12:30:00 AM,0,0.0863,8.555
4/10/2025,12:45:00 AM,0,0.0876,8.538
4/10/2025,1:00:00 AM,0,0.0879,8.523
4/10/2025,1:15:00 AM,0,0.0886,8.508
4/10/2025,1:30:00 AM,0,0.0887,8.501
4/10/2025,1:45:00 AM,0,0.0882,8.494
4/10/2025,2:00:00 AM,0,0.0868,8.485
4/10/2025,2:15:00 AM,0,0.0864,8.47
4/10/2025,2:30:00 AM,0,0.0876,8.462
4/10/2025,2:45:00 AM,0,0.0874,8.458
4/10/2025,3:00:00 AM,0,0.0881,8.456
4/10/2025,3:15:00 AM,0,0.0908,8.462
4/10/2025,3:30:00 AM,0,0.0905,8.46
4/10/2025,3:45:00 AM,0,0.0892,8.455
4/10/2025,4:00:00 AM,0,0.0896,8.439
4/10/2025,4:15:00 AM,0,0.0883,8.425
4/10/2025,4:30:00 AM,0,0.0865,8.396
4/10/2025,4:45:00 AM,0,0.0868,8.381
4/10/2025,5:00:00 AM,0,0.0879,8.367
4/10/2025,5:15:00 AM,0,0.0884,8.366
4/10/2025,5:30:00 AM,0,0.0858,8.354
4/10/2025,5:45:00 AM,0,0.0879,8.347
4/10/2025,6:00:00 AM,0,0.0867,8.352
4/10/2025,6:15:00 AM,0,0.0868,8.342
4/10/2025,6:30:00 AM,0,0.0883,8.338
4/10/2025,6:45:00 AM,0,0.0873,8.334
4/10/2025,7:00:00 AM,0,0.0853,8.331
4/10/2025,7:15:00 AM,0,0.0852,8.338
4/10/2025,7:30:00 AM,0,0.0854,8.337
4/10/2025,7:45:00 AM,0,0.0855,8.363
4/10/2025,8:00:00 AM,0,0.0878,8.421
4/10/2025,8:15:00 AM,0,0.0883,8.482
4/10/2025,8:30:00 AM,0,0.0887,8.557
4/10/2025,8:45:00 AM,0,0.0904,8.645
4/10/2025,9:00:00 AM,0,0.0914,8.73
4/10/2025,9:15:00 AM,0,0.0914,8.817
4/10/2025,9:30:00 AM,0,0.0897,8.901
4/10/2025,9:45:00 AM,0,0.092,8.985
4/10/2025,10:00:00 AM,0,0.0925,9.082
4/10/2025,10:15:00 AM,0,0.0959,9.188
4/10/2025,10:30:00 AM,0,0.0995,9.301
4/10/2025,10:45:00 AM,0,0.1025,9.429
4/10/2025,11:00:00 AM,0,0.1048,9.555
4/10/2025,11:15:00 AM,0,0.1046,9.661
4/10/2025,11:30:00 AM,0,0.1076,9.759
4/10/2025,11:45:00 AM,0,0.1057,9.86
4/10/2025,12:00:00 PM,0,0.1041,9.965
4/10/2025,12:15:00 PM,0,0.106,10.058
4/10/2025,12:30:00 PM,0,0.1067,10.107
4/10/2025,12:45:00 PM,0,0.109,10.153
4/10/2025,1:00:00 PM,0,0.109,10.258
4/10/2025,1:15:00 PM,0,0.1075,10.309
4/10/2025,1:30:00 PM,0,0.108,10.314
4/10/2025,1:45:00 PM,0,0.1111,10.324
4/10/2025,2:00:00 PM,0,0.1061,10.329
4/10/2025,2:15:00 PM,0,0.1076,10.346
4/10/2025,2:30:00 PM,0,0.1098,10.323
4/10/2025,2:45:00 PM,0,0.1076,10.293
4/10/2025,3:00:00 PM,0,0.1071,10.208
4/10/2025,3:15:00 PM,0,0.1065,10.165
4/10/2025,3:30:00 PM,0,0.1065,10.109
4/10/2025,3:45:00 PM,0,0.1058,10.052
4/10/2025,4:00:00 PM,0,0.1092,10.003
4/10/2025,4:15:00 PM,0,0.1056,9.963
4/10/2025,4:30:00 PM,0,0.1059,9.898
4/10/2025,4:45:00 PM,0,0.1053,9.805
4/10/2025,5:00:00 PM,0,0.103,9.654
4/10/2025,5:15:00 PM,0,0.0989,9.437
4/10/2025,5:30:00 PM,0,0.0994,9.368
4/10/2025,5:45:00 PM,0,0.1007,9.349
4/10/2025,6:00:00 PM,0,0.1002,9.35
4/10/2025,6:15:00 PM,0,0.1001,9.323
4/10/2025,6:30:00 PM,0,0.0994,9.279
4/10/2025,6:45:00 PM,0,0.0987,9.252
4/10/2025,7:00:00 PM,0,0.0984,9.189
4/10/2025,7:15:00 PM,0,0.0965,9.117
4/10/2025,7:30:00 PM,0,0.0969,9.03
4/10/2025,7:45:00 PM,0,0.0958,8.981
4/10/2025,8:00:00 PM,0,0.095,8.942
4/10/2025,8:15:00 PM,0,0.0945,8.906
4/10/2025,8:30:00 PM,0,0.0939,8.881
4/10/2025,8:45:00 PM,0,0.0932,8.856
4/10/2025,9:00:00 PM,0,0.0915,8.836
4/10/2025,9:15:00 PM,0,0.0897,8.824
4/10/2025,9:30:00 PM,0,0.0898,8.811
4/10/2025,9:45:00 PM,0,0.088,8.793
4/10/2025,10:00:00 PM,0,0.0867,8.784
4/10/2025,10:15:00 PM,0,0.0874,8.776
4/10/2025,10:30:00 PM,0,0.0869,8.772
4/10/2025,10:45:00 PM,0,0.0862,8.771
4/10/2025,11:00:00 PM,0,0.0869,8.77
4/10/2025,11:15:00 PM,0,0.084,8.749
4/10/2025,11:30:00 PM,0,0.0834,8.741
4/10/2025,11:45:00 PM,0,0.0845,8.728
4/11/2025,12:00:00 AM,0,0.0857,8.715
4/11/2025,12:15:00 AM,0,0.0843,8.703
4/11/2025,12:30:00 AM,0,0.0839,8.685
4/11/2025,12:45:00 AM,0,0.0842,8.666
4/11/2025,1:00:00 AM,0,0.0837,8.647
4/11/2025,1:15:00 AM,0,0.0825,8.631
4/11/2025,1:30:00 AM,0,0.0829,8.62
4/11/2025,1:45:00 AM,0,0.0825,8.616
4/11/2025,2:00:00 AM,0,0.0829,8.619
4/11/2025,2:15:00 AM,0,0.0844,8.622
4/11/2025,2:30:00 AM,0,0.0829,8.621
4/11/2025,2:45:00 AM,0,0.0839,8.616
4/11/2025,3:00:00 AM,0,0.0858,8.611
4/11/2025,3:15:00 AM,0,0.0843,8.592
4/11/2025,3:30:00 AM,0,0.0839,8.577
4/11/2025,3:45:00 AM,0,0.0836,8.576
4/11/2025,4:00:00 AM,0,0.0833,8.575
4/11/2025,4:15:00 AM,0,0.0805,8.562
4/11/2025,4:30:00 AM,0,0.0805,8.555
4/11/2025,4:45:00 AM,0,0.0817,8.545
4/11/2025,5:00:00 AM,0,0.0811,8.531
4/11/2025,5:15:00 AM,0,0.0824,8.515
4/11/2025,5:30:00 AM,0,0.0828,8.505
4/11/2025,5:45:00 AM,0,0.0824,8.496
4/11/2025,6:00:00 AM,0,0.0818,8.494
4/11/2025,6:15:00 AM,0,0.0824,8.491
4/11/2025,6:30:00 AM,0,0.0829,8.485
4/11/2025,6:45:00 AM,0,0.0816,8.483
4/11/2025,7:00:00 AM,0,0.0821,8.479
4/11/2025,7:15:00 AM,0,0.083,8.478
4/11/2025,7:30:00 AM,0,0.0829,8.499
4/11/2025,7:45:00 AM,0,0.0828,8.538
4/11/2025,8:00:00 AM,0,0.0821,8.592
4/11/2025,8:15:00 AM,0,0.084,8.635
4/11/2025,8:30:00 AM,0,0.0862,8.712
4/11/2025,8:45:00 AM,0,0.0871,8.801
4/11/2025,9:00:00 AM,0,0.0884,8.879
4/11/2025,9:15:00 AM,0,0.0902,8.94
4/11/2025,9:30:00 AM,0,0.0891,8.985
4/11/2025,9:45:00 AM,0,0.0914,9.042
4/11/2025,10:00:00 AM,0,0.0945,9.103
4/11/2025,10:15:00 AM,0,0.0935,9.14
4/11/2025,10:30:00 AM,0,0.0952,9.197
4/11/2025,10:45:00 AM,0,0.0968,9.269
4/11/2025,11:00:00 AM,0,0.0987,9.338
4/11/2025,11:15:00 AM,0,0.0997,9.418
4/11/2025,11:30:00 AM,0,0.1,9.494
4/11/2025,11:45:00 AM,0,0.102,9.52
4/11/2025,12:00:00 PM,0,0.103,9.553
4/11/2025,12:15:00 PM,0,0.103,9.605
4/11/2025,12:30:00 PM,0,0.1028,9.585
4/11/2025,12:45:00 PM,0,0.1053,9.702
4/11/2025,1:00:00 PM,0,0.1046,9.803
4/11/2025,1:15:00 PM,0,0.1063,9.861
4/11/2025,1:30:00 PM,0,0.1059,9.846
4/11/2025,1:45:00 PM,0,0.1063,9.808
4/11/2025,2:00:00 PM,0,0.1054,9.852
4/11/2025,2:15:00 PM,0,0.1084,9.914
4/11/2025,2:30:00 PM,0,0.0994,9.988
4/11/2025,2:45:00 PM,0,0.0972,10.023
4/11/2025,3:00:00 PM,0,0.099,10.024
4/11/2025,3:15:00 PM,0,0.1003,9.966
4/11/2025,3:30:00 PM,0,0.096,9.766
4/11/2025,3:45:00 PM,0,0.0961,9.609
4/11/2025,4:00:00 PM,0,0.0941,9.481
4/11/2025,4:15:00 PM,0,0.0952,9.383
4/11/2025,4:30:00 PM,0,0.0942,9.28
4/11/2025,4:45:00 PM,0,0.0937,9.212
4/11/2025,5:00:00 PM,0,0.0972,9.222
4/11/2025,5:15:00 PM,0,0.1001,9.337
4/11/2025,5:30:00 PM,0,0.0985,9.392
4/11/2025,5:45:00 PM,0,0.0985,9.362
4/11/2025,6:00:00 PM,0,0.0977,9.305
4/11/2025,6:15:00 PM,0,0.0958,9.219
4/11/2025,6:30:00 PM,0,0.0946,9.115
4/11/2025,6:45:00 PM,0,0.093,9.046
4/11/2025,7:00:00 PM,0,0.0923,9.005
4/11/2025,7:15:00 PM,0,0.0923,8.957
4/11/2025,7:30:00 PM,0,0.0916,8.936
4/11/2025,7:45:00 PM,0,0.0899,8.918
4/11/2025,8:00:00 PM,0,0.0875,8.889
4/11/2025,8:15:00 PM,0,0.0869,8.845
4/11/2025,8:30:00 PM,0,0.0863,8.802
4/11/2025,8:45:00 PM,0,0.085,8.769
4/11/2025,9:00:00 PM,0,0.0852,8.737
4/11/2025,9:15:00 PM,0,0.0839,8.705
4/11/2025,9:30:00 PM,0,0.0819,8.678
4/11/2025,9:45:00 PM,0,0.0817,8.657
4/11/2025,10:00:00 PM,0,0.0832,8.639
4/11/2025,10:15:00 PM,0,0.0821,8.624
4/11/2025,10:30:00 PM,0,0.081,8.607
4/11/2025,10:45:00 PM,0,0.0818,8.59
4/11/2025,11:00:00 PM,0,0.0822,8.571
4/11/2025,11:15:00 PM,0,0.0821,8.553
4/11/2025,11:30:00 PM,0,0.0811,8.534
4/11/2025,11:45:00 PM,0,0.0814,8.514
4/12/2025,12:00:00 AM,0,0.0869,8.485
4/12/2025,12:15:00 AM,0,0.0874,8.453
4/12/2025,12:30:00 AM,0,0.0862,8.43
4/12/2025,12:45:00 AM,0,0.0868,8.404
4/12/2025,1:00:00 AM,0,0.0866,8.387
4/12/2025,1:15:00 AM,0,0.0881,8.374
4/12/2025,1:30:00 AM,0,0.0867,8.369
4/12/2025,1:45:00 AM,0,0.0869,8.343
4/12/2025,2:00:00 AM,0,0.0851,8.322
4/12/2025,2:15:00 AM,0,0.0855,8.292
4/12/2025,2:30:00 AM,0,0.0848,8.282
4/12/2025,2:45:00 AM,0,0.0863,8.285
4/12/2025,3:00:00 AM,0,0.0858,8.284
4/12/2025,3:15:00 AM,0,0.0854,8.273
4/12/2025,3:30:00 AM,0,0.0851,8.262
4/12/2025,3:45:00 AM,0,0.0859,8.244
4/12/2025,4:00:00 AM,0,0.0847,8.229
4/12/2025,4:15:00 AM,0,0.0852,8.239
4/12/2025,4:30:00 AM,0,0.0845,8.23
4/12/2025,4:45:00 AM,0,0.0857,8.22
4/12/2025,5:00:00 AM,0,0.0857,8.21
4/12/2025,5:15:00 AM,0,0.0847,8.219
4/12/2025,5:30:00 AM,0,0.0841,8.21
4/12/2025,5:45:00 AM,0,0.0843,8.212
4/12/2025,6:00:00 AM,0,0.0852,8.21
4/12/2025,6:15:00 AM,0,0.0849,8.213
4/12/2025,6:30:00 AM,0,0.0837,8.211
4/12/2025,6:45:00 AM,0,0.0817,8.2
4/12/2025,7:00:00 AM,0,0.0829,8.183
4/12/2025,7:15:00 AM,0,0.0846,8.195
4/12/2025,7:30:00 AM,0,0.0838,8.213
4/12/2025,7:45:00 AM,0,0.0847,8.235
4/12/2025,8:00:00 AM,0,0.0849,8.286
4/12/2025,8:15:00 AM,0,0.0859,8.349
4/12/2025,8:30:00 AM,0,0.0878,8.425
4/12/2025,8:45:00 AM,0,0.089,8.5
4/12/2025,9:00:00 AM,0,0.091,8.566
4/12/2025,9:15:00 AM,0,0.091,8.64
4/12/2025,9:30:00 AM,0,0.0909,8.698
4/12/2025,9:45:00 AM,0,0.0953,8.777
4/12/2025,10:00:00 AM,0,0.0954,8.923
4/12/2025,10:15:00 AM,0,0.096,9.018
4/12/2025,10:30:00 AM,0,0.0932,8.966
4/12/2025,10:45:00 AM,0,0.0928,8.965
4/12/2025,11:00:00 AM,0,0.0996,9.041
4/12/2025,11:15:00 AM,0,0.0995,9.176
4/12/2025,11:30:00 AM,0,0.1017,9.299
4/12/2025,11:45:00 AM,0,0.1016,9.428
4/12/2025,12:00:00 PM,0,0.1013,9.477
4/12/2025,12:15:00 PM,0,0.1033,9.484
4/12/2025,12:30:00 PM,0,0.1029,9.559
4/12/2025,12:45:00 PM,0,0.105,9.648
4/12/2025,1:00:00 PM,0,0.1064,9.796
4/12/2025,1:15:00 PM,0,0.1075,9.842
4/12/2025,1:30:00 PM,0,0.1068,9.852
4/12/2025,1:45:00 PM,0,0.1072,9.885
4/12/2025,2:00:00 PM,0,0.1054,9.899
4/12/2025,2:15:00 PM,0,0.1075,9.907
4/12/2025,2:30:00 PM,0,0.1091,9.877
4/12/2025,2:45:00 PM,0,0.1045,9.84
4/12/2025,3:00:00 PM,0,0.105,9.799
4/12/2025,3:15:00 PM,0,0.1038,9.733
4/12/2025,3:30:00 PM,0,0.107,9.703
4/12/2025,3:45:00 PM,0,0.1034,9.667
4/12/2025,4:00:00 PM,0,0.1064,9.628
4/12/2025,4:15:00 PM,0,0.1053,9.597
4/12/2025,4:30:00 PM,0,0.1084,9.577
4/12/2025,4:45:00 PM,0,0.1067,9.51
4/12/2025,5:00:00 PM,0,0.1019,9.429
4/12/2025,5:15:00 PM,0,0.1024,9.353
4/12/2025,5:30:00 PM,0,0.1036,9.266
4/12/2025,5:45:00 PM,0,0.1025,9.192
4/12/2025,6:00:00 PM,0,0.1028,9.108
4/12/2025,6:15:00 PM,0,0.0998,9.033
4/12/2025,6:30:00 PM,0,0.0996,8.979
4/12/2025,6:45:00 PM,0,0.0988,8.919
4/12/2025,7:00:00 PM,0,0.098,8.844
4/12/2025,7:15:00 PM,0,0.0981,8.793
4/12/2025,7:30:00 PM,0,0.0978,8.743
4/12/2025,7:45:00 PM,0,0.0964,8.704
4/12/2025,8:00:00 PM,0,0.0963,8.663
4/12/2025,8:15:00 PM,0,0.0947,8.621
4/12/2025,8:30:00 PM,0,0.0937,8.596
4/12/2025,8:45:00 PM,0,0.0919,8.583
4/12/2025,9:00:00 PM,0,0.0917,8.57
4/12/2025,9:15:00 PM,0,0.0903,8.56
4/12/2025,9:30:00 PM,0,0.0891,8.547
4/12/2025,9:45:00 PM,0,0.0886,8.536
4/12/2025,10:00:00 PM,0,0.0876,8.528
4/12/2025,10:15:00 PM,0,0.086,8.522
4/12/2025,10:30:00 PM,0,0.0876,8.514
4/12/2025,10:45:00 PM,0,0.0854,8.501
4/12/2025,11:00:00 PM,0,0.0871,8.493
4/12/2025,11:15:00 PM,0,0.0879,8.488
4/12/2025,11:30:00 PM,0,0.0842,8.476
4/12/2025,11:45:00 PM,0,0.0846,8.452
4/13/2025,12:00:00 AM,0,0.0833,8.43
4/13/2025,12:15:00 AM,0,0.083,8.403
4/13/2025,12:30:00 AM,0,0.0837,8.374
4/13/2025,12:45:00 AM,0,0.0795,8.339
4/13/2025,1:00:00 AM,0,0.0806,8.312
4/13/2025,1:15:00 AM,0,0.0792,8.284
4/13/2025,1:30:00 AM,0,0.0775,8.273
4/13/2025,1:45:00 AM,0,0.0799,8.249
4/13/2025,2:00:00 AM,0,0.0783,8.259
4/13/2025,2:15:00 AM,0,0.081,8.265
4/13/2025,2:30:00 AM,0,0.0802,8.27
4/13/2025,2:45:00 AM,0,0.083,8.269
4/13/2025,3:00:00 AM,0,0.0807,8.265
4/13/2025,3:15:00 AM,0,0.0789,8.265
4/13/2025,3:30:00 AM,0,0.0776,8.248
4/13/2025,3:45:00 AM,0,0.0785,8.22
4/13/2025,4:00:00 AM,0,0.0787,8.182
4/13/2025,4:15:00 AM,0,0.0773,8.172
4/13/2025,4:30:00 AM,0,0.0768,8.163
4/13/2025,4:45:00 AM,0,0.0761,8.141
4/13/2025,5:00:00 AM,0,0.0772,8.126
4/13/2025,5:15:00 AM,0,0.0762,8.107
4/13/2025,5:30:00 AM,0,0.077,8.094
4/13/2025,5:45:00 AM,0,0.0777,8.081
4/13/2025,6:00:00 AM,0,0.0781,8.073
4/13/2025,6:15:00 AM,0,0.0794,8.062
4/13/2025,6:30:00 AM,0,0.0759,8.034
4/13/2025,6:45:00 AM,0,0.0773,8.044
4/13/2025,7:00:00 AM,0,0.0766,8.042
4/13/2025,7:15:00 AM,0,0.0763,8.032
4/13/2025,7:30:00 AM,0,0.0788,8.056
4/13/2025,7:45:00 AM,0,0.0778,8.101
4/13/2025,8:00:00 AM,0,0.0794,8.168
4/13/2025,8:15:00 AM,0,0.0808,8.246
4/13/2025,8:30:00 AM,0,0.0778,8.333
4/13/2025,8:45:00 AM,0,0.0816,8.419
4/13/2025,9:00:00 AM,0,0.0819,8.5
4/13/2025,9:15:00 AM,0,0.0791,8.589
4/13/2025,9:30:00 AM,0,0.0848,8.657
4/13/2025,9:45:00 AM,0,0.0809,8.754
4/13/2025,10:00:00 AM,0,0.0862,8.84
4/13/2025,10:15:00 AM,0,0.0808,8.939
4/13/2025,10:30:00 AM,0,0.0851,9.041
4/13/2025,10:45:00 AM,0,0.0845,9.145
4/13/2025,11:00:00 AM,0,0.0903,9.252
4/13/2025,11:15:00 AM,0,0.0936,9.343
4/13/2025,11:30:00 AM,0,0.0933,9.423
4/13/2025,11:45:00 AM,0,0.0937,9.504
4/13/2025,12:00:00 PM,0,0.097,9.582
4/13/2025,12:15:00 PM,0,0.0993,9.658
4/13/2025,12:30:00 PM,0,0.0988,9.707
4/13/2025,12:45:00 PM,0,0.1016,9.788
4/13/2025,1:00:00 PM,0,0.1049,9.899
4/13/2025,1:15:00 PM,0,0.1059,9.933
4/13/2025,1:30:00 PM,0,0.1065,9.953
4/13/2025,1:45:00 PM,0,0.1045,9.979
4/13/2025,2:00:00 PM,0,0.1059,9.996
4/13/2025,2:15:00 PM,0,0.105,10.001
4/13/2025,2:30:00 PM,0,0.1034,9.971
4/13/2025,2:45:00 PM,0,0.1005,9.957
4/13/2025,3:00:00 PM,0,0.1045,9.881
4/13/2025,3:15:00 PM,0,0.1021,9.832
4/13/2025,3:30:00 PM,0,0.103,9.794
4/13/2025,3:45:00 PM,0,0.101,9.733
4/13/2025,4:00:00 PM,0,0.1023,9.709
4/13/2025,4:15:00 PM,0,0.1018,9.67
4/13/2025,4:30:00 PM,0,0.1034,9.634
4/13/2025,4:45:00 PM,0,0.1053,9.603
4/13/2025,5:00:00 PM,0,0.0986,9.512
4/13/2025,5:15:00 PM,0,0.1006,9.447
4/13/2025,5:30:00 PM,0,0.1004,9.4
4/13/2025,5:45:00 PM,0,0.1001,9.317
4/13/2025,6:00:00 PM,0,0.098,9.242
4/13/2025,6:15:00 PM,0,0.099,9.161
4/13/2025,6:30:00 PM,0,0.0974,9.104
4/13/2025,6:45:00 PM,0,0.0976,9.047
4/13/2025,7:00:00 PM,0,0.0963,8.982
4/13/2025,7:15:00 PM,0,0.0956,8.922
4/13/2025,7:30:00 PM,0,0.0966,8.873
4/13/2025,7:45:00 PM,0,0.0955,8.829
4/13/2025,8:00:00 PM,0,0.0943,8.784
4/13/2025,8:15:00 PM,0,0.094,8.745
4/13/2025,8:30:00 PM,0,0.0947,8.707
4/13/2025,8:45:00 PM,0,0.0931,8.677
4/13/2025,9:00:00 PM,0,0.0924,8.647
4/13/2025,9:15:00 PM,0,0.0907,8.618
4/13/2025,9:30:00 PM,0,0.0895,8.596
4/13/2025,9:45:00 PM,0,0.089,8.579
4/13/2025,10:00:00 PM,0,0.0873,8.563
4/13/2025,10:15:00 PM,0,0.0877,8.547
4/13/2025,10:30:00 PM,0,0.0876,8.53
4/13/2025,10:45:00 PM,0,0.0875,8.519
4/13/2025,11:00:00 PM,0,0.0876,8.509
4/13/2025,11:15:00 PM,0,0.0878,8.496
4/13/2025,11:30:00 PM,0,0.087,8.471
4/13/2025,11:45:00 PM,0,0.0869,8.448
4/14/2025,12:00:00 AM,0,0.0869,8.434
4/14/2025,12:15:00 AM,0,0.0865,8.415
4/14/2025,12:30:00 AM,0,0.0838,8.391
4/14/2025,12:45:00 AM,0,0.0854,8.379
4/14/2025,1:00:00 AM,0,0.0843,8.371
4/14/2025,1:15:00 AM,0,0.0838,8.36
4/14/2025,1:30:00 AM,0,0.0845,8.344
4/14/2025,1:45:00 AM,0,0.0836,8.335
4/14/2025,2:00:00 AM,0,0.0849,8.324
4/14/2025,2:15:00 AM,0,0.0834,8.313
4/14/2025,2:30:00 AM,0,0.0822,8.298
4/14/2025,2:45:00 AM,0,0.0849,8.288
4/14/2025,3:00:00 AM,0,0.0845,8.284
4/14/2025,3:15:00 AM,0,0.085,8.276
4/14/2025,3:30:00 AM,0,0.084,8.265
4/14/2025,3:45:00 AM,0,0.0821,8.242
4/14/2025,4:00:00 AM,0,0.0827,8.232
4/14/2025,4:15:00 AM,0,0.0825,8.232
4/14/2025,4:30:00 AM,0,0.0831,8.228
4/14/2025,4:45:00 AM,0,0.0826,8.219
4/14/2025,5:00:00 AM,0,0.0815,8.218
4/14/2025,5:15:00 AM,0,0.0833,8.206
4/14/2025,5:30:00 AM,0,0.0831,8.181
4/14/2025,5:45:00 AM,0,0.0817,8.177
4/14/2025,6:00:00 AM,0,0.0797,8.156
4/14/2025,6:15:00 AM,0,0.0815,8.146
4/14/2025,6:30:00 AM,0,0.0811,8.14
4/14/2025,6:45:00 AM,0,0.0827,8.132
4/14/2025,7:00:00 AM,0,0.0804,8.118
4/14/2025,7:15:00 AM,0,0.0811,8.12
4/14/2025,7:30:00 AM,0,0.0815,8.144
4/14/2025,7:45:00 AM,0,0.0837,8.202
4/14/2025,8:00:00 AM,0,0.0838,8.279
4/14/2025,8:15:00 AM,0,0.085,8.371
4/14/2025,8:30:00 AM,0,0.0867,8.459
4/14/2025,8:45:00 AM,0,0.0877,8.547
4/14/2025,9:00:00 AM,0,0.0909,8.645
4/14/2025,9:15:00 AM,0,0.0901,8.727
4/14/2025,9:30:00 AM,0,0.0926,8.805
4/14/2025,9:45:00 AM,0,0.0925,8.892
4/14/2025,10:00:00 AM,0,0.0909,8.976
4/14/2025,10:15:00 AM,0,0.0921,9.074
4/14/2025,10:30:00 AM,0,0.0974,9.161
4/14/2025,10:45:00 AM,0,0.0977,9.276
4/14/2025,11:00:00 AM,0,0.1002,9.385
4/14/2025,11:15:00 AM,0,0.1024,9.49
4/14/2025,11:30:00 AM,0,0.1027,9.571
4/14/2025,11:45:00 AM,0,0.1031,9.64
4/14/2025,12:00:00 PM,0,0.1027,9.722
4/14/2025,12:15:00 PM,0,0.1032,9.806
4/14/2025,12:30:00 PM,0,0.1038,9.846
4/14/2025,12:45:00 PM,0,0.1042,9.906
4/14/2025,1:00:00 PM,0,0.1052,10.027
4/14/2025,1:15:00 PM,0,0.1063,10.063
4/14/2025,1:30:00 PM,0,0.0973,10.08
4/14/2025,1:45:00 PM,0,0.0985,10.115
4/14/2025,2:00:00 PM,0,0.0962,10.123
4/14/2025,2:15:00 PM,0,0.0995,10.122
4/14/2025,2:30:00 PM,0,0.0973,10.113
4/14/2025,2:45:00 PM,0,0.0954,10.09
4/14/2025,3:00:00 PM,0,0.0984,10.05
4/14/2025,3:15:00 PM,0,0.0965,10.011
4/14/2025,3:30:00 PM,0,0.0964,9.965
4/14/2025,3:45:00 PM,0,0.0957,9.932
4/14/2025,4:00:00 PM,0,0.0941,9.903
4/14/2025,4:15:00 PM,0,0.098,9.85
4/14/2025,4:30:00 PM,0,0.0959,9.796
4/14/2025,4:45:00 PM,0,0.0984,9.738
4/14/2025,5:00:00 PM,0,0.0932,9.659
4/14/2025,5:15:00 PM,0,0.0942,9.568
4/14/2025,5:30:00 PM,0,0.0954,9.513
4/14/2025,5:45:00 PM,0,0.0949,9.429
4/14/2025,6:00:00 PM,0,0.0941,9.344
4/14/2025,6:15:00 PM,0,0.0937,9.261
4/14/2025,6:30:00 PM,0,0.092,9.198
4/14/2025,6:45:00 PM,0,0.0913,9.134
4/14/2025,7:00:00 PM,0,0.0908,9.076
4/14/2025,7:15:00 PM,0,0.0898,9.016
4/14/2025,7:30:00 PM,0,0.0893,8.962
4/14/2025,7:45:00 PM,0,0.0888,8.917
4/14/2025,8:00:00 PM,0,0.0872,8.88
4/14/2025,8:15:00 PM,0,0.0879,8.838
4/14/2025,8:30:00 PM,0,0.0874,8.802
4/14/2025,8:45:00 PM,0,0.0866,8.768
4/14/2025,9:00:00 PM,0,0.0864,8.74
4/14/2025,9:15:00 PM,0,0.0859,8.716
4/14/2025,9:30:00 PM,0,0.0843,8.693
4/14/2025,9:45:00 PM,0,0.0826,8.666
4/14/2025,10:00:00 PM,0,0.084,8.646
4/14/2025,10:15:00 PM,0,0.083,8.629
4/14/2025,10:30:00 PM,0,0.0815,8.611
4/14/2025,10:45:00 PM,0,0.0815,8.596
4/14/2025,11:00:00 PM,0,0.0814,8.575
4/14/2025,11:15:00 PM,0,0.0818,8.565
4/14/2025,11:30:00 PM,0,0.0805,8.55
4/14/2025,11:45:00 PM,0,0.0826,8.544
4/15/2025,12:00:00 AM,0,0.0818,8.533
4/15/2025,12:15:00 AM,0,0.0814,8.52
4/15/2025,12:30:00 AM,0,0.0807,8.501
4/15/2025,12:45:00 AM,0,0.0801,8.483
4/15/2025,1:00:00 AM,0,0.0798,8.467
4/15/2025,1:15:00 AM,0,0.0785,8.449
4/15/2025,1:30:00 AM,0,0.081,8.429
4/15/2025,1:45:00 AM,0,0.0794,8.408
4/15/2025,2:00:00 AM,0,0.0789,8.403
4/15/2025,2:15:00 AM,0,0.0875,8.391
4/15/2025,2:30:00 AM,0,0.0853,8.377
4/15/2025,2:45:00 AM,0,0.0862,8.363
4/15/2025,3:00:00 AM,0,0.0846,8.357
4/15/2025,3:15:00 AM,0,0.0882,8.357
4/15/2025,3:30:00 AM,0,0.0872,8.363
4/15/2025,3:45:00 AM,0,0.0874,8.361
4/15/2025,4:00:00 AM,0,0.0855,8.348
4/15/2025,4:15:00 AM,0,0.084,8.328
4/15/2025,4:30:00 AM,0,0.0838,8.31
4/15/2025,4:45:00 AM,0,0.0835,8.299
4/15/2025,5:00:00 AM,0,0.0829,8.302
4/15/2025,5:15:00 AM,0,0.0845,8.3
4/15/2025,5:30:00 AM,0,0.0824,8.287
4/15/2025,5:45:00 AM,0,0.0817,8.264
4/15/2025,6:00:00 AM,0,0.0815,8.259
4/15/2025,6:15:00 AM,0,0.0833,8.243
4/15/2025,6:30:00 AM,0,0.0821,8.232
4/15/2025,6:45:00 AM,0,0.0818,8.228
4/15/2025,7:00:00 AM,0,0.0815,8.226
4/15/2025,7:15:00 AM,0,0.0817,8.242
4/15/2025,7:30:00 AM,0,0.0826,8.286
4/15/2025,7:45:00 AM,0,0.0831,8.348
4/15/2025,8:00:00 AM,0,0.0856,8.429
4/15/2025,8:15:00 AM,0,0.0847,8.512
4/15/2025,8:30:00 AM,0,0.0862,8.596
4/15/2025,8:45:00 AM,0,0.0867,8.677
4/15/2025,9:00:00 AM,0,0.0883,8.738
4/15/2025,9:15:00 AM,0,0.0892,8.802
4/15/2025,9:30:00 AM,0,0.0876,8.897
4/15/2025,9:45:00 AM,0,0.0933,8.992
4/15/2025,10:00:00 AM,0,0.0863,9.082
4/15/2025,10:15:00 AM,0,0.0922,9.183
4/15/2025,10:30:00 AM,0,0.096,9.278
4/15/2025,10:45:00 AM,0,0.0988,9.376
4/15/2025,11:00:00 AM,0,0.0988,9.481
4/15/2025,11:15:00 AM,0,0.0997,9.58
4/15/2025,11:30:00 AM,0,0.0996,9.664
4/15/2025,11:45:00 AM,0,0.1024,9.737
4/15/2025,12:00:00 PM,0,0.1055,9.818
4/15/2025,12:15:00 PM,0,0.1041,9.875
4/15/2025,12:30:00 PM,0,0.1022,9.913
4/15/2025,12:45:00 PM,0,0.1043,9.963
4/15/2025,1:00:00 PM,0,0.1056,10.066
4/15/2025,1:15:00 PM,0,0.1062,10.098
4/15/2025,1:30:00 PM,0,0.1056,10.115
4/15/2025,1:45:00 PM,0,0.1068,10.118
4/15/2025,2:00:00 PM,0,0.1026,10.16
4/15/2025,2:15:00 PM,0,0.1061,10.177
4/15/2025,2:30:00 PM,0,0.0943,10.177
4/15/2025,2:45:00 PM,0,0.0955,10.162
4/15/2025,3:00:00 PM,0,0.0945,10.096
4/15/2025,3:15:00 PM,0,0.0952,10.003
4/15/2025,3:30:00 PM,0,0.096,9.934
4/15/2025,3:45:00 PM,0,0.0939,9.885
4/15/2025,4:00:00 PM,0,0.0952,9.861
4/15/2025,4:15:00 PM,0,0.0994,9.862
4/15/2025,4:30:00 PM,0,0.0972,9.871
4/15/2025,4:45:00 PM,0,0.0982,9.789
4/15/2025,5:00:00 PM,0,0.0937,9.694
4/15/2025,5:15:00 PM,0,0.0944,9.589
4/15/2025,5:30:00 PM,0,0.0945,9.513
4/15/2025,5:45:00 PM,0,0.0966,9.468
4/15/2025,6:00:00 PM,0,0.0954,9.449
4/15/2025,6:15:00 PM,0,0.0946,9.419
4/15/2025,6:30:00 PM,0,0.0954,9.408
4/15/2025,6:45:00 PM,0,0.0952,9.362
4/15/2025,7:00:00 PM,0,0.0929,9.278
4/15/2025,7:15:00 PM,0,0.0926,9.183
4/15/2025,7:30:00 PM,0,0.0925,9.085
4/15/2025,7:45:00 PM,0,0.0915,9.021
4/15/2025,8:00:00 PM,0,0.0893,8.97
4/15/2025,8:15:00 PM,0,0.0893,8.935
4/15/2025,8:30:00 PM,0,0.0886,8.902
4/15/2025,8:45:00 PM,0,0.0869,8.877
4/15/2025,9:00:00 PM,0,0.0853,8.857
4/15/2025,9:15:00 PM,0,0.0834,8.827
4/15/2025,9:30:00 PM,0,0.0832,8.809
4/15/2025,9:45:00 PM,0,0.0839,8.792
4/15/2025,10:00:00 PM,0,0.0831,8.772
4/15/2025,10:15:00 PM,0,0.0824,8.767
4/15/2025,10:30:00 PM,0,0.0854,8.749
4/15/2025,10:45:00 PM,0,0.0835,8.728
4/15/2025,11:00:00 PM,0,0.0836,8.703
4/15/2025,11:15:00 PM,0,0.0834,8.681
4/15/2025,11:30:00 PM,0,0.0821,8.668
4/15/2025,11:45:00 PM,0,0.0851,8.651
4/16/2025,12:00:00 AM,0,0.0846,8.63
4/16/2025,12:15:00 AM,0,0.0855,8.612
4/16/2025,12:30:00 AM,0,0.0854,8.593
4/16/2025,12:45:00 AM,0,0.0845,8.576
4/16/2025,1:00:00 AM,0,0.0856,8.559
4/16/2025,1:15:00 AM,0,0.0859,8.546
4/16/2025,1:30:00 AM,0,0.0851,8.538
4/16/2025,1:45:00 AM,0,0.0859,8.527
4/16/2025,2:00:00 AM,0,0.0854,8.517
4/16/2025,2:15:00 AM,0,0.0871,8.506
4/16/2025,2:30:00 AM,0,0.0851,8.493
4/16/2025,2:45:00 AM,0,0.0855,8.478
4/16/2025,3:00:00 AM,0,0.0859,8.467
4/16/2025,3:15:00 AM,0,0.0867,8.463
4/16/2025,3:30:00 AM,0,0.0868,8.458
4/16/2025,3:45:00 AM,0,0.0863,8.448
4/16/2025,4:00:00 AM,0,0.0861,8.436
4/16/2025,4:15:00 AM,0,0.0863,8.432
4/16/2025,4:30:00 AM,0,0.0861,8.428
4/16/2025,4:45:00 AM,0,0.0864,8.426
4/16/2025,5:00:00 AM,0,0.0864,8.422
4/16/2025,5:15:00 AM,0,0.0867,8.411
4/16/2025,5:30:00 AM,0,0.086,8.397
4/16/2025,5:45:00 AM,0,0.0862,8.378
4/16/2025,6:00:00 AM,0,0.0851,8.356
4/16/2025,6:15:00 AM,0,0.0838,8.339
4/16/2025,6:30:00 AM,0,0.0845,8.329
4/16/2025,6:45:00 AM,0,0.0856,8.329
4/16/2025,7:00:00 AM,0,0.0857,8.337
4/16/2025,7:15:00 AM,0,0.0846,8.351
4/16/2025,7:30:00 AM,0,0.0857,8.382
4/16/2025,7:45:00 AM,0,0.0866,8.423
4/16/2025,8:00:00 AM,0,0.0876,8.482
4/16/2025,8:15:00 AM,0,0.0881,8.555
4/16/2025,8:30:00 AM,0,0.088,8.629
4/16/2025,8:45:00 AM,0,0.0894,8.706
4/16/2025,9:00:00 AM,0,0.0909,8.779
4/16/2025,9:15:00 AM,0,0.0927,8.853
4/16/2025,9:30:00 AM,0,0.09,8.93
4/16/2025,9:45:00 AM,0,0.0941,9.009
4/16/2025,10:00:00 AM,0,0.0886,9.069
4/16/2025,10:15:00 AM,0,0.098,9.157
4/16/2025,10:30:00 AM,0,0.0976,9.244
4/16/2025,10:45:00 AM,0,0.1007,9.337
4/16/2025,11:00:00 AM,0,0.1029,9.441
4/16/2025,11:15:00 AM,0,0.1017,9.528
4/16/2025,11:30:00 AM,0,0.1032,9.614
4/16/2025,11:45:00 AM,0,0.1041,9.701
4/16/2025,12:00:00 PM,0,0.105,9.78
4/16/2025,12:15:00 PM,0,0.1056,9.847
4/16/2025,12:30:00 PM,0,0.1045,9.882
4/16/2025,12:45:00 PM,0,0.1067,9.947
4/16/2025,1:00:00 PM,0,0.1041,10.053
4/16/2025,1:15:00 PM,0,0.1061,10.087
4/16/2025,1:30:00 PM,0,0.106,10.111
4/16/2025,1:45:00 PM,0,0.1045,10.151
4/16/2025,2:00:00 PM,0,0.1,10.167
4/16/2025,2:15:00 PM,0,0.1013,10.167
4/16/2025,2:30:00 PM,0,0.1048,10.153
4/16/2025,2:45:00 PM,0,0.1002,10.108
4/16/2025,3:00:00 PM,0,0.0995,10.064
4/16/2025,3:15:00 PM,0,0.1004,10.025
4/16/2025,3:30:00 PM,0,0.1037,9.98
4/16/2025,3:45:00 PM,0,0.0977,9.931
4/16/2025,4:00:00 PM,0,0.1025,9.892
4/16/2025,4:15:00 PM,0,0.1014,9.863
4/16/2025,4:30:00 PM,0,0.0987,9.821
4/16/2025,4:45:00 PM,0,0.1028,9.75
4/16/2025,5:00:00 PM,0,0.0956,9.657
4/16/2025,5:15:00 PM,0,0.0969,9.553
4/16/2025,5:30:00 PM,0,0.0977,9.483
4/16/2025,5:45:00 PM,0,0.0981,9.414
4/16/2025,6:00:00 PM,0,0.097,9.345
4/16/2025,6:15:00 PM,0,0.0971,9.264
4/16/2025,6:30:00 PM,0,0.0963,9.205
4/16/2025,6:45:00 PM,0,0.0962,9.14
4/16/2025,7:00:00 PM,0,0.096,9.075
4/16/2025,7:15:00 PM,0,0.096,8.997
4/16/2025,7:30:00 PM,0,0.0959,8.939
4/16/2025,7:45:00 PM,0,0.0952,8.885
4/16/2025,8:00:00 PM,0,0.0964,8.835
4/16/2025,8:15:00 PM,0,0.096,8.803
4/16/2025,8:30:00 PM,0,0.0952,8.773
4/16/2025,8:45:00 PM,0,0.0947,8.748
4/16/2025,9:00:00 PM,0,0.0931,8.729
4/16/2025,9:15:00 PM,0,0.0924,8.721
4/16/2025,9:30:00 PM,0,0.0916,8.698
4/16/2025,9:45:00 PM,0,0.0898,8.671
4/16/2025,10:00:00 PM,0,0.0881,8.647
4/16/2025,10:15:00 PM,0,0.0874,8.627
4/16/2025,10:30:00 PM,0,0.0857,8.611
4/16/2025,10:45:00 PM,0,0.0867,8.596
4/16/2025,11:00:00 PM,0,0.0858,8.578
4/16/2025,11:15:00 PM,0,0.084,8.562
4/16/2025,11:30:00 PM,0,0.0842,8.55
4/16/2025,11:45:00 PM,0,0.0854,8.532
4/17/2025,12:00:00 AM,0,0.0848,8.503
4/17/2025,12:15:00 AM,0,0.0814,8.472
4/17/2025,12:30:00 AM,0,0.0784,8.439
4/17/2025,12:45:00 AM,0,0.0808,8.411
4/17/2025,1:00:00 AM,0,0.0793,8.385
4/17/2025,1:15:00 AM,0,0.0791,8.37
4/17/2025,1:30:00 AM,0,0.079,8.34
4/17/2025,1:45:00 AM,0,0.0802,8.311
4/17/2025,2:00:00 AM,0,0.0811,8.296
4/17/2025,2:15:00 AM,0,0.0804,8.275
4/17/2025,2:30:00 AM,0,0.0813,8.261
4/17/2025,2:45:00 AM,0,0.079,8.25
4/17/2025,3:00:00 AM,0,0.0788,8.24
4/17/2025,3:15:00 AM,0,0.083,8.239
4/17/2025,3:30:00 AM,0,0.0832,8.243
4/17/2025,3:45:00 AM,0,0.0817,8.24
4/17/2025,4:00:00 AM,0,0.0815,8.231
4/17/2025,4:15:00 AM,0,0.079,8.218
4/17/2025,4:30:00 AM,0,0.081,8.214
4/17/2025,4:45:00 AM,0,0.0809,8.213
4/17/2025,5:00:00 AM,0,0.0824,8.23
4/17/2025,5:15:00 AM,0,0.0808,8.244
4/17/2025,5:30:00 AM,0,0.0822,8.242
4/17/2025,5:45:00 AM,0,0.0813,8.25
4/17/2025,6:00:00 AM,0,0.0801,8.252
4/17/2025,6:15:00 AM,0,0.0853,8.286
4/17/2025,6:30:00 AM,0,0.0816,8.313
4/17/2025,6:45:00 AM,0,0.0847,8.341
4/17/2025,7:00:00 AM,0,0.0849,8.359
4/17/2025,7:15:00 AM,0,0.0835,8.37
4/17/2025,7:30:00 AM,0,0.082,8.377
4/17/2025,7:45:00 AM,0,0.0844,8.393
4/17/2025,8:00:00 AM,0,0.0838,8.431
4/17/2025,8:15:00 AM,0,0.0832,8.471
4/17/2025,8:30:00 AM,0,0.0833,8.522
4/17/2025,8:45:00 AM,0,0.0837,8.581
4/17/2025,9:00:00 AM,0,0.086,8.652
4/17/2025,9:15:00 AM,0,0.0853,8.724
4/17/2025,9:30:00 AM,0,0.085,8.795
4/17/2025,9:45:00 AM,0,0.0893,8.879
4/17/2025,10:00:00 AM,0,0.0829,8.955
4/17/2025,10:15:00 AM,0,0.0888,9.042
4/17/2025,10:30:00 AM,0,0.0908,9.128
4/17/2025,10:45:00 AM,0,0.0934,9.215
4/17/2025,11:00:00 AM,0,0.0955,9.31
4/17/2025,11:15:00 AM,0,0.0949,9.396
4/17/2025,11:30:00 AM,0,0.0973,9.474
4/17/2025,11:45:00 AM,0,0.0973,9.545
4/17/2025,12:00:00 PM,0,0.1017,9.619
4/17/2025,12:15:00 PM,0,0.1009,9.669
4/17/2025,12:30:00 PM,0,0.0996,9.708
4/17/2025,12:45:00 PM,0,0.1015,9.763
4/17/2025,1:00:00 PM,0,0.1025,9.872
4/17/2025,1:15:00 PM,0,0.1027,9.897
4/17/2025,1:30:00 PM,0,0.1037,9.898
4/17/2025,1:45:00 PM,0,0.104,9.92
4/17/2025,2:00:00 PM,0,0.1041,9.946
4/17/2025,2:15:00 PM,0,0.1039,9.952
4/17/2025,2:30:00 PM,0,0.1062,9.939
4/17/2025,2:45:00 PM,0,0.0995,9.904
4/17/2025,3:00:00 PM,0,0.1021,9.867
4/17/2025,3:15:00 PM,0,0.102,9.809
4/17/2025,3:30:00 PM,0,0.1034,9.762
4/17/2025,3:45:00 PM,0,0.101,9.721
4/17/2025,4:00:00 PM,0,0.1049,9.685
4/17/2025,4:15:00 PM,0,0.1036,9.661
4/17/2025,4:30:00 PM,0,0.1016,9.632
4/17/2025,4:45:00 PM,0,0.1062,9.564
4/17/2025,5:00:00 PM,0,0.0961,9.488
4/17/2025,5:15:00 PM,0,0.0987,9.398
4/17/2025,5:30:00 PM,0,0.0981,9.326
4/17/2025,5:45:00 PM,0,0.0977,9.255
4/17/2025,6:00:00 PM,0,0.097,9.18
4/17/2025,6:15:00 PM,0,0.0959,9.119
4/17/2025,6:30:00 PM,0,0.095,9.069
4/17/2025,6:45:00 PM,0,0.0957,9.018
4/17/2025,7:00:00 PM,0,0.0955,8.965
4/17/2025,7:15:00 PM,0,0.094,8.92
4/17/2025,7:30:00 PM,0,0.0935,8.86
4/17/2025,7:45:00 PM,0,0.0945,8.807
4/17/2025,8:00:00 PM,0,0.0934,8.761
4/17/2025,8:15:00 PM,0,0.0926,8.723
4/17/2025,8:30:00 PM,0,0.091,8.69
4/17/2025,8:45:00 PM,0,0.0892,8.664
4/17/2025,9:00:00 PM,0,0.0881,8.643
4/17/2025,9:15:00 PM,0,0.0865,8.624
4/17/2025,9:30:00 PM,0,0.0872,8.615
4/17/2025,9:45:00 PM,0,0.086,8.607
4/17/2025,10:00:00 PM,0,0.0844,8.597
4/17/2025,10:15:00 PM,0,0.0856,8.585
4/17/2025,10:30:00 PM,0,0.0831,8.577
4/17/2025,10:45:00 PM,0,0.0835,8.57
4/17/2025,11:00:00 PM,0,0.085,8.565
4/17/2025,11:15:00 PM,0,0.0812,8.562
4/17/2025,11:30:00 PM,0,0.0825,8.561
4/17/2025,11:45:00 PM,0,0.0839,8.56
4/18/2025,12:00:00 AM,0,0.0833,8.559
4/18/2025,12:15:00 AM,0,0.0834,8.57
4/18/2025,12:30:00 AM,0,0.082,8.566
4/18/2025,12:45:00 AM,0,0.0833,8.535
4/18/2025,1:00:00 AM,0,0.0816,8.507
4/18/2025,1:15:00 AM,0,0.0815,8.473
4/18/2025,1:30:00 AM,0,0.0827,8.444
4/18/2025,1:45:00 AM,0,0.0799,8.42
4/18/2025,2:00:00 AM,0,0.0833,8.405
4/18/2025,2:15:00 AM,0,0.0813,8.414
4/18/2025,2:30:00 AM,0,0.0837,8.41
4/18/2025,2:45:00 AM,0,0.0819,8.413
4/18/2025,3:00:00 AM,0,0.0853,8.425
4/18/2025,3:15:00 AM,0,0.0878,8.437
4/18/2025,3:30:00 AM,0,0.0882,8.444
4/18/2025,3:45:00 AM,0,0.0884,8.423
4/18/2025,4:00:00 AM,0,0.086,8.408
4/18/2025,4:15:00 AM,0,0.0864,8.404
4/18/2025,4:30:00 AM,0,0.086,8.394
4/18/2025,4:45:00 AM,0,0.0848,8.375
4/18/2025,5:00:00 AM,0,0.0857,8.36
4/18/2025,5:15:00 AM,0,0.0854,8.353
4/18/2025,5:30:00 AM,0,0.0846,8.365
4/18/2025,5:45:00 AM,0,0.0864,8.376
4/18/2025,6:00:00 AM,0,0.0851,8.394
4/18/2025,6:15:00 AM,0,0.0836,8.391
4/18/2025,6:30:00 AM,0,0.0827,8.383
4/18/2025,6:45:00 AM,0,0.0809,8.381
4/18/2025,7:00:00 AM,0,0.0844,8.375
4/18/2025,7:15:00 AM,0,0.0816,8.394
4/18/2025,7:30:00 AM,0,0.0831,8.408
4/18/2025,7:45:00 AM,0,0.0839,8.423
4/18/2025,8:00:00 AM,0,0.0828,8.453
4/18/2025,8:15:00 AM,0,0.082,8.48
4/18/2025,8:30:00 AM,0,0.084,8.523
4/18/2025,8:45:00 AM,0,0.0838,8.58
4/18/2025,9:00:00 AM,0,0.0822,8.625
4/18/2025,9:15:00 AM,0,0.0833,8.694
4/18/2025,9:30:00 AM,0,0.0821,8.766
4/18/2025,9:45:00 AM,0,0.0811,8.848
4/18/2025,10:00:00 AM,0,0.0801,8.934
4/18/2025,10:15:00 AM,0,0.0836,9.029
4/18/2025,10:30:00 AM,0,0.0871,9.124
4/18/2025,10:45:00 AM,0,0.0871,9.228
4/18/2025,11:00:00 AM,0,0.0842,9.319
4/18/2025,11:15:00 AM,0,0.0889,9.416
4/18/2025,11:30:00 AM,0,0.0902,9.501
4/18/2025,11:45:00 AM,0,0.0921,9.567
4/18/2025,12:00:00 PM,0,0.095,9.649
4/18/2025,12:15:00 PM,0,0.0962,9.712
4/18/2025,12:30:00 PM,0,0.0986,9.752
4/18/2025,12:45:00 PM,0,0.0996,9.799
4/18/2025,1:00:00 PM,0,0.0995,9.906
4/18/2025,1:15:00 PM,0,0.1016,9.942
4/18/2025,1:30:00 PM,0,0.1016,9.944
4/18/2025,1:45:00 PM,0,0.102,9.948
4/18/2025,2:00:00 PM,0,0.1021,9.956
4/18/2025,2:15:00 PM,0,0.1002,9.96
4/18/2025,2:30:00 PM,0,0.1026,9.951
4/18/2025,2:45:00 PM,0,0.0984,9.921
4/18/2025,3:00:00 PM,0,0.0992,9.87
4/18/2025,3:15:00 PM,0,0.0998,9.828
4/18/2025,3:30:00 PM,0,0.1009,9.777
4/18/2025,3:45:00 PM,0,0.0962,9.732
4/18/2025,4:00:00 PM,0,0.0991,9.689
4/18/2025,4:15:00 PM,0,0.0975,9.658
4/18/2025,4:30:00 PM,0,0.0987,9.621
4/18/2025,4:45:00 PM,0,0.1017,9.568
4/18/2025,5:00:00 PM,0,0.0904,9.497
4/18/2025,5:15:00 PM,0,0.0934,9.416
4/18/2025,5:30:00 PM,0,0.0948,9.348
4/18/2025,5:45:00 PM,0,0.0918,9.276
4/18/2025,6:00:00 PM,0,0.091,9.203
4/18/2025,6:15:00 PM,0,0.0897,9.141
4/18/2025,6:30:00 PM,0,0.0886,9.085
4/18/2025,6:45:00 PM,0,0.0888,9.032
4/18/2025,7:00:00 PM,0,0.0884,8.983
4/18/2025,7:15:00 PM,0,0.0876,8.93
4/18/2025,7:30:00 PM,0,0.0871,8.883
4/18/2025,7:45:00 PM,0,0.0862,8.835
4/18/2025,8:00:00 PM,0,0.0876,8.797
4/18/2025,8:15:00 PM,0,0.0854,8.763
4/18/2025,8:30:00 PM,0,0.0844,8.727
4/18/2025,8:45:00 PM,0,0.0831,8.697
4/18/2025,9:00:00 PM,0,0.0864,8.685
4/18/2025,9:15:00 PM,0,0.0851,8.675
4/18/2025,9:30:00 PM,0,0.0842,8.659
4/18/2025,9:45:00 PM,0,0.0826,8.643
4/18/2025,10:00:00 PM,0,0.0835,8.622
4/18/2025,10:15:00 PM,0,0.0848,8.606
4/18/2025,10:30:00 PM,0,0.0829,8.59
4/18/2025,10:45:00 PM,0,0.0835,8.577
4/18/2025,11:00:00 PM,0,0.0849,8.574
4/18/2025,11:15:00 PM,0,0.0843,8.559
4/18/2025,11:30:00 PM,0,0.0828,8.532
4/18/2025,11:45:00 PM,0,0.0836,8.493
4/19/2025,12:00:00 AM,0,0.089,8.458
4/19/2025,12:15:00 AM,0,0.0897,8.438
4/19/2025,12:30:00 AM,0,0.0882,8.422
4/19/2025,12:45:00 AM,0,0.0888,8.41
4/19/2025,1:00:00 AM,0,0.0885,8.4
4/19/2025,1:15:00 AM,0,0.0882,8.396
4/19/2025,1:30:00 AM,0,0.0883,8.38
4/19/2025,1:45:00 AM,0,0.0882,8.363
4/19/2025,2:00:00 AM,0,0.0875,8.351
4/19/2025,2:15:00 AM,0,0.088,8.34
4/19/2025,2:30:00 AM,0,0.0866,8.326
4/19/2025,2:45:00 AM,0,0.0868,8.305
4/19/2025,3:00:00 AM,0,0.0869,8.291
4/19/2025,3:15:00 AM,0,0.0857,8.268
4/19/2025,3:30:00 AM,0,0.0866,8.249
4/19/2025,3:45:00 AM,0,0.0856,8.236
4/19/2025,4:00:00 AM,0,0.0856,8.229
4/19/2025,4:15:00 AM,0,0.086,8.233
4/19/2025,4:30:00 AM,0,0.0863,8.238
4/19/2025,4:45:00 AM,0,0.0866,8.239
4/19/2025,5:00:00 AM,0,0.0878,8.242
4/19/2025,5:15:00 AM,0,0.087,8.234
4/19/2025,5:30:00 AM,0,0.0863,8.222
4/19/2025,5:45:00 AM,0,0.0856,8.209
4/19/2025,6:00:00 AM,0,0.0854,8.194
4/19/2025,6:15:00 AM,0,0.086,8.184
4/19/2025,6:30:00 AM,0,0.0854,8.181
4/19/2025,6:45:00 AM,0,0.0866,8.172
4/19/2025,7:00:00 AM,0,0.085,8.166
4/19/2025,7:15:00 AM,0,0.0852,8.174
4/19/2025,7:30:00 AM,0,0.0861,8.199
4/19/2025,7:45:00 AM,0,0.0865,8.251
4/19/2025,8:00:00 AM,0,0.0883,8.323
4/19/2025,8:15:00 AM,0,0.0879,8.405
4/19/2025,8:30:00 AM,0,0.0898,8.494
4/19/2025,8:45:00 AM,0,0.0896,8.57
4/19/2025,9:00:00 AM,0,0.0913,8.66
4/19/2025,9:15:00 AM,0,0.0894,8.735
4/19/2025,9:30:00 AM,0,0.0918,8.826
4/19/2025,9:45:00 AM,0,0.0936,8.914
4/19/2025,10:00:00 AM,0,0.0911,8.928
4/19/2025,10:15:00 AM,0,0.0929,8.988
4/19/2025,10:30:00 AM,0,0.0972,9.087
4/19/2025,10:45:00 AM,0,0.0957,9.17
4/19/2025,11:00:00 AM,0,0.0954,9.246
4/19/2025,11:15:00 AM,0,0.0977,9.313
4/19/2025,11:30:00 AM,0,0.0973,9.367
4/19/2025,11:45:00 AM,0,0.096,9.328
4/19/2025,12:00:00 PM,0,0.095,9.262
4/19/2025,12:15:00 PM,0,0.096,9.245
4/19/2025,12:30:00 PM,0,0.0998,9.411
4/19/2025,12:45:00 PM,0,0.1029,9.585
4/19/2025,1:00:00 PM,0,0.1027,9.806
4/19/2025,1:15:00 PM,0,0.1019,9.955
4/19/2025,1:30:00 PM,0,0.1026,10.016
4/19/2025,1:45:00 PM,0,0.104,10.053
4/19/2025,2:00:00 PM,0,0.103,10.093
4/19/2025,2:15:00 PM,0,0.103,10.106
4/19/2025,2:30:00 PM,0,0.1026,10.101
4/19/2025,2:45:00 PM,0,0.1007,10.079
4/19/2025,3:00:00 PM,0,0.102,10.029
4/19/2025,3:15:00 PM,0,0.0998,9.976
4/19/2025,3:30:00 PM,0,0.0987,9.937
4/19/2025,3:45:00 PM,0,0.101,9.899
4/19/2025,4:00:00 PM,0,0.1021,9.86
4/19/2025,4:15:00 PM,0,0.1017,9.826
4/19/2025,4:30:00 PM,0,0.1019,9.803
4/19/2025,4:45:00 PM,0,0.1055,9.749
4/19/2025,5:00:00 PM,0,0.0944,9.672
4/19/2025,5:15:00 PM,0,0.0981,9.597
4/19/2025,5:30:00 PM,0,0.0973,9.528
4/19/2025,5:45:00 PM,0,0.0986,9.474
4/19/2025,6:00:00 PM,0,0.0968,9.417
4/19/2025,6:15:00 PM,0,0.0977,9.347
4/19/2025,6:30:00 PM,0,0.0965,9.288
4/19/2025,6:45:00 PM,0,0.0952,9.232
4/19/2025,7:00:00 PM,0,0.095,9.175
4/19/2025,7:15:00 PM,0,0.0966,9.125
4/19/2025,7:30:00 PM,0,0.0956,9.06
4/19/2025,7:45:00 PM,0,0.0929,9.007
4/19/2025,8:00:00 PM,0,0.0931,8.959
4/19/2025,8:15:00 PM,0,0.0926,8.91
4/19/2025,8:30:00 PM,0,0.0898,8.874
4/19/2025,8:45:00 PM,0,0.0902,8.854
4/19/2025,9:00:00 PM,0,0.0882,8.841
4/19/2025,9:15:00 PM,0,0.0868,8.83
4/19/2025,9:30:00 PM,0,0.0869,8.806
4/19/2025,9:45:00 PM,0,0.0841,8.779
4/19/2025,10:00:00 PM,0,0.0836,8.754
4/19/2025,10:15:00 PM,0,0.0843,8.729
4/19/2025,10:30:00 PM,0,0.0826,8.709
4/19/2025,10:45:00 PM,0,0.0824,8.698
4/19/2025,11:00:00 PM,0,0.0814,8.69
4/19/2025,11:15:00 PM,0,0.0812,8.673
4/19/2025,11:30:00 PM,0,0.081,8.646
4/19/2025,11:45:00 PM,0,0.0802,8.615
4/20/2025,12:00:00 AM,0,0.08,8.581
4/20/2025,12:15:00 AM,0,0.079,8.545
4/20/2025,12:30:00 AM,0,0.0796,8.518
4/20/2025,12:45:00 AM,0,0.0794,8.489
4/20/2025,1:00:00 AM,0,0.0789,8.465
4/20/2025,1:15:00 AM,0,0.0787,8.449
4/20/2025,1:30:00 AM,0,0.0768,8.435
4/20/2025,1:45:00 AM,0,0.0766,8.423
4/20/2025,2:00:00 AM,0,0.0769,8.415
4/20/2025,2:15:00 AM,0,0.0784,8.417
4/20/2025,2:30:00 AM,0,0.0777,8.413
4/20/2025,2:45:00 AM,0,0.0769,8.405
4/20/2025,3:00:00 AM,0,0.0778,8.395
4/20/2025,3:15:00 AM,0,0.0785,8.385
4/20/2025,3:30:00 AM,0,0.078,8.374
4/20/2025,3:45:00 AM,0,0.0771,8.362
4/20/2025,4:00:00 AM,0,0.0778,8.351
4/20/2025,4:15:00 AM,0,0.0774,8.341
4/20/2025,4:30:00 AM,0,0.0774,8.324
4/20/2025,4:45:00 AM,0,0.0769,8.307
4/20/2025,5:00:00 AM,0,0.077,8.285
4/20/2025,5:15:00 AM,0,0.0756,8.268
4/20/2025,5:30:00 AM,0,0.0767,8.255
4/20/2025,5:45:00 AM,0,0.0774,8.234
4/20/2025,6:00:00 AM,0,0.0761,8.226
4/20/2025,6:15:00 AM,0,0.0755,8.211
4/20/2025,6:30:00 AM,0,0.0764,8.194
4/20/2025,6:45:00 AM,0,0.076,8.193
4/20/2025,7:00:00 AM,0,0.0759,8.194
4/20/2025,7:15:00 AM,0,0.0763,8.21
4/20/2025,7:30:00 AM,0,0.0775,8.231
4/20/2025,7:45:00 AM,0,0.0779,8.277
4/20/2025,8:00:00 AM,0,0.078,8.35
4/20/2025,8:15:00 AM,0,0.0791,8.432
4/20/2025,8:30:00 AM,0,0.0796,8.511
4/20/2025,8:45:00 AM,0,0.0796,8.594
4/20/2025,9:00:00 AM,0,0.0821,8.683
4/20/2025,9:15:00 AM,0,0.0796,8.759
4/20/2025,9:30:00 AM,0,0.0786,8.838
4/20/2025,9:45:00 AM,0,0.0827,8.921
4/20/2025,10:00:00 AM,0,0.0749,9.005
4/20/2025,10:15:00 AM,0,0.0813,9.091
4/20/2025,10:30:00 AM,0,0.0807,9.183
4/20/2025,10:45:00 AM,0,0.0832,9.282
4/20/2025,11:00:00 AM,0,0.0844,9.382
4/20/2025,11:15:00 AM,0,0.085,9.48
4/20/2025,11:30:00 AM,0,0.0873,9.568
4/20/2025,11:45:00 AM,0,0.0876,9.641
4/20/2025,12:00:00 PM,0,0.0919,9.724
4/20/2025,12:15:00 PM,0,0.0919,9.788
4/20/2025,12:30:00 PM,0,0.0943,9.829
4/20/2025,12:45:00 PM,0,0.0955,9.884
4/20/2025,1:00:00 PM,0,0.0969,9.969
4/20/2025,1:15:00 PM,0,0.0986,10.016
4/20/2025,1:30:00 PM,0,0.0963,10.028
4/20/2025,1:45:00 PM,0,0.0983,10.046
4/20/2025,2:00:00 PM,0,0.0977,10.075
4/20/2025,2:15:00 PM,0,0.0983,10.092
4/20/2025,2:30:00 PM,0,0.0996,10.091
4/20/2025,2:45:00 PM,0,0.0966,10.076
4/20/2025,3:00:00 PM,0,0.0987,10.054
4/20/2025,3:15:00 PM,0,0.099,10.017
4/20/2025,3:30:00 PM,0,0.0988,9.982
4/20/2025,3:45:00 PM,0,0.098,9.949
4/20/2025,4:00:00 PM,0,0.0971,9.903
4/20/2025,4:15:00 PM,0,0.0998,9.871
4/20/2025,4:30:00 PM,0,0.097,9.831
4/20/2025,4:45:00 PM,0,0.1004,9.766
4/20/2025,5:00:00 PM,0,0.0909,9.686
4/20/2025,5:15:00 PM,0,0.0942,9.601
4/20/2025,5:30:00 PM,0,0.0922,9.514
4/20/2025,5:45:00 PM,0,0.0916,9.424
4/20/2025,6:00:00 PM,0,0.0894,9.352
4/20/2025,6:15:00 PM,0,0.089,9.286
4/20/2025,6:30:00 PM,0,0.0887,9.226
4/20/2025,6:45:00 PM,0,0.0886,9.166
4/20/2025,7:00:00 PM,0,0.0864,9.105
4/20/2025,7:15:00 PM,0,0.0847,9.051
4/20/2025,7:30:00 PM,0,0.0844,9.001
4/20/2025,7:45:00 PM,0,0.084,8.963
4/20/2025,8:00:00 PM,0,0.0829,8.93
4/20/2025,8:15:00 PM,0,0.0827,8.891
4/20/2025,8:30:00 PM,0,0.081,8.856
4/20/2025,8:45:00 PM,0,0.08,8.824
4/20/2025,9:00:00 PM,0,0.083,8.794
4/20/2025,9:15:00 PM,0,0.0822,8.78
4/20/2025,9:30:00 PM,0,0.0792,8.773
4/20/2025,9:45:00 PM,0,0.0788,8.756
4/20/2025,10:00:00 PM,0,0.0802,8.731
4/20/2025,10:15:00 PM,0,0.0782,8.713
4/20/2025,10:30:00 PM,0,0.0777,8.69
4/20/2025,10:45:00 PM,0,0.0801,8.671
4/20/2025,11:00:00 PM,0,0.0787,8.66
4/20/2025,11:15:00 PM,0,0.0805,8.651
4/20/2025,11:30:00 PM,0,0.0786,8.637
4/20/2025,11:45:00 PM,0,0.0792,8.625
4/21/2025,12:00:00 AM,0,0.0779,8.589
4/21/2025,12:15:00 AM,0,0.0786,8.552
4/21/2025,12:30:00 AM,0,0.0773,8.517
4/21/2025,12:45:00 AM,0,0.0766,8.48
4/21/2025,1:00:00 AM,0,0.0766,8.446
4/21/2025,1:15:00 AM,0,0.0749,8.411
4/21/2025,1:30:00 AM,0,0.0763,8.381
4/21/2025,1:45:00 AM,0,0.0751,8.357
4/21/2025,2:00:00 AM,0,0.0755,8.342
4/21/2025,2:15:00 AM,0,0.0765,8.325
4/21/2025,2:30:00 AM,0,0.0766,8.312
4/21/2025,2:45:00 AM,0,0.0764,8.295
4/21/2025,3:00:00 AM,0,0.0764,8.286
4/21/2025,3:15:00 AM,0,0.0758,8.268
4/21/2025,3:30:00 AM,0,0.0766,8.255
4/21/2025,3:45:00 AM,0,0.075,8.239
4/21/2025,4:00:00 AM,0,0.0766,8.225
4/21/2025,4:15:00 AM,0,0.0779,8.217
4/21/2025,4:30:00 AM,0,0.0764,8.206
4/21/2025,4:45:00 AM,0,0.0771,8.207
4/21/2025,5:00:00 AM,0,0.0752,8.185
4/21/2025,5:15:00 AM,0,0.0755,8.165
4/21/2025,5:30:00 AM,0,0.0772,8.162
4/21/2025,5:45:00 AM,0,0.0776,8.147
4/21/2025,6:00:00 AM,0,0.0764,8.135
4/21/2025,6:15:00 AM,0,0.0754,8.132
4/21/2025,6:30:00 AM,0,0.077,8.12
4/21/2025,6:45:00 AM,0,0.0763,8.114
4/21/2025,7:00:00 AM,0,0.0773,8.11
4/21/2025,7:15:00 AM,0,0.0783,8.111
4/21/2025,7:30:00 AM,0,0.0781,8.133
4/21/2025,7:45:00 AM,0,0.0781,8.176
4/21/2025,8:00:00 AM,0,0.0779,8.228
4/21/2025,8:15:00 AM,0,0.0794,8.298
4/21/2025,8:30:00 AM,0,0.0791,8.391
4/21/2025,8:45:00 AM,0,0.0784,8.482
4/21/2025,9:00:00 AM,0,0.0811,8.565
4/21/2025,9:15:00 AM,0,0.0788,8.64
4/21/2025,9:30:00 AM,0,0.0793,8.718
4/21/2025,9:45:00 AM,0,0.081,8.799
4/21/2025,10:00:00 AM,0,0.0751,8.887
4/21/2025,10:15:00 AM,0,0.0765,8.975
4/21/2025,10:30:00 AM,0,0.0769,9.062
4/21/2025,10:45:00 AM,0,0.0806,9.158
4/21/2025,11:00:00 AM,0,0.0794,9.255
4/21/2025,11:15:00 AM,0,0.0804,9.348
4/21/2025,11:30:00 AM,0,0.0805,9.436
4/21/2025,11:45:00 AM,0,0.0799,9.509
4/21/2025,12:00:00 PM,0,0.0823,9.593
4/21/2025,12:15:00 PM,0,0.0808,9.653
4/21/2025,12:30:00 PM,0,0.081,9.709
4/21/2025,12:45:00 PM,0,0.083,9.774
4/21/2025,1:00:00 PM,0,0.0836,9.879
4/21/2025,1:15:00 PM,0,0.083,9.93
4/21/2025,1:30:00 PM,0,0.0821,9.944
4/21/2025,1:45:00 PM,0,0.0842,9.96
4/21/2025,2:00:00 PM,0,0.0815,9.985
4/21/2025,2:15:00 PM,0,0.0856,10.005
4/21/2025,2:30:00 PM,0,0.084,10.005
4/21/2025,2:45:00 PM,0,0.081,9.979
4/21/2025,3:00:00 PM,0,0.0832,9.935
4/21/2025,3:15:00 PM,0,0.0823,9.884
4/21/2025,3:30:00 PM,0,0.0825,9.837
4/21/2025,3:45:00 PM,0,0.0824,9.798
4/21/2025,4:00:00 PM,0,0.0829,9.771
4/21/2025,4:15:00 PM,0,0.0838,9.738
4/21/2025,4:30:00 PM,0,0.0816,9.693
4/21/2025,4:45:00 PM,0,0.0847,9.622
4/21/2025,5:00:00 PM,0,0.0798,9.555
4/21/2025,5:15:00 PM,0,0.0811,9.477
4/21/2025,5:30:00 PM,0,0.0809,9.408
4/21/2025,5:45:00 PM,0,0.0804,9.349
4/21/2025,6:00:00 PM,0,0.0797,9.273
4/21/2025,6:15:00 PM,0,0.0809,9.206
4/21/2025,6:30:00 PM,0,0.0797,9.157
4/21/2025,6:45:00 PM,0,0.0799,9.121
4/21/2025,7:00:00 PM,0,0.0799,9.078
4/21/2025,7:15:00 PM,0,0.0788,9.018
4/21/2025,7:30:00 PM,0,0.078,8.941
4/21/2025,7:45:00 PM,0,0.0794,8.878
4/21/2025,8:00:00 PM,0,0.0785,8.82
4/21/2025,8:15:00 PM,0,0.0807,8.769
4/21/2025,8:30:00 PM,0,0.0785,8.739
4/21/2025,8:45:00 PM,0,0.0805,8.713
4/21/2025,9:00:00 PM,0,0.0775,8.692
4/21/2025,9:15:00 PM,0,0.0787,8.673
4/21/2025,9:30:00 PM,0,0.0792,8.655
4/21/2025,9:45:00 PM,0,0.0775,8.627
4/21/2025,10:00:00 PM,0,0.0793,8.595
4/21/2025,10:15:00 PM,0,0.078,8.56
4/21/2025,10:30:00 PM,0,0.0783,8.53
4/21/2025,10:45:00 PM,0,0.0794,8.496
4/21/2025,11:00:00 PM,0,0.0803,8.464
4/21/2025,11:15:00 PM,0,0.0812,8.435
4/21/2025,11:30:00 PM,0,0.0797,8.404
4/21/2025,11:45:00 PM,0,0.0796,8.371
4/22/2025,12:00:00 AM,0,0.0795,8.342
4/22/2025,12:15:00 AM,0,0.0787,8.317
4/22/2025,12:30:00 AM,0,0.0799,8.297
4/22/2025,12:45:00 AM,0,0.0789,8.28
4/22/2025,1:00:00 AM,0,0.0785,8.258
4/22/2025,1:15:00 AM,0,0.0794,8.26
4/22/2025,1:30:00 AM,0,0.0777,8.25
4/22/2025,1:45:00 AM,0,0.078,8.24
4/22/2025,2:00:00 AM,0,0.0786,8.238
4/22/2025,2:15:00 AM,0,0.0778,8.222
4/22/2025,2:30:00 AM,0,0.0784,8.206
4/22/2025,2:45:00 AM,0,0.0784,8.202
4/22/2025,3:00:00 AM,0,0.0781,8.187
4/22/2025,3:15:00 AM,0,0.0786,8.176
4/22/2025,3:30:00 AM,0,0.0773,8.154
4/22/2025,3:45:00 AM,0,0.0775,8.14
4/22/2025,4:00:00 AM,0,0.0775,8.128
4/22/2025,4:15:00 AM,0,0.0777,8.106
4/22/2025,4:30:00 AM,0,0.0768,8.085
4/22/2025,4:45:00 AM,0,0.0763,8.075
4/22/2025,5:00:00 AM,0,0.0781,8.067
4/22/2025,5:15:00 AM,0,0.0777,8.071
4/22/2025,5:30:00 AM,0,0.0771,8.07
4/22/2025,5:45:00 AM,0,0.0768,8.059
4/22/2025,6:00:00 AM,0,0.0784,8.04
4/22/2025,6:15:00 AM,0,0.0778,8.027
4/22/2025,6:30:00 AM,0,0.0776,8.012
4/22/2025,6:45:00 AM,0,0.0757,8.004
4/22/2025,7:00:00 AM,0,0.0778,8.023
4/22/2025,7:15:00 AM,0,0.0785,8.045
4/22/2025,7:30:00 AM,0,0.079,8.081
4/22/2025,7:45:00 AM,0,0.0793,8.132
4/22/2025,8:00:00 AM,0,0.081,8.202
4/22/2025,8:15:00 AM,0,0.0809,8.284
4/22/2025,8:30:00 AM,0,0.0814,8.374
4/22/2025,8:45:00 AM,0,0.0806,8.458
4/22/2025,9:00:00 AM,0,0.0831,8.541
4/22/2025,9:15:00 AM,0,0.0804,8.62
4/22/2025,9:30:00 AM,0,0.0812,8.705
4/22/2025,9:45:00 AM,0,0.0808,8.795
4/22/2025,10:00:00 AM,0,0.0775,8.88
4/22/2025,10:15:00 AM,0,0.0795,8.97
4/22/2025,10:30:00 AM,0,0.0822,9.062
4/22/2025,10:45:00 AM,0,0.085,9.167
4/22/2025,11:00:00 AM,0,0.0893,9.258
4/22/2025,11:15:00 AM,0,0.0899,9.364
4/22/2025,11:30:00 AM,0,0.094,9.457
4/22/2025,11:45:00 AM,0,0.095,9.539
4/22/2025,12:00:00 PM,0,0.0969,9.627
4/22/2025,12:15:00 PM,0,0.0973,9.689
4/22/2025,12:30:00 PM,0,0.0985,9.738
4/22/2025,12:45:00 PM,0,0.0986,9.802
4/22/2025,1:00:00 PM,0,0.1004,9.908
4/22/2025,1:15:00 PM,0,0.1009,9.955
4/22/2025,1:30:00 PM,0,0.1024,9.974
4/22/2025,1:45:00 PM,0,0.1008,10.003
4/22/2025,2:00:00 PM,0,0.0999,10.034
4/22/2025,2:15:00 PM,0,0.1036,10.07
4/22/2025,2:30:00 PM,0,0.1032,10.062
4/22/2025,2:45:00 PM,0,0.1005,10.038
4/22/2025,3:00:00 PM,0,0.1006,9.974
4/22/2025,3:15:00 PM,0,0.1017,9.891
4/22/2025,3:30:00 PM,0,0.1084,9.744
4/22/2025,3:45:00 PM,0,0.103,9.628
4/22/2025,4:00:00 PM,0,0.0997,9.54
4/22/2025,4:15:00 PM,0,0.0977,9.439
4/22/2025,4:30:00 PM,0,0.099,9.4
4/22/2025,4:45:00 PM,0,0.1019,9.468
4/22/2025,5:00:00 PM,0,0.0992,9.542
4/22/2025,5:15:00 PM,0,0.1003,9.566
4/22/2025,5:30:00 PM,0,0.1,9.515
4/22/2025,5:45:00 PM,0,0.1009,9.46
4/22/2025,6:00:00 PM,0,0.0987,9.387
4/22/2025,6:15:00 PM,0,0.0986,9.316
4/22/2025,6:30:00 PM,0,0.097,9.259
4/22/2025,6:45:00 PM,0,0.0969,9.214
4/22/2025,7:00:00 PM,0,0.0958,9.162
4/22/2025,7:15:00 PM,0,0.0959,9.095
4/22/2025,7:30:00 PM,0,0.0949,9.036
4/22/2025,7:45:00 PM,0,0.0955,8.98
4/22/2025,8:00:00 PM,0,0.0946,8.922
4/22/2025,8:15:00 PM,0,0.0927,8.879
4/22/2025,8:30:00 PM,0,0.0914,8.848
4/22/2025,8:45:00 PM,0,0.0891,8.816
4/22/2025,9:00:00 PM,0,0.0888,8.793
4/22/2025,9:15:00 PM,0,0.0869,8.775
4/22/2025,9:30:00 PM,0,0.0869,8.763
4/22/2025,9:45:00 PM,0,0.0864,8.759
4/22/2025,10:00:00 PM,0,0.0844,8.754
4/22/2025,10:15:00 PM,0,0.0855,8.752
4/22/2025,10:30:00 PM,0,0.0859,8.744
4/22/2025,10:45:00 PM,0,0.0814,8.736
4/22/2025,11:00:00 PM,0,0.0814,8.73
4/22/2025,11:15:00 PM,0,0.0802,8.721
4/22/2025,11:30:00 PM,0,0.0831,8.711
4/22/2025,11:45:00 PM,0,0.0792,8.701
4/23/2025,12:00:00 AM,0,0.0808,8.693
4/23/2025,12:15:00 AM,0,0.0792,8.688
4/23/2025,12:30:00 AM,0,0.0796,8.685
4/23/2025,12:45:00 AM,0,0.0783,8.686
4/23/2025,1:00:00 AM,0,0.083,8.68
4/23/2025,1:15:00 AM,0,0.0799,8.666
4/23/2025,1:30:00 AM,0,0.0826,8.658
4/23/2025,1:45:00 AM,0,0.0833,8.656
4/23/2025,2:00:00 AM,0,0.0834,8.66
4/23/2025,2:15:00 AM,0,0.0814,8.656
4/23/2025,2:30:00 AM,0,0.0789,8.649
4/23/2025,2:45:00 AM,0,0.075,8.629
4/23/2025,3:00:00 AM,0,0.0772,8.597
4/23/2025,3:15:00 AM,0,0.092,8.572
4/23/2025,3:30:00 AM,0,0.085,8.566
4/23/2025,3:45:00 AM,0,0.0818,8.557
4/23/2025,4:00:00 AM,0,0.0828,8.547
4/23/2025,4:15:00 AM,0,0.0797,8.539
4/23/2025,4:30:00 AM,0,0.0797,8.532
4/23/2025,4:45:00 AM,0,0.0798,8.521
4/23/2025,5:00:00 AM,0,0.0788,8.501
4/23/2025,5:15:00 AM,0,0.0798,8.475
4/23/2025,5:30:00 AM,0,0.0804,8.45
4/23/2025,5:45:00 AM,0,0.0813,8.423
4/23/2025,6:00:00 AM,0,0.0847,8.397
4/23/2025,6:15:00 AM,0,0.085,8.369
4/23/2025,6:30:00 AM,0,0.0858,8.357
4/23/2025,6:45:00 AM,0,0.0849,8.348
4/23/2025,7:00:00 AM,0,0.0871,8.345
4/23/2025,7:15:00 AM,0,0.0858,8.359
4/23/2025,7:30:00 AM,0,0.0859,8.387
4/23/2025,7:45:00 AM,0,0.0873,8.45
4/23/2025,8:00:00 AM,0,0.0877,8.505
4/23/2025,8:15:00 AM,0,0.0891,8.557
4/23/2025,8:30:00 AM,0,0.0904,8.622
4/23/2025,8:45:00 AM,0,0.0903,8.683
4/23/2025,9:00:00 AM,0,0.0944,8.735
4/23/2025,9:15:00 AM,0,0.0904,8.796
4/23/2025,9:30:00 AM,0,0.093,8.866
4/23/2025,9:45:00 AM,0,0.0936,8.941
4/23/2025,10:00:00 AM,0,0.0952,9.019
4/23/2025,10:15:00 AM,0,0.0964,9.102
4/23/2025,10:30:00 AM,0,0.0964,9.185
4/23/2025,10:45:00 AM,0,0.0992,9.282
4/23/2025,11:00:00 AM,0,0.0979,9.388
4/23/2025,11:15:00 AM,0,0.0964,9.383
4/23/2025,11:30:00 AM,0,0.101,9.429
4/23/2025,11:45:00 AM,0,0.1029,9.559
4/23/2025,12:00:00 PM,0,0.1022,9.678
4/23/2025,12:15:00 PM,0,0.1031,9.75
4/23/2025,12:30:00 PM,0,0.1032,9.717
4/23/2025,12:45:00 PM,0,0.1002,9.67
4/23/2025,1:00:00 PM,0,0.1031,9.687
4/23/2025,1:15:00 PM,0,0.1035,9.78
4/23/2025,1:30:00 PM,0,0.0999,9.688
4/23/2025,1:45:00 PM,0,0.1035,9.679
4/23/2025,2:00:00 PM,0,0.1022,9.72
4/23/2025,2:15:00 PM,0,0.1051,9.767
4/23/2025,2:30:00 PM,0,0.1038,9.894
4/23/2025,2:45:00 PM,0,0.1039,9.935
4/23/2025,3:00:00 PM,0,0.1042,9.966
4/23/2025,3:15:00 PM,0,0.1036,9.95
4/23/2025,3:30:00 PM,0,0.1025,9.916
4/23/2025,3:45:00 PM,0,0.102,9.887
4/23/2025,4:00:00 PM,0,0.1026,9.844
4/23/2025,4:15:00 PM,0,0.1027,9.814
4/23/2025,4:30:00 PM,0,0.1024,9.805
4/23/2025,4:45:00 PM,0,0.1027,9.738
4/23/2025,5:00:00 PM,0,0.1013,9.634
4/23/2025,5:15:00 PM,0,0.1004,9.537
4/23/2025,5:30:00 PM,0,0.0998,9.441
4/23/2025,5:45:00 PM,0,0.0994,9.362
4/23/2025,6:00:00 PM,0,0.0995,9.293
4/23/2025,6:15:00 PM,0,0.0978,9.234
4/23/2025,6:30:00 PM,0,0.0964,9.193
4/23/2025,6:45:00 PM,0,0.0961,9.136
4/23/2025,7:00:00 PM,0,0.0962,9.082
4/23/2025,7:15:00 PM,0,0.0957,9.022
4/23/2025,7:30:00 PM,0,0.0942,8.958
4/23/2025,7:45:00 PM,0,0.0947,8.893
4/23/2025,8:00:00 PM,0,0.0943,8.837
4/23/2025,8:15:00 PM,0,0.0937,8.789
4/23/2025,8:30:00 PM,0,0.093,8.748
4/23/2025,8:45:00 PM,0,0.094,8.715
4/23/2025,9:00:00 PM,0,0.0924,8.695
4/23/2025,9:15:00 PM,0,0.0923,8.687
4/23/2025,9:30:00 PM,0,0.0912,8.674
4/23/2025,9:45:00 PM,0,0.0901,8.654
4/23/2025,10:00:00 PM,0,0.0876,8.628
4/23/2025,10:15:00 PM,0,0.0866,8.603
4/23/2025,10:30:00 PM,0,0.0848,8.578
4/23/2025,10:45:00 PM,0,0.0849,8.551
4/23/2025,11:00:00 PM,0,0.0855,8.533
4/23/2025,11:15:00 PM,0,0.0845,8.514
4/23/2025,11:30:00 PM,0,0.0829,8.483
4/23/2025,11:45:00 PM,0,0.0822,8.455
4/24/2025,12:00:00 AM,0,0.0817,8.438
4/24/2025,12:15:00 AM,0,0.082,8.431
4/24/2025,12:30:00 AM,0,0.0806,8.415
4/24/2025,12:45:00 AM,0,0.0809,8.393
4/24/2025,1:00:00 AM,0,0.0794,8.374
4/24/2025,1:15:00 AM,0,0.0787,8.365
4/24/2025,1:30:00 AM,0,0.0779,8.357
4/24/2025,1:45:00 AM,0,0.0783,8.354
4/24/2025,2:00:00 AM,0,0.0784,8.356
4/24/2025,2:15:00 AM,0,0.0785,8.355
4/24/2025,2:30:00 AM,0,0.0794,8.352
4/24/2025,2:45:00 AM,0,0.0791,8.344
4/24/2025,3:00:00 AM,0,0.0791,8.34
4/24/2025,3:15:00 AM,0,0.0787,8.34
4/24/2025,3:30:00 AM,0,0.0796,8.343
4/24/2025,3:45:00 AM,0,0.0785,8.335
4/24/2025,4:00:00 AM,0,0.0793,8.323
4/24/2025,4:15:00 AM,0,0.0787,8.314
4/24/2025,4:30:00 AM,0,0.0774,8.303
4/24/2025,4:45:00 AM,0,0.0779,8.294
4/24/2025,5:00:00 AM,0,0.078,8.286
4/24/2025,5:15:00 AM,0,0.0779,8.277
4/24/2025,5:30:00 AM,0,0.0764,8.274
4/24/2025,5:45:00 AM,0,0.0775,8.27
4/24/2025,6:00:00 AM,0,0.0765,8.259
4/24/2025,6:15:00 AM,0,0.0798,8.254
4/24/2025,6:30:00 AM,0,0.0802,8.251
4/24/2025,6:45:00 AM,0,0.0807,8.246
4/24/2025,7:00:00 AM,0,0.0811,8.253
4/24/2025,7:15:00 AM,0,0.0818,8.277
4/24/2025,7:30:00 AM,0,0.0817,8.324
4/24/2025,7:45:00 AM,0,0.0836,8.386
