#	"Date Time, GMT-07:00"	"DO conc, mg/L (LGR S/N: 20697570, SEN S/N: 20697570)"	"Temp, °C (LGR S/N: 20697570, SEN S/N: 20697570)"	"Batt, V (LGR S/N: 20697570, SEN S/N: 20697570)"
1	12/13/2019 15:00	10.12	6.76	3.53
2	12/13/2019 15:30	10.49	6.5	3.53
3	12/13/2019 16:00	10.48	6.52	3.54
4	12/13/2019 16:30	10.42	6.52	3.54
5	12/13/2019 17:00	10.33	6.48	3.54
6	12/13/2019 17:30	10.16	6.46	3.54
7	12/13/2019 18:00	10.05	6.42	3.54
8	12/13/2019 18:30	9.95	6.38	3.54
9	12/13/2019 19:00	9.92	6.36	3.54
10	12/13/2019 19:30	9.85	6.36	3.54
11	12/13/2019 20:00	9.74	6.34	3.54
12	12/13/2019 20:30	9.74	6.32	3.54
13	12/13/2019 21:00	9.84	6.3	3.54
14	12/13/2019 21:30	9.84	6.28	3.54
15	12/13/2019 22:00	9.91	6.26	3.54
16	12/13/2019 22:30	9.84	6.24	3.54
17	12/13/2019 23:00	9.8	6.2	3.54
18	12/13/2019 23:30	9.73	6.16	3.54
19	12/14/2019 0:00	9.27	6.12	3.54
20	12/14/2019 0:30	9.27	6.08	3.54
21	12/14/2019 1:00	8.57	6.06	3.54
22	12/14/2019 1:30	7.3	6	3.54
23	12/14/2019 2:00	7.35	5.96	3.54
24	12/14/2019 2:30	7.81	5.92	3.54
25	12/14/2019 3:00	6.41	5.9	3.54
26	12/14/2019 3:30	8.37	5.86	3.54
27	12/14/2019 4:00	7.14	5.82	3.54
28	12/14/2019 4:30	7.67	5.82	3.54
29	12/14/2019 5:00	7.25	5.82	3.54
30	12/14/2019 5:30	7.51	5.76	3.54
31	12/14/2019 6:00	7.89	5.72	3.54
32	12/14/2019 6:30	9.04	5.72	3.54
33	12/14/2019 7:00	7.14	5.68	3.54
34	12/14/2019 7:30	7.56	5.66	3.54
35	12/14/2019 8:00	7.39	5.64	3.54
36	12/14/2019 8:30	8.27	5.62	3.54
37	12/14/2019 9:00	7.51	5.56	3.54
38	12/14/2019 9:30	6.56	5.52	3.54
39	12/14/2019 10:00	9.26	5.48	3.54
40	12/14/2019 10:30	9.92	5.46	3.54
41	12/14/2019 11:00	10.07	5.52	3.54
42	12/14/2019 11:30	9.42	5.68	3.54
43	12/14/2019 12:00	9.57	5.8	3.54
44	12/14/2019 12:30	10.17	5.78	3.54
45	12/14/2019 13:00	10.11	5.78	3.54
46	12/14/2019 13:30	10.08	5.86	3.54
47	12/14/2019 14:00	9.96	5.92	3.54
48	12/14/2019 14:30	9.4	5.98	3.54
49	12/14/2019 15:00	9.98	5.96	3.54
50	12/14/2019 15:30	10.64	5.9	3.54
51	12/14/2019 16:00	10.37	5.84	3.54
52	12/14/2019 16:30	9.91	5.8	3.54
53	12/14/2019 17:00	9.53	5.74	3.54
54	12/14/2019 17:30	10.43	5.7	3.54
55	12/14/2019 18:00	10.48	5.64	3.54
56	12/14/2019 18:30	10.17	5.58	3.54
57	12/14/2019 19:00	10.08	5.5	3.54
58	12/14/2019 19:30	10.08	5.46	3.54
59	12/14/2019 20:00	9.61	5.42	3.54
60	12/14/2019 20:30	9.06	5.36	3.54
61	12/14/2019 21:00	9.61	5.32	3.54
62	12/14/2019 21:30	9.72	5.28	3.54
63	12/14/2019 22:00	9.7	5.26	3.54
64	12/14/2019 22:30	9.87	5.24	3.54
65	12/14/2019 23:00	9.7	5.26	3.54
66	12/14/2019 23:30	9.5	5.28	3.54
67	12/15/2019 0:00	9.67	5.28	3.54
68	12/15/2019 0:30	9.55	5.28	3.54
69	12/15/2019 1:00	9.5	5.32	3.54
70	12/15/2019 1:30	9.38	5.34	3.54
71	12/15/2019 2:00	9.75	5.36	3.54
72	12/15/2019 2:30	9.53	5.34	3.54
73	12/15/2019 3:00	9.43	5.3	3.54
74	12/15/2019 3:30	9.62	5.24	3.54
75	12/15/2019 4:00	8.79	5.22	3.54
76	12/15/2019 4:30	9.1	5.22	3.54
77	12/15/2019 5:00	8.87	5.18	3.54
78	12/15/2019 5:30	9.16	5.14	3.54
79	12/15/2019 6:00	8.32	5.08	3.54
80	12/15/2019 6:30	9	5.02	3.54
81	12/15/2019 7:00	7.55	4.96	3.54
82	12/15/2019 7:30	8.23	4.92	3.54
83	12/15/2019 8:00	8.63	4.86	3.54
84	12/15/2019 8:30	8.66	4.8	3.54
85	12/15/2019 9:00	8.72	4.74	3.54
86	12/15/2019 9:30	7.9	4.7	3.53
87	12/15/2019 10:00	8.75	4.68	3.53
88	12/15/2019 10:30	7.63	4.68	3.53
89	12/15/2019 11:00	8.45	4.68	3.54
90	12/15/2019 11:30	9.09	4.72	3.54
91	12/15/2019 12:00	8.99	4.78	3.54
92	12/15/2019 12:30	8.54	4.82	3.53
93	12/15/2019 13:00	8.73	4.9	3.54
94	12/15/2019 13:30	9.48	4.98	3.54
95	12/15/2019 14:00	9.81	5.16	3.54
96	12/15/2019 14:30	11	5.24	3.54
97	12/15/2019 15:00	10.95	5.3	3.54
98	12/15/2019 15:30	10.84	5.34	3.54
99	12/15/2019 16:00	10.86	5.32	3.54
100	12/15/2019 16:30	10.98	5.24	3.54
101	12/15/2019 17:00	10.39	5.18	3.54
102	12/15/2019 17:30	10.42	5.12	3.54
103	12/15/2019 18:00	10.42	5.02	3.54
104	12/15/2019 18:30	10.11	4.92	3.54
105	12/15/2019 19:00	10.21	4.82	3.54
106	12/15/2019 19:30	9.72	4.72	3.54
107	12/15/2019 20:00	10.12	4.62	3.54
108	12/15/2019 20:30	9.51	4.48	3.53
109	12/15/2019 21:00	10.56	4.36	3.53
110	12/15/2019 21:30	10.57	4.22	3.53
111	12/15/2019 22:00	10.78	4.12	3.53
112	12/15/2019 22:30	10.43	4	3.53
113	12/15/2019 23:00	9.87	3.9	3.53
114	12/15/2019 23:30	10	3.8	3.53
115	12/16/2019 0:00	9.64	3.7	3.53
116	12/16/2019 0:30	10.58	3.64	3.53
117	12/16/2019 1:00	10.52	3.54	3.53
118	12/16/2019 1:30	10.34	3.5	3.53
119	12/16/2019 2:00	10.17	3.46	3.53
120	12/16/2019 2:30	10.5	3.46	3.53
121	12/16/2019 3:00	10.46	3.48	3.53
122	12/16/2019 3:30	10.23	3.5	3.53
123	12/16/2019 4:00	10.78	3.52	3.53
124	12/16/2019 4:30	10.17	3.54	3.53
125	12/16/2019 5:00	10.24	3.56	3.53
126	12/16/2019 5:30	10.13	3.56	3.53
127	12/16/2019 6:00	9.99	3.56	3.53
128	12/16/2019 6:30	10.19	3.56	3.53
129	12/16/2019 7:00	10.28	3.56	3.53
130	12/16/2019 7:30	10.51	3.54	3.53
131	12/16/2019 8:00	10.63	3.54	3.53
132	12/16/2019 8:30	10.76	3.52	3.53
133	12/16/2019 9:00	10.58	3.5	3.53
134	12/16/2019 9:30	10.44	3.48	3.53
135	12/16/2019 10:00	10.41	3.46	3.53
136	12/16/2019 10:30	10.5	3.46	3.53
137	12/16/2019 11:00	10.73	3.48	3.53
138	12/16/2019 11:30	10.24	3.56	3.53
139	12/16/2019 12:00	11.26	3.64	3.53
140	12/16/2019 12:30	11.47	3.74	3.53
141	12/16/2019 13:00	11.6	3.76	3.53
142	12/16/2019 13:30	11.75	3.84	3.53
143	12/16/2019 14:00	11.83	3.84	3.53
144	12/16/2019 14:30	11.77	3.8	3.53
145	12/16/2019 15:00	11.96	3.92	3.53
146	12/16/2019 15:30	12.01	4.04	3.53
147	12/16/2019 16:00	11.49	4.06	3.53
148	12/16/2019 16:30	11.77	4.06	3.53
149	12/16/2019 17:00	11.75	4	3.53
150	12/16/2019 17:30	11.09	3.94	3.53
151	12/16/2019 18:00	11.29	3.86	3.53
152	12/16/2019 18:30	11.31	3.8	3.53
153	12/16/2019 19:00	10.8	3.76	3.53
154	12/16/2019 19:30	10.99	3.7	3.53
155	12/16/2019 20:00	11.06	3.6	3.53
156	12/16/2019 20:30	10.62	3.5	3.53
157	12/16/2019 21:00	10.15	3.38	3.53
158	12/16/2019 21:30	11.1	3.26	3.53
159	12/16/2019 22:00	11.15	3.14	3.53
160	12/16/2019 22:30	10.66	3.02	3.53
161	12/16/2019 23:00	10.41	2.92	3.53
162	12/16/2019 23:30	11.1	2.82	3.53
163	12/17/2019 0:00	10.92	2.74	3.53
164	12/17/2019 0:30	10.09	2.66	3.53
165	12/17/2019 1:00	9.94	2.58	3.53
166	12/17/2019 1:30	10.54	2.52	3.53
167	12/17/2019 2:00	10.28	2.46	3.53
168	12/17/2019 2:30	10.92	2.4	3.53
169	12/17/2019 3:00	10.67	2.38	3.53
170	12/17/2019 3:30	10.48	2.36	3.53
171	12/17/2019 4:00	10.14	2.34	3.53
172	12/17/2019 4:30	11.08	2.3	3.53
173	12/17/2019 5:00	11.02	2.28	3.53
174	12/17/2019 5:30	10.74	2.24	3.53
175	12/17/2019 6:00	11.12	2.24	3.53
176	12/17/2019 6:30	11.02	2.22	3.51
177	12/17/2019 7:00	10.83	2.22	3.53
178	12/17/2019 7:30	10.82	2.22	3.53
179	12/17/2019 8:00	10.69	2.2	3.53
180	12/17/2019 8:30	10.45	2.18	3.53
181	12/17/2019 9:00	10.78	2.18	3.53
182	12/17/2019 9:30	11.01	2.16	3.53
183	12/17/2019 10:00	10.54	2.18	3.53
184	12/17/2019 10:30	11.01	2.18	3.53
185	12/17/2019 11:00	11.1	2.22	3.53
186	12/17/2019 11:30	10.54	2.26	3.53
187	12/17/2019 12:00	11.22	2.34	3.53
188	12/17/2019 12:30	11.25	2.38	3.53
189	12/17/2019 13:00	11.04	2.4	3.53
190	12/17/2019 13:30	11.32	2.42	3.53
191	12/17/2019 14:00	11.45	2.42	3.53
192	12/17/2019 14:30	11.4	2.46	3.53
193	12/17/2019 15:00	10.62	2.46	3.53
194	12/17/2019 15:30	11.46	2.46	3.53
195	12/17/2019 16:00	11.56	2.42	3.53
196	12/17/2019 16:30	11.43	2.38	3.53
197	12/17/2019 17:00	11.2	2.34	3.53
198	12/17/2019 17:30	10.85	2.3	3.53
199	12/17/2019 18:00	10.1	2.26	3.53
200	12/17/2019 18:30	10.52	2.2	3.53
201	12/17/2019 19:00	10.4	2.16	3.53
202	12/17/2019 19:30	10.01	2.14	3.53
203	12/17/2019 20:00	9.8	2.1	3.53
204	12/17/2019 20:30	10.56	2.06	3.53
205	12/17/2019 21:00	10.53	2.04	3.53
206	12/17/2019 21:30	10.19	2	3.53
207	12/17/2019 22:00	10.22	1.96	3.51
208	12/17/2019 22:30	10.92	1.92	3.53
209	12/17/2019 23:00	10.31	1.86	3.51
210	12/17/2019 23:30	11.21	1.8	3.51
211	12/18/2019 0:00	10.92	1.74	3.51
212	12/18/2019 0:30	11.58	1.7	3.51
213	12/18/2019 1:00	11.19	1.64	3.51
214	12/18/2019 1:30	11.59	1.56	3.51
215	12/18/2019 2:00	11.72	1.5	3.51
216	12/18/2019 2:30	11.66	1.4	3.51
217	12/18/2019 3:00	11.57	1.32	3.51
218	12/18/2019 3:30	11.78	1.26	3.51
219	12/18/2019 4:00	11.67	1.22	3.51
220	12/18/2019 4:30	11.58	1.22	3.51
221	12/18/2019 5:00	11.72	1.22	3.51
222	12/18/2019 5:30	11.74	1.22	3.51
223	12/18/2019 6:00	11.52	1.2	3.51
224	12/18/2019 6:30	11.35	1.2	3.51
225	12/18/2019 7:00	11.38	1.18	3.51
226	12/18/2019 7:30	11.29	1.2	3.51
227	12/18/2019 8:00	11.39	1.2	3.51
228	12/18/2019 8:30	11.47	1.2	3.51
229	12/18/2019 9:00	11.21	1.22	3.51
230	12/18/2019 9:30	11.37	1.24	3.51
231	12/18/2019 10:00	11.18	1.3	3.51
232	12/18/2019 10:30	11.26	1.42	3.51
233	12/18/2019 11:00	10.78	1.52	3.51
234	12/18/2019 11:30	11.2	1.64	3.51
235	12/18/2019 12:00	11.52	1.76	3.51
236	12/18/2019 12:30	11.94	1.94	3.51
237	12/18/2019 13:00	12.1	2.1	3.53
238	12/18/2019 13:30	12.24	2.3	3.53
239	12/18/2019 14:00	12.74	2.48	3.53
240	12/18/2019 14:30	12.38	2.62	3.53
241	12/18/2019 15:00	12.74	2.66	3.53
242	12/18/2019 15:30	12.74	2.64	3.53
243	12/18/2019 16:00	12.42	2.6	3.53
244	12/18/2019 16:30	12.26	2.58	3.53
245	12/18/2019 17:00	12.21	2.58	3.53
246	12/18/2019 17:30	12.18	2.58	3.53
247	12/18/2019 18:00	12.09	2.56	3.53
248	12/18/2019 18:30	12.06	2.58	3.53
249	12/18/2019 19:00	11.96	2.6	3.53
250	12/18/2019 19:30	11.89	2.62	3.53
251	12/18/2019 20:00	11.85	2.64	3.53
252	12/18/2019 20:30	11.85	2.64	3.53
253	12/18/2019 21:00	11.75	2.64	3.53
254	12/18/2019 21:30	11.74	2.64	3.53
255	12/18/2019 22:00	11.71	2.64	3.53
256	12/18/2019 22:30	11.75	2.64	3.53
257	12/18/2019 23:00	11.67	2.62	3.53
258	12/18/2019 23:30	11.71	2.62	3.53
259	12/19/2019 0:00	11.71	2.62	3.53
260	12/19/2019 0:30	11.51	2.62	3.53
261	12/19/2019 1:00	11.43	2.6	3.53
262	12/19/2019 1:30	11.45	2.6	3.53
263	12/19/2019 2:00	11.52	2.6	3.53
264	12/19/2019 2:30	11.29	2.58	3.53
265	12/19/2019 3:00	11.24	2.6	3.53
266	12/19/2019 3:30	11.21	2.6	3.53
267	12/19/2019 4:00	11.13	2.6	3.53
268	12/19/2019 4:30	10.94	2.62	3.53
269	12/19/2019 5:00	10.84	2.66	3.53
270	12/19/2019 5:30	10.91	2.7	3.53
271	12/19/2019 6:00	10.56	2.74	3.53
272	12/19/2019 6:30	10.29	2.76	3.53
273	12/19/2019 7:00	10.29	2.78	3.53
274	12/19/2019 7:30	10.29	2.8	3.53
275	12/19/2019 8:00	9.95	2.84	3.53
276	12/19/2019 8:30	9.95	2.86	3.53
277	12/19/2019 9:00	9.87	2.9	3.53
278	12/19/2019 9:30	9.81	2.92	3.53
279	12/19/2019 10:00	9.84	3.02	3.53
280	12/19/2019 10:30	10.3	3.14	3.53
281	12/19/2019 11:00	10.81	3.3	3.53
282	12/19/2019 11:30	10.77	3.5	3.53
283	12/19/2019 12:00	11.45	3.78	3.53
284	12/19/2019 12:30	11.67	3.98	3.53
285	12/19/2019 13:00	11.69	4.12	3.53
286	12/19/2019 13:30	11.74	4.24	3.53
287	12/19/2019 14:00	11.93	4.4	3.53
288	12/19/2019 14:30	12.05	4.54	3.54
289	12/19/2019 15:00	11.9	4.6	3.54
290	12/19/2019 15:30	11.75	4.6	3.54
291	12/19/2019 16:00	11.6	4.62	3.54
292	12/19/2019 16:30	11.31	4.62	3.54
293	12/19/2019 17:00	10.76	4.62	3.54
294	12/19/2019 17:30	10.92	4.62	3.54
295	12/19/2019 18:00	10.91	4.62	3.54
296	12/19/2019 18:30	10.84	4.64	3.54
297	12/19/2019 19:00	10.89	4.68	3.54
298	12/19/2019 19:30	10.64	4.7	3.54
299	12/19/2019 20:00	10.57	4.74	3.54
300	12/19/2019 20:30	10.35	4.78	3.54
301	12/19/2019 21:00	10.1	4.8	3.54
302	12/19/2019 21:30	10.29	4.82	3.54
303	12/19/2019 22:00	10.18	4.82	3.54
304	12/19/2019 22:30	10.2	4.8	3.54
305	12/19/2019 23:00	10.35	4.8	3.54
306	12/19/2019 23:30	10.33	4.78	3.54
307	12/20/2019 0:00	10.11	4.78	3.54
308	12/20/2019 0:30	10.21	4.76	3.54
309	12/20/2019 1:00	9.56	4.72	3.54
310	12/20/2019 1:30	9.84	4.68	3.53
311	12/20/2019 2:00	9.9	4.64	3.54
312	12/20/2019 2:30	9.85	4.62	3.54
313	12/20/2019 3:00	9.77	4.62	3.54
314	12/20/2019 3:30	9.88	4.62	3.54
315	12/20/2019 4:00	10.18	4.62	3.54
316	12/20/2019 4:30	9.97	4.64	3.53
317	12/20/2019 5:00	9.84	4.68	3.54
318	12/20/2019 5:30	9.74	4.7	3.54
319	12/20/2019 6:00	9.58	4.72	3.54
320	12/20/2019 6:30	9.93	4.76	3.54
321	12/20/2019 7:00	9.79	4.8	3.54
322	12/20/2019 7:30	9.75	4.82	3.54
323	12/20/2019 8:00	9.7	4.86	3.54
324	12/20/2019 8:30	9.55	4.9	3.54
325	12/20/2019 9:00	9.44	4.94	3.54
326	12/20/2019 9:30	10.05	5	3.54
327	12/20/2019 10:00	9.95	5.06	3.54
328	12/20/2019 10:30	10.09	5.16	3.54
329	12/20/2019 11:00	10.45	5.28	3.54
330	12/20/2019 11:30	10.64	5.46	3.54
331	12/20/2019 12:00	10.8	5.66	3.54
332	12/20/2019 12:30	11.34	5.9	3.54
333	12/20/2019 13:00	11.62	6.14	3.54
334	12/20/2019 13:30	12.16	6.36	3.54
335	12/20/2019 14:00	12.24	6.5	3.54
336	12/20/2019 14:30	11.69	6.62	3.54
337	12/20/2019 15:00	11.48	6.68	3.54
338	12/20/2019 15:30	11.62	6.68	3.54
339	12/20/2019 16:00	11.12	6.66	3.54
340	12/20/2019 16:30	10.81	6.62	3.54
341	12/20/2019 17:00	10.58	6.54	3.54
342	12/20/2019 17:30	10.45	6.48	3.54
343	12/20/2019 18:00	10.53	6.42	3.54
344	12/20/2019 18:30	9.8	6.38	3.54
345	12/20/2019 19:00	9.27	6.36	3.54
346	12/20/2019 19:30	9.05	6.34	3.54
347	12/20/2019 20:00	9.63	6.34	3.54
348	12/20/2019 20:30	9.81	6.34	3.54
349	12/20/2019 21:00	9.79	6.32	3.54
350	12/20/2019 21:30	9.59	6.28	3.54
351	12/20/2019 22:00	9.96	6.24	3.54
352	12/20/2019 22:30	10.12	6.18	3.54
353	12/20/2019 23:00	10.18	6.12	3.54
354	12/20/2019 23:30	10.15	6.06	3.54
355	12/21/2019 0:00	10.1	6	3.54
356	12/21/2019 0:30	9.95	5.94	3.54
357	12/21/2019 1:00	9.91	5.88	3.54
358	12/21/2019 1:30	9.92	5.84	3.54
359	12/21/2019 2:00	9.89	5.8	3.54
360	12/21/2019 2:30	9.84	5.76	3.54
361	12/21/2019 3:00	9.73	5.74	3.54
362	12/21/2019 3:30	9.85	5.72	3.54
363	12/21/2019 4:00	9.77	5.72	3.54
364	12/21/2019 4:30	9.64	5.72	3.54
365	12/21/2019 5:00	9.64	5.72	3.54
366	12/21/2019 5:30	9.57	5.72	3.54
367	12/21/2019 6:00	9.59	5.72	3.54
368	12/21/2019 6:30	9.59	5.74	3.54
369	12/21/2019 7:00	9.45	5.76	3.54
370	12/21/2019 7:30	9.48	5.78	3.54
371	12/21/2019 8:00	9.5	5.78	3.54
372	12/21/2019 8:30	9.35	5.8	3.54
373	12/21/2019 9:00	9.54	5.8	3.54
374	12/21/2019 9:30	9.53	5.82	3.54
375	12/21/2019 10:00	9.66	5.88	3.54
376	12/21/2019 10:30	9.77	5.94	3.54
377	12/21/2019 11:00	9.88	6.02	3.54
378	12/21/2019 11:30	9.88	6.08	3.54
379	12/21/2019 12:00	10.08	6.16	3.54
380	12/21/2019 12:30	10.42	6.2	3.54
381	12/21/2019 13:00	10.22	6.24	3.54
382	12/21/2019 13:30	10.53	6.28	3.54
383	12/21/2019 14:00	10.44	6.3	3.54
384	12/21/2019 14:30	10.45	6.3	3.54
385	12/21/2019 15:00	10.52	6.32	3.54
386	12/21/2019 15:30	10.81	6.32	3.54
387	12/21/2019 16:00	10.51	6.3	3.54
388	12/21/2019 16:30	10.28	6.26	3.54
389	12/21/2019 17:00	9.47	6.22	3.54
390	12/21/2019 17:30	10.35	6.14	3.54
391	12/21/2019 18:00	9.75	6.06	3.54
392	12/21/2019 18:30	9.92	5.98	3.54
393	12/21/2019 19:00	9.89	5.9	3.54
394	12/21/2019 19:30	10.05	5.82	3.54
395	12/21/2019 20:00	9.61	5.78	3.54
396	12/21/2019 20:30	9.93	5.76	3.54
397	12/21/2019 21:00	9.83	5.74	3.54
398	12/21/2019 21:30	9.98	5.72	3.54
399	12/21/2019 22:00	9.98	5.7	3.54
400	12/21/2019 22:30	9.85	5.68	3.54
401	12/21/2019 23:00	9.67	5.64	3.54
402	12/21/2019 23:30	9.62	5.58	3.54
403	12/22/2019 0:00	9.83	5.52	3.54
404	12/22/2019 0:30	9.62	5.44	3.54
405	12/22/2019 1:00	9.99	5.38	3.54
406	12/22/2019 1:30	9.56	5.32	3.54
407	12/22/2019 2:00	9.47	5.28	3.54
408	12/22/2019 2:30	9.37	5.22	3.54
409	12/22/2019 3:00	9.77	5.18	3.54
410	12/22/2019 3:30	9.84	5.12	3.54
411	12/22/2019 4:00	9.7	5.08	3.54
412	12/22/2019 4:30	9.74	5.04	3.54
413	12/22/2019 5:00	9.76	5.02	3.54
414	12/22/2019 5:30	9.84	5.02	3.54
415	12/22/2019 6:00	9.69	5.02	3.54
416	12/22/2019 6:30	9.78	5.02	3.54
417	12/22/2019 7:00	9.79	5.02	3.54
418	12/22/2019 7:30	9.67	5.04	3.54
419	12/22/2019 8:00	9.87	5.04	3.54
420	12/22/2019 8:30	9.75	5.02	3.54
421	12/22/2019 9:00	9.75	5.02	3.54
422	12/22/2019 9:30	9.58	5	3.54
423	12/22/2019 10:00	10.04	5	3.54
424	12/22/2019 10:30	10.1	5.02	3.54
425	12/22/2019 11:00	10.4	5.12	3.54
426	12/22/2019 11:30	10.67	5.3	3.54
427	12/22/2019 12:00	11.18	5.5	3.54
428	12/22/2019 12:30	11.29	5.72	3.54
429	12/22/2019 13:00	11.2	5.8	3.54
430	12/22/2019 13:30	11.39	5.96	3.54
431	12/22/2019 14:00	11.49	6.12	3.54
432	12/22/2019 14:30	11.65	6.36	3.54
433	12/22/2019 15:00	11.66	6.5	3.54
434	12/22/2019 15:30	11.6	6.56	3.54
435	12/22/2019 16:00	11.44	6.5	3.54
436	12/22/2019 16:30	11.15	6.4	3.54
437	12/22/2019 17:00	10.94	6.3	3.54
438	12/22/2019 17:30	10.81	6.2	3.54
439	12/22/2019 18:00	10.8	6.14	3.54
440	12/22/2019 18:30	10.69	6.08	3.54
441	12/22/2019 19:00	10.41	6.04	3.54
442	12/22/2019 19:30	9.99	6.02	3.54
443	12/22/2019 20:00	10.42	5.98	3.54
444	12/22/2019 20:30	10.49	5.92	3.54
445	12/22/2019 21:00	10.28	5.82	3.54
446	12/22/2019 21:30	10.53	5.68	3.54
447	12/22/2019 22:00	10.52	5.52	3.54
448	12/22/2019 22:30	10.49	5.38	3.54
449	12/22/2019 23:00	10.41	5.24	3.54
450	12/22/2019 23:30	10.39	5.1	3.54
451	12/23/2019 0:00	10.35	4.96	3.54
452	12/23/2019 0:30	10.11	4.82	3.54
453	12/23/2019 1:00	10.3	4.7	3.54
454	12/23/2019 1:30	10.08	4.58	3.53
455	12/23/2019 2:00	10.26	4.48	3.54
456	12/23/2019 2:30	10.21	4.4	3.53
457	12/23/2019 3:00	10.11	4.28	3.53
458	12/23/2019 3:30	10.32	4.18	3.53
459	12/23/2019 4:00	10.33	4.08	3.53
460	12/23/2019 4:30	10.27	3.98	3.53
461	12/23/2019 5:00	10.2	3.9	3.53
462	12/23/2019 5:30	10.35	3.8	3.53
463	12/23/2019 6:00	10.57	3.72	3.53
464	12/23/2019 6:30	10.61	3.64	3.53
465	12/23/2019 7:00	10.62	3.58	3.53
466	12/23/2019 7:30	10.6	3.54	3.53
467	12/23/2019 8:00	10.56	3.52	3.53
468	12/23/2019 8:30	10.7	3.48	3.53
469	12/23/2019 9:00	10.7	3.4	3.53
470	12/23/2019 9:30	10.74	3.32	3.53
471	12/23/2019 10:00	10.92	3.32	3.53
472	12/23/2019 10:30	11.04	3.36	3.53
473	12/23/2019 11:00	11.3	3.46	3.53
474	12/23/2019 11:30	11.43	3.58	3.53
475	12/23/2019 12:00	11.57	3.72	3.53
476	12/23/2019 12:30	11.79	3.88	3.53
477	12/23/2019 13:00	11.79	4.06	3.53
478	12/23/2019 13:30	11.82	4.22	3.53
479	12/23/2019 14:00	11.81	4.34	3.53
480	12/23/2019 14:30	11.91	4.4	3.53
481	12/23/2019 15:00	11.97	4.44	3.54
482	12/23/2019 15:30	11.96	4.44	3.53
483	12/23/2019 16:00	12	4.38	3.53
484	12/23/2019 16:30	11.96	4.3	3.53
485	12/23/2019 17:00	11.9	4.2	3.53
486	12/23/2019 17:30	11.82	4.1	3.53
487	12/23/2019 18:00	11.69	3.98	3.53
488	12/23/2019 18:30	11.51	3.88	3.53
489	12/23/2019 19:00	11.51	3.76	3.53
490	12/23/2019 19:30	11.47	3.68	3.53
491	12/23/2019 20:00	11.44	3.6	3.53
492	12/23/2019 20:30	11.44	3.48	3.53
493	12/23/2019 21:00	11.48	3.36	3.53
494	12/23/2019 21:30	11.49	3.24	3.53
495	12/23/2019 22:00	11.49	3.08	3.53
496	12/23/2019 22:30	11.51	2.94	3.53
497	12/23/2019 23:00	11.46	2.8	3.53
498	12/23/2019 23:30	11.49	2.68	3.53
499	12/24/2019 0:00	11.46	2.54	3.53
500	12/24/2019 0:30	11.49	2.42	3.53
501	12/24/2019 1:00	11.49	2.28	3.53
502	12/24/2019 1:30	11.43	2.18	3.53
503	12/24/2019 2:00	11.47	2.06	3.53
504	12/24/2019 2:30	11.5	1.96	3.51
505	12/24/2019 3:00	11.47	1.86	3.51
506	12/24/2019 3:30	11.56	1.76	3.51
507	12/24/2019 4:00	11.52	1.7	3.51
508	12/24/2019 4:30	11.52	1.62	3.51
509	12/24/2019 5:00	11.56	1.56	3.51
510	12/24/2019 5:30	11.58	1.5	3.51
511	12/24/2019 6:00	11.57	1.46	3.51
512	12/24/2019 6:30	11.58	1.4	3.51
513	12/24/2019 7:00	11.59	1.36	3.51
514	12/24/2019 7:30	11.6	1.32	3.51
515	12/24/2019 8:00	11.58	1.28	3.51
516	12/24/2019 8:30	11.6	1.24	3.51
517	12/24/2019 9:00	11.64	1.2	3.51
518	12/24/2019 9:30	11.64	1.2	3.51
519	12/24/2019 10:00	11.79	1.22	3.51
520	12/24/2019 10:30	11.96	1.3	3.51
521	12/24/2019 11:00	12.14	1.38	3.51
522	12/24/2019 11:30	12.28	1.52	3.51
523	12/24/2019 12:00	12.4	1.68	3.51
524	12/24/2019 12:30	12.48	1.86	3.51
525	12/24/2019 13:00	12.51	2.02	3.53
526	12/24/2019 13:30	12.63	2.16	3.51
527	12/24/2019 14:00	12.64	2.26	3.53
528	12/24/2019 14:30	12.65	2.32	3.53
529	12/24/2019 15:00	12.7	2.3	3.53
530	12/24/2019 15:30	12.74	2.28	3.53
531	12/24/2019 16:00	12.73	2.24	3.53
532	12/24/2019 16:30	12.77	2.18	3.53
533	12/24/2019 17:00	12.71	2.14	3.53
534	12/24/2019 17:30	12.56	2.1	3.53
535	12/24/2019 18:00	12.51	2.06	3.53
536	12/24/2019 18:30	12.42	2.04	3.53
537	12/24/2019 19:00	12.35	2	3.53
538	12/24/2019 19:30	12.28	1.98	3.53
539	12/24/2019 20:00	12.26	1.96	3.53
540	12/24/2019 20:30	12.23	1.94	3.51
541	12/24/2019 21:00	12.2	1.9	3.53
542	12/24/2019 21:30	12.2	1.88	3.53
543	12/24/2019 22:00	12.15	1.86	3.53
544	12/24/2019 22:30	12.1	1.84	3.51
545	12/24/2019 23:00	12.04	1.8	3.51
546	12/24/2019 23:30	12.03	1.76	3.51
547	12/25/2019 0:00	11.99	1.72	3.51
548	12/25/2019 0:30	11.91	1.66	3.51
549	12/25/2019 1:00	11.84	1.6	3.51
550	12/25/2019 1:30	11.91	1.54	3.51
551	12/25/2019 2:00	11.84	1.5	3.51
552	12/25/2019 2:30	11.88	1.5	3.51
553	12/25/2019 3:00	11.85	1.5	3.51
554	12/25/2019 3:30	11.82	1.52	3.51
555	12/25/2019 4:00	11.71	1.52	3.51
556	12/25/2019 4:30	11.77	1.52	3.51
557	12/25/2019 5:00	11.74	1.54	3.51
558	12/25/2019 5:30	11.68	1.56	3.51
559	12/25/2019 6:00	11.67	1.58	3.51
560	12/25/2019 6:30	11.7	1.6	3.51
561	12/25/2019 7:00	11.64	1.6	3.51
562	12/25/2019 7:30	11.58	1.64	3.51
563	12/25/2019 8:00	11.62	1.66	3.51
564	12/25/2019 8:30	11.62	1.7	3.53
565	12/25/2019 9:00	11.6	1.72	3.51
566	12/25/2019 9:30	11.62	1.76	3.51
567	12/25/2019 10:00	11.66	1.8	3.51
568	12/25/2019 10:30	11.61	1.88	3.51
569	12/25/2019 11:00	11.88	1.98	3.53
570	12/25/2019 11:30	11.87	2.12	3.53
571	12/25/2019 12:00	12.06	2.28	3.53
572	12/25/2019 12:30	11.89	2.42	3.53
573	12/25/2019 13:00	12.3	2.58	3.53
574	12/25/2019 13:30	12.22	2.74	3.53
575	12/25/2019 14:00	12.37	2.82	3.53
576	12/25/2019 14:30	12.44	2.96	3.53
577	12/25/2019 15:00	12.42	3.1	3.53
578	12/25/2019 15:30	12.43	3.18	3.53
579	12/25/2019 16:00	12.4	3.14	3.53
580	12/25/2019 16:30	12.42	3.16	3.53
581	12/25/2019 17:00	12.4	3.12	3.53
582	12/25/2019 17:30	12.32	3.06	3.53
583	12/25/2019 18:00	12.26	2.98	3.53
584	12/25/2019 18:30	12.12	2.94	3.53
585	12/25/2019 19:00	12.08	2.92	3.53
586	12/25/2019 19:30	12.01	2.9	3.53
587	12/25/2019 20:00	11.93	2.84	3.53
588	12/25/2019 20:30	11.93	2.78	3.53
589	12/25/2019 21:00	11.87	2.72	3.53
590	12/25/2019 21:30	11.66	2.62	3.53
591	12/25/2019 22:00	11.86	2.5	3.53
592	12/25/2019 22:30	11.9	2.36	3.53
593	12/25/2019 23:00	11.85	2.24	3.53
594	12/25/2019 23:30	11.82	2.1	3.53
595	12/26/2019 0:00	11.82	1.98	3.53
596	12/26/2019 0:30	11.82	1.88	3.53
597	12/26/2019 1:00	11.83	1.78	3.51
598	12/26/2019 1:30	11.82	1.7	3.51
599	12/26/2019 2:00	11.81	1.62	3.51
600	12/26/2019 2:30	11.78	1.56	3.51
601	12/26/2019 3:00	11.8	1.5	3.51
602	12/26/2019 3:30	11.84	1.46	3.51
603	12/26/2019 4:00	11.84	1.4	3.51
604	12/26/2019 4:30	11.81	1.36	3.51
605	12/26/2019 5:00	11.79	1.34	3.51
606	12/26/2019 5:30	11.79	1.34	3.51
607	12/26/2019 6:00	11.81	1.36	3.51
608	12/26/2019 6:30	11.79	1.38	3.51
609	12/26/2019 7:00	11.78	1.38	3.51
610	12/26/2019 7:30	11.75	1.4	3.51
611	12/26/2019 8:00	11.77	1.4	3.51
612	12/26/2019 8:30	11.77	1.4	3.51
613	12/26/2019 9:00	11.79	1.38	3.51
614	12/26/2019 9:30	11.82	1.38	3.51
615	12/26/2019 10:00	11.88	1.38	3.51
616	12/26/2019 10:30	11.96	1.42	3.51
617	12/26/2019 11:00	12.14	1.5	3.51
618	12/26/2019 11:30	12.26	1.56	3.51
619	12/26/2019 12:00	12.38	1.64	3.51
620	12/26/2019 12:30	12.47	1.76	3.51
621	12/26/2019 13:00	12.59	1.92	3.51
622	12/26/2019 13:30	12.64	2.04	3.53
623	12/26/2019 14:00	12.68	2.18	3.53
624	12/26/2019 14:30	12.73	2.26	3.53
625	12/26/2019 15:00	12.71	2.34	3.53
626	12/26/2019 15:30	12.73	2.4	3.53
627	12/26/2019 16:00	12.77	2.38	3.53
628	12/26/2019 16:30	12.74	2.34	3.53
629	12/26/2019 17:00	12.67	2.28	3.53
630	12/26/2019 17:30	12.65	2.2	3.53
631	12/26/2019 18:00	12.55	2.1	3.53
632	12/26/2019 18:30	12.51	2	3.53
633	12/26/2019 19:00	12.44	1.92	3.53
634	12/26/2019 19:30	12.39	1.86	3.53
635	12/26/2019 20:00	12.38	1.8	3.53
636	12/26/2019 20:30	12.38	1.7	3.51
637	12/26/2019 21:00	12.37	1.6	3.51
638	12/26/2019 21:30	12.37	1.5	3.51
639	12/26/2019 22:00	12.34	1.4	3.51
640	12/26/2019 22:30	12.32	1.28	3.51
641	12/26/2019 23:00	12.32	1.18	3.51
642	12/26/2019 23:30	12.31	1.08	3.51
643	12/27/2019 0:00	12.29	0.98	3.51
644	12/27/2019 0:30	12.28	0.88	3.51
645	12/27/2019 1:00	12.29	0.8	3.51
646	12/27/2019 1:30	12.29	0.74	3.51
647	12/27/2019 2:00	12.25	0.66	3.51
648	12/27/2019 2:30	12.29	0.6	3.51
649	12/27/2019 3:00	12.26	0.54	3.51
650	12/27/2019 3:30	12.27	0.48	3.51
651	12/27/2019 4:00	12.28	0.42	3.51
652	12/27/2019 4:30	12.29	0.38	3.51
653	12/27/2019 5:00	12.25	0.34	3.51
654	12/27/2019 5:30	12.31	0.3	3.51
655	12/27/2019 6:00	12.08	0.3	3.51
656	12/27/2019 6:30	12.18	0.26	3.51
657	12/27/2019 7:00	11.71	0.22	3.51
658	12/27/2019 7:30	11.57	0.2	3.51
659	12/27/2019 8:00	12.14	0.16	3.51
660	12/27/2019 8:30	12.14	0.1	3.51
661	12/27/2019 9:00	12.28	0.08	3.51
662	12/27/2019 9:30	11.86	0.08	3.51
663	12/27/2019 10:00	12.43	0.12	3.51
664	12/27/2019 10:30	12.35	0.18	3.51
665	12/27/2019 11:00	12.63	0.3	3.51
666	12/27/2019 11:30	12.71	0.42	3.51
667	12/27/2019 12:00	12.93	0.6	3.51
668	12/27/2019 12:30	12.99	0.72	3.51
669	12/27/2019 13:00	13.03	0.9	3.51
670	12/27/2019 13:30	13.12	1.02	3.51
671	12/27/2019 14:00	13.18	1.1	3.51
672	12/27/2019 14:30	13.16	1.16	3.51
673	12/27/2019 15:00	13.2	1.16	3.51
674	12/27/2019 15:30	13.24	1.16	3.51
675	12/27/2019 16:00	13.25	1.18	3.51
676	12/27/2019 16:30	13.25	1.14	3.51
677	12/27/2019 17:00	13.19	1.08	3.51
678	12/27/2019 17:30	13.14	1.02	3.51
679	12/27/2019 18:00	13.08	0.96	3.51
680	12/27/2019 18:30	12.98	0.9	3.51
681	12/27/2019 19:00	12.92	0.84	3.51
682	12/27/2019 19:30	12.87	0.78	3.51
683	12/27/2019 20:00	12.76	0.72	3.51
684	12/27/2019 20:30	12.86	0.66	3.51
685	12/27/2019 21:00	12.81	0.58	3.51
686	12/27/2019 21:30	12.85	0.52	3.51
687	12/27/2019 22:00	12.73	0.44	3.51
688	12/27/2019 22:30	12.77	0.38	3.51
689	12/27/2019 23:00	12.77	0.32	3.51
690	12/27/2019 23:30	12.75	0.26	3.51
691	12/28/2019 0:00	12.68	0.2	3.51
692	12/28/2019 0:30	12.68	0.14	3.51
693	12/28/2019 1:00	12.65	0.1	3.51
694	12/28/2019 1:30	12.64	0.06	3.51
695	12/28/2019 2:00	12.57	0.02	3.51
696	12/28/2019 2:30	12.54	0	3.51
697	12/28/2019 3:00	12.56	-0.02	3.51
698	12/28/2019 3:30	12.55	-0.02	3.51
699	12/28/2019 4:00	12.47	-0.02	3.51
700	12/28/2019 4:30	12.36	0	3.51
701	12/28/2019 5:00	12.25	0	3.51
702	12/28/2019 5:30	12.38	0.02	3.51
703	12/28/2019 6:00	12.37	0.02	3.51
704	12/28/2019 6:30	12.37	0.02	3.51
705	12/28/2019 7:00	12.34	0.04	3.51
706	12/28/2019 7:30	11.97	0.06	3.51
707	12/28/2019 8:00	12.02	0.08	3.51
708	12/28/2019 8:30	11.75	0.06	3.51
709	12/28/2019 9:00	12.07	0.06	3.51
710	12/28/2019 9:30	11.73	0.06	3.51
711	12/28/2019 10:00	11.39	0.06	3.51
712	12/28/2019 10:30	12.05	0.12	3.51
713	12/28/2019 11:00	12.7	0.22	3.51
714	12/28/2019 11:30	13.07	0.38	3.51
715	12/28/2019 12:00	13.32	0.54	3.51
716	12/28/2019 12:30	13.14	0.74	3.51
717	12/28/2019 13:00	12.96	0.96	3.51
718	12/28/2019 13:30	12.71	1.14	3.51
719	12/28/2019 14:00	13.46	1.38	3.51
720	12/28/2019 14:30	12.89	1.62	3.51
721	12/28/2019 15:00	10.87	1.76	3.51
722	12/28/2019 15:30	11.31	1.84	3.51
723	12/28/2019 16:00	11.01	1.82	3.53
724	12/28/2019 16:30	10.12	1.74	3.53
725	12/28/2019 17:00	9.31	1.64	3.51
726	12/28/2019 17:30	9.91	1.5	3.51
727	12/28/2019 18:00	9.68	1.38	3.51
728	12/28/2019 18:30	8.77	1.26	3.51
729	12/28/2019 19:00	8.07	1.14	3.51
730	12/28/2019 19:30	8.77	1.04	3.51
731	12/28/2019 20:00	8.54	0.98	3.51
732	12/28/2019 20:30	8.69	0.94	3.51
733	12/28/2019 21:00	8.66	0.92	3.51
734	12/28/2019 21:30	8.19	0.92	3.51
735	12/28/2019 22:00	8.36	0.94	3.51
736	12/28/2019 22:30	9.01	0.98	3.51
737	12/28/2019 23:00	9.06	1	3.51
738	12/28/2019 23:30	9.62	1.04	3.51
739	12/29/2019 0:00	9.4	1.04	3.51
740	12/29/2019 0:30	9.25	1.06	3.51
741	12/29/2019 1:00	7.91	1.04	3.51
742	12/29/2019 1:30	7.78	1.04	3.51
743	12/29/2019 2:00	8.92	1	3.51
744	12/29/2019 2:30	9.28	0.96	3.51
745	12/29/2019 3:00	9.61	0.94	3.51
746	12/29/2019 3:30	8.45	0.92	3.51
747	12/29/2019 4:00	11.39	0.86	3.51
748	12/29/2019 4:30	11.2	0.84	3.51
749	12/29/2019 5:00	12.08	0.8	3.51
750	12/29/2019 5:30	12.14	0.76	3.51
751	12/29/2019 6:00	12.16	0.74	3.51
752	12/29/2019 6:30	12.12	0.72	3.51
753	12/29/2019 7:00	12.15	0.72	3.51
754	12/29/2019 7:30	12.11	0.66	3.51
755	12/29/2019 8:00	12.1	0.6	3.51
756	12/29/2019 8:30	12.14	0.54	3.51
757	12/29/2019 9:00	12.16	0.5	3.51
758	12/29/2019 9:30	12.15	0.52	3.51
759	12/29/2019 10:00	11.88	0.58	3.51
760	12/29/2019 10:30	10.49	0.7	3.51
761	12/29/2019 11:00	11.56	0.88	3.51
762	12/29/2019 11:30	11.23	1.06	3.51
763	12/29/2019 12:00	10.15	1.2	3.51
764	12/29/2019 12:30	11.68	1.3	3.51
765	12/29/2019 13:00	10.77	1.42	3.51
766	12/29/2019 13:30	10.46	1.56	3.51
767	12/29/2019 14:00	11.94	1.66	3.51
768	12/29/2019 14:30	11.3	1.7	3.53
769	12/29/2019 15:00	12.06	1.72	3.53
770	12/29/2019 15:30	12.07	1.74	3.53
771	12/29/2019 16:00	12.45	1.8	3.51
772	12/29/2019 16:30	12.55	1.86	3.53
773	12/29/2019 17:00	12.53	1.92	3.53
774	12/29/2019 17:30	12.53	1.94	3.53
775	12/29/2019 18:00	12.47	1.94	3.53
776	12/29/2019 18:30	12.33	1.94	3.51
777	12/29/2019 19:00	12.28	1.9	3.53
778	12/29/2019 19:30	12.21	1.88	3.53
779	12/29/2019 20:00	12.13	1.9	3.53
780	12/29/2019 20:30	12.13	1.92	3.53
781	12/29/2019 21:00	12.08	1.94	3.53
782	12/29/2019 21:30	12.03	1.92	3.53
783	12/29/2019 22:00	12	1.88	3.53
784	12/29/2019 22:30	12.02	1.84	3.53
785	12/29/2019 23:00	12	1.78	3.53
786	12/29/2019 23:30	12.07	1.72	3.53
787	12/30/2019 0:00	12.03	1.64	3.53
788	12/30/2019 0:30	11.99	1.58	3.53
789	12/30/2019 1:00	11.96	1.54	3.53
790	12/30/2019 1:30	11.88	1.5	3.51
791	12/30/2019 2:00	11.92	1.46	3.51
792	12/30/2019 2:30	11.85	1.44	3.51
793	12/30/2019 3:00	11.85	1.44	3.51
794	12/30/2019 3:30	11.85	1.46	3.51
795	12/30/2019 4:00	11.84	1.48	3.51
796	12/30/2019 4:30	11.84	1.5	3.51
797	12/30/2019 5:00	11.77	1.52	3.51
798	12/30/2019 5:30	11.84	1.52	3.51
799	12/30/2019 6:00	11.84	1.54	3.51
800	12/30/2019 6:30	11.81	1.54	3.51
801	12/30/2019 7:00	11.8	1.54	3.51
802	12/30/2019 7:30	11.82	1.56	3.51
803	12/30/2019 8:00	11.82	1.56	3.51
804	12/30/2019 8:30	11.75	1.58	3.51
805	12/30/2019 9:00	11.8	1.6	3.51
806	12/30/2019 9:30	11.84	1.62	3.51
807	12/30/2019 10:00	11.88	1.66	3.53
808	12/30/2019 10:30	11.93	1.72	3.51
809	12/30/2019 11:00	12.1	1.82	3.53
810	12/30/2019 11:30	12.21	1.96	3.53
811	12/30/2019 12:00	12.34	2.1	3.53
812	12/30/2019 12:30	12.39	2.24	3.53
813	12/30/2019 13:00	12.5	2.38	3.53
814	12/30/2019 13:30	12.51	2.52	3.53
815	12/30/2019 14:00	12.58	2.62	3.53
816	12/30/2019 14:30	12.61	2.76	3.53
817	12/30/2019 15:00	12.67	2.84	3.53
818	12/30/2019 15:30	12.69	2.9	3.53
819	12/30/2019 16:00	12.67	2.98	3.53
820	12/30/2019 16:30	12.59	3.04	3.53
821	12/30/2019 17:00	12.55	3.04	3.53
822	12/30/2019 17:30	12.48	2.96	3.53
823	12/30/2019 18:00	12.38	2.84	3.53
824	12/30/2019 18:30	12.26	2.72	3.53
825	12/30/2019 19:00	12.16	2.6	3.53
826	12/30/2019 19:30	12.11	2.5	3.53
827	12/30/2019 20:00	12.03	2.44	3.53
828	12/30/2019 20:30	12.04	2.38	3.53
829	12/30/2019 21:00	11.97	2.34	3.53
830	12/30/2019 21:30	12	2.28	3.53
831	12/30/2019 22:00	12.02	2.24	3.53
832	12/30/2019 22:30	11.97	2.16	3.53
833	12/30/2019 23:00	12	2.12	3.53
834	12/30/2019 23:30	11.93	2.08	3.53
835	12/31/2019 0:00	11.91	2.08	3.53
836	12/31/2019 0:30	11.89	2.06	3.53
837	12/31/2019 1:00	11.89	2.04	3.53
838	12/31/2019 1:30	11.81	2.04	3.53
839	12/31/2019 2:00	11.86	2.02	3.53
840	12/31/2019 2:30	11.82	2	3.53
841	12/31/2019 3:00	11.77	1.96	3.53
842	12/31/2019 3:30	11.78	1.92	3.53
843	12/31/2019 4:00	11.78	1.88	3.53
844	12/31/2019 4:30	11.72	1.84	3.53
845	12/31/2019 5:00	11.72	1.8	3.53
846	12/31/2019 5:30	11.71	1.78	3.53
847	12/31/2019 6:00	11.67	1.74	3.53
848	12/31/2019 6:30	11.71	1.74	3.53
849	12/31/2019 7:00	11.61	1.72	3.53
850	12/31/2019 7:30	11.7	1.72	3.53
851	12/31/2019 8:00	11.59	1.7	3.51
852	12/31/2019 8:30	11.65	1.7	3.53
853	12/31/2019 9:00	11.47	1.7	3.51
854	12/31/2019 9:30	11.47	1.74	3.51
855	12/31/2019 10:00	11.59	1.78	3.53
856	12/31/2019 10:30	11.69	1.86	3.53
857	12/31/2019 11:00	11.9	1.96	3.53
858	12/31/2019 11:30	11.45	2.08	3.53
859	12/31/2019 12:00	11.99	2.18	3.53
860	12/31/2019 12:30	11.64	2.28	3.53
861	12/31/2019 13:00	12.4	2.38	3.53
862	12/31/2019 13:30	11.23	2.48	3.53
863	12/31/2019 14:00	12.42	2.56	3.53
864	12/31/2019 14:30	12.32	2.66	3.53
865	12/31/2019 15:00	12.39	2.74	3.53
866	12/31/2019 15:30	12.5	2.8	3.53
867	12/31/2019 16:00	12.38	2.84	3.53
868	12/31/2019 16:30	11.94	2.84	3.53
869	12/31/2019 17:00	11.59	2.82	3.53
870	12/31/2019 17:30	11.6	2.8	3.53
871	12/31/2019 18:00	11.95	2.78	3.53
872	12/31/2019 18:30	11.71	2.76	3.53
873	12/31/2019 19:00	11.66	2.74	3.53
874	12/31/2019 19:30	11.6	2.74	3.53
875	12/31/2019 20:00	11.61	2.74	3.53
876	12/31/2019 20:30	11.64	2.76	3.53
877	12/31/2019 21:00	11.56	2.76	3.53
878	12/31/2019 21:30	11.45	2.78	3.53
879	12/31/2019 22:00	11.63	2.78	3.53
880	12/31/2019 22:30	11.5	2.78	3.53
881	12/31/2019 23:00	11.43	2.78	3.53
882	12/31/2019 23:30	11.43	2.76	3.53
883	1/1/2020 0:00	11.45	2.74	3.53
884	1/1/2020 0:30	11.44	2.72	3.53
885	1/1/2020 1:00	11.4	2.7	3.53
886	1/1/2020 1:30	11.42	2.68	3.53
887	1/1/2020 2:00	11.34	2.66	3.53
888	1/1/2020 2:30	11.39	2.64	3.53
889	1/1/2020 3:00	11.41	2.64	3.53
890	1/1/2020 3:30	11.4	2.64	3.53
891	1/1/2020 4:00	11.31	2.64	3.53
892	1/1/2020 4:30	11.22	2.62	3.53
893	1/1/2020 5:00	11.19	2.64	3.53
894	1/1/2020 5:30	11.15	2.62	3.53
895	1/1/2020 6:00	11.07	2.62	3.53
896	1/1/2020 6:30	11.15	2.64	3.53
897	1/1/2020 7:00	11.26	2.66	3.53
898	1/1/2020 7:30	11.15	2.68	3.53
899	1/1/2020 8:00	11.07	2.7	3.53
900	1/1/2020 8:30	11.13	2.72	3.53
901	1/1/2020 9:00	11.01	2.72	3.53
902	1/1/2020 9:30	11.17	2.76	3.53
903	1/1/2020 10:00	11.21	2.8	3.53
904	1/1/2020 10:30	11.27	2.88	3.53
905	1/1/2020 11:00	11.16	2.96	3.53
906	1/1/2020 11:30	11.65	3.08	3.53
907	1/1/2020 12:00	11.83	3.18	3.53
908	1/1/2020 12:30	11.89	3.3	3.53
909	1/1/2020 13:00	11.99	3.4	3.53
910	1/1/2020 13:30	12.01	3.52	3.53
911	1/1/2020 14:00	12.21	3.7	3.53
912	1/1/2020 14:30	12.25	3.88	3.53
913	1/1/2020 15:00	12.34	4.1	3.53
914	1/1/2020 15:30	12.23	4.22	3.54
915	1/1/2020 16:00	12.21	4.26	3.54
916	1/1/2020 16:30	12.08	4.26	3.54
917	1/1/2020 17:00	12.02	4.26	3.54
918	1/1/2020 17:30	11.91	4.24	3.54
919	1/1/2020 18:00	11.71	4.18	3.54
920	1/1/2020 18:30	11.29	4.14	3.54
921	1/1/2020 19:00	11.37	4.12	3.54
922	1/1/2020 19:30	11.17	4.14	3.53
923	1/1/2020 20:00	11.09	4.16	3.54
924	1/1/2020 20:30	11.02	4.14	3.53
925	1/1/2020 21:00	10.94	4.12	3.54
926	1/1/2020 21:30	11.09	4.12	3.54
927	1/1/2020 22:00	10.13	4.12	3.53
928	1/1/2020 22:30	10.58	4.08	3.54
929	1/1/2020 23:00	10.79	4	3.53
930	1/1/2020 23:30	10.74	3.9	3.54
931	1/2/2020 0:00	10.28	3.8	3.53
932	1/2/2020 0:30	10.57	3.7	3.53
933	1/2/2020 1:00	10.58	3.6	3.53
934	1/2/2020 1:30	10.5	3.52	3.53
935	1/2/2020 2:00	10.95	3.46	3.53
936	1/2/2020 2:30	10.91	3.42	3.53
937	1/2/2020 3:00	10.83	3.38	3.53
938	1/2/2020 3:30	10.87	3.34	3.53
939	1/2/2020 4:00	10.95	3.3	3.53
940	1/2/2020 4:30	11.01	3.28	3.53
941	1/2/2020 5:00	10.97	3.3	3.53
942	1/2/2020 5:30	10.96	3.32	3.53
943	1/2/2020 6:00	10.81	3.32	3.53
944	1/2/2020 6:30	10.93	3.3	3.53
945	1/2/2020 7:00	10.97	3.28	3.53
946	1/2/2020 7:30	10.94	3.28	3.53
947	1/2/2020 8:00	10.89	3.28	3.53
948	1/2/2020 8:30	10.92	3.3	3.53
949	1/2/2020 9:00	10.95	3.28	3.53
950	1/2/2020 9:30	10.91	3.3	3.53
951	1/2/2020 10:00	11.08	3.36	3.53
952	1/2/2020 10:30	11.24	3.46	3.53
953	1/2/2020 11:00	11.41	3.56	3.53
954	1/2/2020 11:30	11.56	3.7	3.53
955	1/2/2020 12:00	11.7	3.84	3.53
956	1/2/2020 12:30	11.84	4.02	3.53
957	1/2/2020 13:00	11.8	4.18	3.53
958	1/2/2020 13:30	12.23	4.36	3.53
959	1/2/2020 14:00	12.15	4.52	3.54
960	1/2/2020 14:30	12.13	4.62	3.54
961	1/2/2020 15:00	12	4.68	3.54
962	1/2/2020 15:30	12.11	4.72	3.54
963	1/2/2020 16:00	12.2	4.68	3.54
964	1/2/2020 16:30	12.08	4.62	3.54
965	1/2/2020 17:00	11.99	4.56	3.54
966	1/2/2020 17:30	12.01	4.48	3.54
967	1/2/2020 18:00	11.9	4.4	3.54
968	1/2/2020 18:30	11.66	4.32	3.54
969	1/2/2020 19:00	11.55	4.22	3.54
970	1/2/2020 19:30	11.57	4.14	3.54
971	1/2/2020 20:00	11.45	4.06	3.54
972	1/2/2020 20:30	11.5	3.94	3.53
973	1/2/2020 21:00	11.5	3.84	3.53
974	1/2/2020 21:30	11.48	3.72	3.53
975	1/2/2020 22:00	11.39	3.6	3.53
976	1/2/2020 22:30	11.46	3.48	3.53
977	1/2/2020 23:00	11.47	3.36	3.53
978	1/2/2020 23:30	11.13	3.26	3.53
979	1/3/2020 0:00	11.4	3.16	3.53
980	1/3/2020 0:30	11.21	3.08	3.53
981	1/3/2020 1:00	11.31	3	3.53
982	1/3/2020 1:30	11.17	2.92	3.53
983	1/3/2020 2:00	11.23	2.86	3.53
984	1/3/2020 2:30	11.32	2.78	3.53
985	1/3/2020 3:00	11.32	2.72	3.53
986	1/3/2020 3:30	11.21	2.66	3.53
987	1/3/2020 4:00	11.17	2.62	3.53
988	1/3/2020 4:30	11.34	2.58	3.53
989	1/3/2020 5:00	11.37	2.54	3.53
990	1/3/2020 5:30	11.23	2.52	3.53
991	1/3/2020 6:00	11.39	2.48	3.53
992	1/3/2020 6:30	11.23	2.46	3.53
993	1/3/2020 7:00	11.31	2.42	3.53
994	1/3/2020 7:30	11.34	2.4	3.53
995	1/3/2020 8:00	11.36	2.38	3.53
996	1/3/2020 8:30	11.28	2.36	3.53
997	1/3/2020 9:00	11.35	2.34	3.53
998	1/3/2020 9:30	11.31	2.32	3.53
999	1/3/2020 10:00	11.42	2.34	3.53
1000	1/3/2020 10:30	11.69	2.42	3.53
1001	1/3/2020 11:00	11.94	2.56	3.53
1002	1/3/2020 11:30	12.1	2.72	3.53
1003	1/3/2020 12:00	12.18	2.9	3.53
1004	1/3/2020 12:30	12.47	3.02	3.53
1005	1/3/2020 13:00	12.32	3.18	3.53
1006	1/3/2020 13:30	12.63	3.34	3.53
1007	1/3/2020 14:00	12.46	3.48	3.53
1008	1/3/2020 14:30	13.29	3.62	3.53
1009	1/3/2020 15:00	13	3.74	3.53
1010	1/3/2020 15:30	13.45	3.8	3.53
1011	1/3/2020 16:00	12.86	3.8	3.53
1012	1/3/2020 16:30	12.97	3.76	3.53
1013	1/3/2020 17:00	12.61	3.68	3.53
1014	1/3/2020 17:30	12.45	3.56	3.53
1015	1/3/2020 18:00	12.25	3.44	3.53
1016	1/3/2020 18:30	12.08	3.32	3.53
1017	1/3/2020 19:00	11.91	3.24	3.53
1018	1/3/2020 19:30	11.81	3.18	3.53
1019	1/3/2020 20:00	11.82	3.14	3.53
1020	1/3/2020 20:30	11.7	3.1	3.53
1021	1/3/2020 21:00	11.77	3.06	3.53
1022	1/3/2020 21:30	11.7	3.02	3.53
1023	1/3/2020 22:00	11.65	2.98	3.53
1024	1/3/2020 22:30	11.68	2.96	3.53
1025	1/3/2020 23:00	11.5	2.94	3.53
1026	1/3/2020 23:30	11.48	2.94	3.53
1027	1/4/2020 0:00	11.22	2.92	3.53
1028	1/4/2020 0:30	11.35	2.9	3.53
1029	1/4/2020 1:00	11.27	2.9	3.53
1030	1/4/2020 1:30	11.26	2.92	3.53
1031	1/4/2020 2:00	11.14	2.92	3.53
1032	1/4/2020 2:30	11.3	2.94	3.53
1033	1/4/2020 3:00	11.29	2.96	3.53
1034	1/4/2020 3:30	11.35	2.98	3.53
1035	1/4/2020 4:00	11.17	2.98	3.53
1036	1/4/2020 4:30	11.25	3	3.53
1037	1/4/2020 5:00	11.18	3.04	3.53
1038	1/4/2020 5:30	11.21	3.06	3.53
1039	1/4/2020 6:00	11.14	3.08	3.53
1040	1/4/2020 6:30	11.1	3.12	3.53
1041	1/4/2020 7:00	11.19	3.16	3.53
1042	1/4/2020 7:30	11.09	3.18	3.53
1043	1/4/2020 8:00	11	3.18	3.53
1044	1/4/2020 8:30	10.8	3.2	3.53
1045	1/4/2020 9:00	10.89	3.28	3.53
1046	1/4/2020 9:30	10.88	3.36	3.53
1047	1/4/2020 10:00	10.72	3.44	3.53
1048	1/4/2020 10:30	11.08	3.54	3.53
1049	1/4/2020 11:00	11.38	3.68	3.53
1050	1/4/2020 11:30	11.66	3.9	3.53
1051	1/4/2020 12:00	11.81	4.12	3.53
1052	1/4/2020 12:30	11.91	4.32	3.54
1053	1/4/2020 13:00	12.24	4.54	3.54
1054	1/4/2020 13:30	12.28	4.78	3.54
1055	1/4/2020 14:00	12.66	4.9	3.54
1056	1/4/2020 14:30	12.03	4.86	3.54
1057	1/4/2020 15:00	12.12	4.9	3.54
1058	1/4/2020 15:30	12.42	4.92	3.54
1059	1/4/2020 16:00	12.33	4.92	3.54
1060	1/4/2020 16:30	12.07	4.9	3.54
1061	1/4/2020 17:00	11.87	4.82	3.54
1062	1/4/2020 17:30	11.75	4.78	3.54
1063	1/4/2020 18:00	11.67	4.76	3.54
1064	1/4/2020 18:30	11.25	4.72	3.54
1065	1/4/2020 19:00	11.26	4.68	3.54
1066	1/4/2020 19:30	11.17	4.64	3.54
1067	1/4/2020 20:00	11.22	4.62	3.54
1068	1/4/2020 20:30	11.1	4.58	3.54
1069	1/4/2020 21:00	11.12	4.54	3.54
1070	1/4/2020 21:30	10.89	4.5	3.54
1071	1/4/2020 22:00	10.65	4.44	3.54
1072	1/4/2020 22:30	10.92	4.38	3.54
1073	1/4/2020 23:00	10.88	4.32	3.54
1074	1/4/2020 23:30	10.87	4.24	3.54
1075	1/5/2020 0:00	10.87	4.18	3.54
1076	1/5/2020 0:30	10.85	4.12	3.53
1077	1/5/2020 1:00	10.94	4.06	3.53
1078	1/5/2020 1:30	10.82	4.02	3.53
1079	1/5/2020 2:00	10.88	3.98	3.53
1080	1/5/2020 2:30	10.96	3.96	3.53
1081	1/5/2020 3:00	10.86	3.94	3.53
1082	1/5/2020 3:30	10.88	3.92	3.53
1083	1/5/2020 4:00	10.92	3.9	3.53
1084	1/5/2020 4:30	10.91	3.94	3.53
1085	1/5/2020 5:00	10.88	3.98	3.53
1086	1/5/2020 5:30	10.81	4	3.53
1087	1/5/2020 6:00	10.76	4.02	3.53
1088	1/5/2020 6:30	10.76	4.04	3.53
1089	1/5/2020 7:00	10.72	4.06	3.54
1090	1/5/2020 7:30	10.76	4.08	3.53
1091	1/5/2020 8:00	10.7	4.08	3.53
1092	1/5/2020 8:30	10.71	4.08	3.53
1093	1/5/2020 9:00	10.66	4.06	3.53
1094	1/5/2020 9:30	10.67	4.06	3.53
1095	1/5/2020 10:00	10.89	4.1	3.53
1096	1/5/2020 10:30	11.07	4.18	3.53
1097	1/5/2020 11:00	11.28	4.24	3.54
1098	1/5/2020 11:30	11.42	4.38	3.54
1099	1/5/2020 12:00	11.95	4.62	3.54
1100	1/5/2020 12:30	11.91	4.86	3.54
1101	1/5/2020 13:00	11.86	5.04	3.54
1102	1/5/2020 13:30	12.02	5.08	3.54
1103	1/5/2020 14:00	12.02	5.1	3.54
1104	1/5/2020 14:30	12.1	5.2	3.54
1105	1/5/2020 15:00	12.47	5.26	3.54
1106	1/5/2020 15:30	12.16	5.24	3.54
1107	1/5/2020 16:00	12.11	5.18	3.54
1108	1/5/2020 16:30	12.08	5.16	3.54
1109	1/5/2020 17:00	12.04	5.12	3.54
1110	1/5/2020 17:30	11.97	5.08	3.54
1111	1/5/2020 18:00	11.71	5.02	3.54
1112	1/5/2020 18:30	11.59	4.92	3.54
1113	1/5/2020 19:00	11.5	4.84	3.54
1114	1/5/2020 19:30	11.27	4.78	3.54
1115	1/5/2020 20:00	11.24	4.72	3.54
1116	1/5/2020 20:30	11.22	4.64	3.54
1117	1/5/2020 21:00	11.17	4.56	3.54
1118	1/5/2020 21:30	11.18	4.46	3.54
1119	1/5/2020 22:00	10.97	4.34	3.54
1120	1/5/2020 22:30	10.97	4.2	3.54
1121	1/5/2020 23:00	11.08	4.06	3.54
1122	1/5/2020 23:30	11.13	3.94	3.53
1123	1/6/2020 0:00	11.13	3.84	3.53
1124	1/6/2020 0:30	11.23	3.78	3.53
1125	1/6/2020 1:00	11.13	3.76	3.53
1126	1/6/2020 1:30	11.05	3.72	3.53
1127	1/6/2020 2:00	11.04	3.64	3.53
1128	1/6/2020 2:30	11.07	3.58	3.53
1129	1/6/2020 3:00	11.03	3.52	3.53
1130	1/6/2020 3:30	11.01	3.52	3.53
1131	1/6/2020 4:00	11	3.5	3.53
1132	1/6/2020 4:30	11	3.46	3.53
1133	1/6/2020 5:00	11	3.42	3.53
1134	1/6/2020 5:30	10.99	3.36	3.53
1135	1/6/2020 6:00	10.85	3.34	3.53
1136	1/6/2020 6:30	10.94	3.3	3.53
1137	1/6/2020 7:00	10.99	3.3	3.53
1138	1/6/2020 7:30	11.01	3.28	3.53
1139	1/6/2020 8:00	10.95	3.28	3.53
1140	1/6/2020 8:30	10.89	3.28	3.53
1141	1/6/2020 9:00	11.03	3.3	3.53
1142	1/6/2020 9:30	11.02	3.34	3.53
1143	1/6/2020 10:00	11.22	3.4	3.53
1144	1/6/2020 10:30	11.44	3.5	3.53
1145	1/6/2020 11:00	11.72	3.6	3.53
1146	1/6/2020 11:30	11.91	3.76	3.53
1147	1/6/2020 12:00	12.07	3.9	3.53
1148	1/6/2020 12:30	12.38	4.1	3.53
1149	1/6/2020 13:00	12.67	4.28	3.53
1150	1/6/2020 13:30	12.81	4.46	3.53
1151	1/6/2020 14:00	12.79	4.62	3.54
1152	1/6/2020 14:30	12.79	4.74	3.54
1153	1/6/2020 15:00	13.22	4.8	3.54
1154	1/6/2020 15:30	13.03	4.82	3.54
1155	1/6/2020 16:00	12.57	4.78	3.54
1156	1/6/2020 16:30	12.47	4.7	3.54
1157	1/6/2020 17:00	12.27	4.6	3.54
1158	1/6/2020 17:30	12.09	4.5	3.54
1159	1/6/2020 18:00	11.92	4.38	3.54
1160	1/6/2020 18:30	11.82	4.26	3.54
1161	1/6/2020 19:00	11.61	4.16	3.54
1162	1/6/2020 19:30	11.56	4.06	3.53
1163	1/6/2020 20:00	11.5	3.96	3.53
1164	1/6/2020 20:30	11.46	3.88	3.53
1165	1/6/2020 21:00	11.45	3.78	3.53
1166	1/6/2020 21:30	11.42	3.66	3.53
1167	1/6/2020 22:00	11.36	3.54	3.53
1168	1/6/2020 22:30	11.53	3.4	3.53
1169	1/6/2020 23:00	11.45	3.26	3.53
1170	1/6/2020 23:30	11.58	3.12	3.53
1171	1/7/2020 0:00	11.52	2.98	3.53
1172	1/7/2020 0:30	11.48	2.86	3.53
1173	1/7/2020 1:00	11.47	2.72	3.53
1174	1/7/2020 1:30	11.48	2.6	3.53
1175	1/7/2020 2:00	11.46	2.5	3.53
1176	1/7/2020 2:30	11.45	2.4	3.53
1177	1/7/2020 3:00	11.4	2.3	3.53
1178	1/7/2020 3:30	11.42	2.22	3.53
1179	1/7/2020 4:00	11.47	2.14	3.53
1180	1/7/2020 4:30	11.49	2.06	3.53
1181	1/7/2020 5:00	11.47	2	3.53
1182	1/7/2020 5:30	11.5	1.94	3.53
1183	1/7/2020 6:00	11.51	1.88	3.53
1184	1/7/2020 6:30	11.56	1.84	3.51
1185	1/7/2020 7:00	11.51	1.8	3.53
1186	1/7/2020 7:30	11.46	1.78	3.53
1187	1/7/2020 8:00	11.34	1.74	3.51
1188	1/7/2020 8:30	11.49	1.76	3.51
1189	1/7/2020 9:00	11.38	1.78	3.51
1190	1/7/2020 9:30	11.5	1.84	3.53
1191	1/7/2020 10:00	11.64	1.92	3.51
1192	1/7/2020 10:30	11.83	2	3.53
1193	1/7/2020 11:00	12.04	2.1	3.53
1194	1/7/2020 11:30	12.22	2.26	3.53
1195	1/7/2020 12:00	12.4	2.46	3.53
1196	1/7/2020 12:30	12.67	2.68	3.53
1197	1/7/2020 13:00	12.95	2.98	3.53
1198	1/7/2020 13:30	12.86	3.12	3.53
1199	1/7/2020 14:00	13	3.24	3.53
1200	1/7/2020 14:30	13.02	3.28	3.53
1201	1/7/2020 15:00	13.14	3.42	3.53
1202	1/7/2020 15:30	13.03	3.48	3.53
1203	1/7/2020 16:00	13.26	3.56	3.53
1204	1/7/2020 16:30	12.75	3.56	3.53
1205	1/7/2020 17:00	12.55	3.52	3.53
1206	1/7/2020 17:30	12.47	3.46	3.53
1207	1/7/2020 18:00	12.25	3.42	3.53
1208	1/7/2020 18:30	12.02	3.36	3.53
1209	1/7/2020 19:00	11.92	3.34	3.53
1210	1/7/2020 19:30	11.77	3.34	3.53
1211	1/7/2020 20:00	11.77	3.34	3.53
1212	1/7/2020 20:30	11.57	3.34	3.53
1213	1/7/2020 21:00	11.65	3.34	3.53
1214	1/7/2020 21:30	11.61	3.34	3.53
1215	1/7/2020 22:00	11.65	3.32	3.53
1216	1/7/2020 22:30	11.58	3.24	3.53
1217	1/7/2020 23:00	11.56	3.14	3.53
1218	1/7/2020 23:30	11.55	3.04	3.53
1219	1/8/2020 0:00	11.55	2.96	3.53
1220	1/8/2020 0:30	11.52	2.84	3.53
1221	1/8/2020 1:00	11.48	2.74	3.53
1222	1/8/2020 1:30	11.46	2.68	3.53
1223	1/8/2020 2:00	11.46	2.62	3.53
1224	1/8/2020 2:30	11.45	2.58	3.53
1225	1/8/2020 3:00	11.43	2.52	3.53
1226	1/8/2020 3:30	11.32	2.48	3.53
1227	1/8/2020 4:00	11.4	2.44	3.53
1228	1/8/2020 4:30	11.31	2.42	3.53
1229	1/8/2020 5:00	11.34	2.44	3.53
1230	1/8/2020 5:30	11.3	2.44	3.53
1231	1/8/2020 6:00	11.25	2.42	3.53
1232	1/8/2020 6:30	11.06	2.38	3.53
1233	1/8/2020 7:00	11.24	2.36	3.53
1234	1/8/2020 7:30	11.22	2.34	3.53
1235	1/8/2020 8:00	10.75	2.32	3.53
1236	1/8/2020 8:30	11.18	2.34	3.53
1237	1/8/2020 9:00	11.14	2.36	3.53
1238	1/8/2020 9:30	11.31	2.42	3.53
1239	1/8/2020 10:00	11.32	2.52	3.53
1240	1/8/2020 10:30	11.55	2.58	3.53
1241	1/8/2020 11:00	11.79	2.72	3.53
1242	1/8/2020 11:30	12.14	2.9	3.53
1243	1/8/2020 12:00	12.2	3.1	3.53
1244	1/8/2020 12:30	12.39	3.26	3.53
1245	1/8/2020 13:00	12.94	3.48	3.53
1246	1/8/2020 13:30	13.53	3.7	3.53
1247	1/8/2020 14:00	13.19	3.82	3.53
1248	1/8/2020 14:30	12.73	3.88	3.53
1249	1/8/2020 15:00	12.69	3.9	3.53
1250	1/8/2020 15:30	12.48	3.96	3.53
1251	1/8/2020 16:00	12.36	3.96	3.53
1252	1/8/2020 16:30	12.08	3.96	3.53
1253	1/8/2020 17:00	11.88	3.94	3.53
1254	1/8/2020 17:30	11.78	3.94	3.53
1255	1/8/2020 18:00	11.64	3.94	3.53
1256	1/8/2020 18:30	11.49	3.92	3.53
1257	1/8/2020 19:00	11.46	3.9	3.53
1258	1/8/2020 19:30	11.31	3.9	3.53
1259	1/8/2020 20:00	11.32	3.88	3.53
1260	1/8/2020 20:30	11.27	3.86	3.53
1261	1/8/2020 21:00	11.26	3.82	3.53
1262	1/8/2020 21:30	11.32	3.76	3.53
1263	1/8/2020 22:00	11.28	3.7	3.53
1264	1/8/2020 22:30	11.22	3.62	3.53
1265	1/8/2020 23:00	11.27	3.5	3.53
1266	1/8/2020 23:30	11.24	3.4	3.53
1267	1/9/2020 0:00	11.23	3.32	3.53
1268	1/9/2020 0:30	11.2	3.26	3.53
1269	1/9/2020 1:00	11.12	3.22	3.53
1270	1/9/2020 1:30	11.15	3.22	3.53
1271	1/9/2020 2:00	11.06	3.22	3.53
1272	1/9/2020 2:30	11.05	3.18	3.53
1273	1/9/2020 3:00	11.06	3.18	3.53
1274	1/9/2020 3:30	11.06	3.18	3.53
1275	1/9/2020 4:00	10.99	3.2	3.53
1276	1/9/2020 4:30	11.03	3.22	3.53
1277	1/9/2020 5:00	11.02	3.24	3.53
1278	1/9/2020 5:30	10.93	3.28	3.53
1279	1/9/2020 6:00	10.91	3.3	3.53
1280	1/9/2020 6:30	10.86	3.32	3.53
1281	1/9/2020 7:00	10.85	3.34	3.53
1282	1/9/2020 7:30	10.91	3.36	3.53
1283	1/9/2020 8:00	10.89	3.38	3.53
1284	1/9/2020 8:30	10.81	3.38	3.53
1285	1/9/2020 9:00	10.88	3.34	3.53
1286	1/9/2020 9:30	10.92	3.32	3.53
1287	1/9/2020 10:00	11.04	3.34	3.53
1288	1/9/2020 10:30	11.2	3.42	3.53
1289	1/9/2020 11:00	11.57	3.58	3.53
1290	1/9/2020 11:30	11.7	3.76	3.53
1291	1/9/2020 12:00	12.13	3.98	3.53
1292	1/9/2020 12:30	12.42	4.22	3.53
1293	1/9/2020 13:00	12.58	4.38	3.53
1294	1/9/2020 13:30	12.53	4.56	3.54
1295	1/9/2020 14:00	12.96	4.64	3.54
1296	1/9/2020 14:30	13.52	4.76	3.54
1297	1/9/2020 15:00	13.31	4.82	3.54
1298	1/9/2020 15:30	12.5	4.82	3.54
1299	1/9/2020 16:00	12.4	4.78	3.54
1300	1/9/2020 16:30	12.5	4.76	3.54
1301	1/9/2020 17:00	12.25	4.72	3.54
1302	1/9/2020 17:30	12.03	4.64	3.54
1303	1/9/2020 18:00	11.84	4.56	3.54
1304	1/9/2020 18:30	11.65	4.5	3.54
1305	1/9/2020 19:00	11.47	4.46	3.54
1306	1/9/2020 19:30	11.41	4.4	3.54
1307	1/9/2020 20:00	11.25	4.32	3.54
1308	1/9/2020 20:30	11.21	4.24	3.54
1309	1/9/2020 21:00	11.27	4.14	3.54
1310	1/9/2020 21:30	11.23	4.04	3.53
1311	1/9/2020 22:00	11.28	3.96	3.53
1312	1/9/2020 22:30	11.3	3.84	3.53
1313	1/9/2020 23:00	11.26	3.7	3.53
1314	1/9/2020 23:30	11.3	3.56	3.53
1315	1/10/2020 0:00	11.23	3.44	3.53
1316	1/10/2020 0:30	11.29	3.32	3.53
1317	1/10/2020 1:00	11.29	3.2	3.53
1318	1/10/2020 1:30	11.24	3.1	3.53
1319	1/10/2020 2:00	11.24	3	3.53
1320	1/10/2020 2:30	11.21	2.92	3.53
1321	1/10/2020 3:00	11.24	2.86	3.53
1322	1/10/2020 3:30	11.27	2.82	3.53
1323	1/10/2020 4:00	11.23	2.76	3.53
1324	1/10/2020 4:30	11.26	2.72	3.53
1325	1/10/2020 5:00	11.21	2.72	3.53
1326	1/10/2020 5:30	11.25	2.74	3.53
1327	1/10/2020 6:00	11.19	2.76	3.53
1328	1/10/2020 6:30	11.22	2.74	3.53
1329	1/10/2020 7:00	11.25	2.74	3.53
1330	1/10/2020 7:30	11.15	2.74	3.53
1331	1/10/2020 8:00	11.19	2.76	3.53
1332	1/10/2020 8:30	11.23	2.76	3.53
1333	1/10/2020 9:00	11.25	2.78	3.53
1334	1/10/2020 9:30	11.22	2.8	3.53
1335	1/10/2020 10:00	11.4	2.84	3.53
1336	1/10/2020 10:30	11.57	2.88	3.53
1337	1/10/2020 11:00	11.78	2.98	3.53
1338	1/10/2020 11:30	11.96	3.1	3.53
1339	1/10/2020 12:00	12.16	3.22	3.53
1340	1/10/2020 12:30	12.35	3.36	3.53
1341	1/10/2020 13:00	12.42	3.5	3.53
1342	1/10/2020 13:30	12.75	3.76	3.53
1343	1/10/2020 14:00	12.64	3.86	3.53
1344	1/10/2020 14:30	12.65	4	3.53
1345	1/10/2020 15:00	12.68	4.02	3.53
1346	1/10/2020 15:30	12.9	4	3.53
1347	1/10/2020 16:00	12.63	4.02	3.53
1348	1/10/2020 16:30	12.48	4.04	3.53
1349	1/10/2020 17:00	12.35	4.02	3.53
1350	1/10/2020 17:30	12.16	3.98	3.53
1351	1/10/2020 18:00	11.97	3.94	3.53
1352	1/10/2020 18:30	11.82	3.92	3.53
1353	1/10/2020 19:00	11.65	3.92	3.53
1354	1/10/2020 19:30	11.48	3.92	3.53
1355	1/10/2020 20:00	11.5	3.9	3.53
1356	1/10/2020 20:30	11.45	3.84	3.53
1357	1/10/2020 21:00	11.41	3.82	3.53
1358	1/10/2020 21:30	11.45	3.78	3.53
1359	1/10/2020 22:00	11.42	3.7	3.53
1360	1/10/2020 22:30	11.42	3.58	3.53
1361	1/10/2020 23:00	11.36	3.5	3.53
1362	1/10/2020 23:30	11.27	3.42	3.53
1363	1/11/2020 0:00	11.26	3.34	3.53
1364	1/11/2020 0:30	11.22	3.28	3.53
1365	1/11/2020 1:00	11.24	3.22	3.53
1366	1/11/2020 1:30	11.19	3.16	3.53
1367	1/11/2020 2:00	11.15	3.14	3.53
1368	1/11/2020 2:30	11.07	3.12	3.53
1369	1/11/2020 3:00	11	3.12	3.53
1370	1/11/2020 3:30	11.04	3.12	3.53
1371	1/11/2020 4:00	11.03	3.08	3.53
1372	1/11/2020 4:30	10.98	3.06	3.53
1373	1/11/2020 5:00	11.07	3.02	3.53
1374	1/11/2020 5:30	11.04	3	3.53
1375	1/11/2020 6:00	11.06	2.96	3.53
1376	1/11/2020 6:30	11.02	2.94	3.53
1377	1/11/2020 7:00	11	2.94	3.53
1378	1/11/2020 7:30	11	2.92	3.53
1379	1/11/2020 8:00	10.96	2.9	3.53
1380	1/11/2020 8:30	11	2.92	3.53
1381	1/11/2020 9:00	11.01	2.96	3.53
1382	1/11/2020 9:30	11.01	3.04	3.53
1383	1/11/2020 10:00	11.2	3.14	3.53
1384	1/11/2020 10:30	11.4	3.28	3.53
1385	1/11/2020 11:00	11.57	3.42	3.53
1386	1/11/2020 11:30	11.82	3.56	3.53
1387	1/11/2020 12:00	11.96	3.68	3.53
1388	1/11/2020 12:30	12.32	3.94	3.53
1389	1/11/2020 13:00	12.27	4.1	3.53
1390	1/11/2020 13:30	12.4	4.24	3.54
1391	1/11/2020 14:00	12.23	4.24	3.54
1392	1/11/2020 14:30	12.26	4.26	3.54
1393	1/11/2020 15:00	12.33	4.26	3.53
1394	1/11/2020 15:30	12.43	4.34	3.54
1395	1/11/2020 16:00	12.38	4.44	3.53
1396	1/11/2020 16:30	12.27	4.48	3.54
1397	1/11/2020 17:00	12.15	4.42	3.54
1398	1/11/2020 17:30	11.95	4.32	3.54
1399	1/11/2020 18:00	11.87	4.22	3.54
1400	1/11/2020 18:30	11.64	4.12	3.53
1401	1/11/2020 19:00	11.52	4.04	3.53
1402	1/11/2020 19:30	11.17	3.98	3.53
1403	1/11/2020 20:00	11.19	3.92	3.53
1404	1/11/2020 20:30	11.27	3.86	3.53
1405	1/11/2020 21:00	11.28	3.78	3.53
1406	1/11/2020 21:30	11.28	3.66	3.53
1407	1/11/2020 22:00	11.05	3.56	3.53
1408	1/11/2020 22:30	11.28	3.52	3.53
1409	1/11/2020 23:00	10.75	3.48	3.53
1410	1/11/2020 23:30	11.26	3.44	3.53
1411	1/12/2020 0:00	11.28	3.4	3.53
1412	1/12/2020 0:30	11.3	3.34	3.53
1413	1/12/2020 1:00	11.28	3.3	3.53
1414	1/12/2020 1:30	11.26	3.24	3.53
1415	1/12/2020 2:00	11.26	3.16	3.53
1416	1/12/2020 2:30	11.22	3.08	3.53
1417	1/12/2020 3:00	11.23	2.96	3.53
1418	1/12/2020 3:30	11.25	2.84	3.53
1419	1/12/2020 4:00	11.18	2.78	3.53
1420	1/12/2020 4:30	11.2	2.76	3.53
1421	1/12/2020 5:00	11.24	2.72	3.53
1422	1/12/2020 5:30	11.21	2.68	3.53
1423	1/12/2020 6:00	11.23	2.64	3.53
1424	1/12/2020 6:30	11.21	2.6	3.53
1425	1/12/2020 7:00	11.19	2.56	3.53
1426	1/12/2020 7:30	11.17	2.54	3.53
1427	1/12/2020 8:00	11.19	2.48	3.53
1428	1/12/2020 8:30	11.23	2.44	3.53
1429	1/12/2020 9:00	11.21	2.44	3.53
1430	1/12/2020 9:30	11.26	2.44	3.53
1431	1/12/2020 10:00	11.45	2.5	3.53
1432	1/12/2020 10:30	11.63	2.58	3.53
1433	1/12/2020 11:00	11.81	2.68	3.53
1434	1/12/2020 11:30	11.99	2.78	3.53
1435	1/12/2020 12:00	12.09	2.86	3.53
1436	1/12/2020 12:30	12.24	2.98	3.53
1437	1/12/2020 13:00	12.33	3.1	3.53
1438	1/12/2020 13:30	12.54	3.26	3.53
1439	1/12/2020 14:00	12.54	3.36	3.53
1440	1/12/2020 14:30	12.58	3.46	3.53
1441	1/12/2020 15:00	12.49	3.52	3.53
1442	1/12/2020 15:30	12.47	3.52	3.53
1443	1/12/2020 16:00	12.42	3.5	3.53
1444	1/12/2020 16:30	12.3	3.48	3.53
1445	1/12/2020 17:00	12.23	3.46	3.53
1446	1/12/2020 17:30	12.08	3.42	3.53
1447	1/12/2020 18:00	11.97	3.38	3.53
1448	1/12/2020 18:30	11.8	3.34	3.53
1449	1/12/2020 19:00	11.69	3.3	3.53
1450	1/12/2020 19:30	11.56	3.24	3.53
1451	1/12/2020 20:00	11.51	3.2	3.53
1452	1/12/2020 20:30	11.53	3.18	3.53
1453	1/12/2020 21:00	11.55	3.18	3.53
1454	1/12/2020 21:30	11.5	3.18	3.53
1455	1/12/2020 22:00	11.5	3.18	3.53
1456	1/12/2020 22:30	11.45	3.18	3.53
1457	1/12/2020 23:00	11.4	3.16	3.53
1458	1/12/2020 23:30	11.43	3.1	3.53
1459	1/13/2020 0:00	11.4	3.04	3.53
1460	1/13/2020 0:30	11.38	2.98	3.53
1461	1/13/2020 1:00	11.41	2.88	3.53
1462	1/13/2020 1:30	11.36	2.8	3.53
1463	1/13/2020 2:00	11.35	2.7	3.53
1464	1/13/2020 2:30	11.35	2.64	3.53
1465	1/13/2020 3:00	11.36	2.56	3.53
1466	1/13/2020 3:30	11.36	2.48	3.53
1467	1/13/2020 4:00	11.32	2.42	3.53
1468	1/13/2020 4:30	11.36	2.36	3.53
1469	1/13/2020 5:00	11.37	2.3	3.53
1470	1/13/2020 5:30	11.34	2.26	3.53
1471	1/13/2020 6:00	11.35	2.2	3.53
1472	1/13/2020 6:30	11.39	2.16	3.53
1473	1/13/2020 7:00	11.34	2.1	3.53
1474	1/13/2020 7:30	11.4	2.08	3.53
1475	1/13/2020 8:00	11.36	2.06	3.53
1476	1/13/2020 8:30	11.29	2.02	3.53
1477	1/13/2020 9:00	11.35	2	3.53
1478	1/13/2020 9:30	11.45	2.02	3.53
1479	1/13/2020 10:00	11.6	2.08	3.53
1480	1/13/2020 10:30	11.8	2.18	3.53
1481	1/13/2020 11:00	11.97	2.32	3.53
1482	1/13/2020 11:30	12.16	2.52	3.53
1483	1/13/2020 12:00	12.38	2.74	3.53
1484	1/13/2020 12:30	12.42	2.86	3.53
1485	1/13/2020 13:00	12.45	2.98	3.53
1486	1/13/2020 13:30	12.45	3.02	3.53
1487	1/13/2020 14:00	12.56	3.08	3.53
1488	1/13/2020 14:30	12.48	3.12	3.53
1489	1/13/2020 15:00	12.44	3.18	3.53
1490	1/13/2020 15:30	12.4	3.18	3.53
1491	1/13/2020 16:00	12.34	3.22	3.53
1492	1/13/2020 16:30	12.27	3.22	3.53
1493	1/13/2020 17:00	12.17	3.24	3.53
1494	1/13/2020 17:30	12.08	3.24	3.53
1495	1/13/2020 18:00	11.95	3.24	3.53
1496	1/13/2020 18:30	11.81	3.2	3.53
1497	1/13/2020 19:00	11.48	3.18	3.53
1498	1/13/2020 19:30	11.44	3.16	3.53
1499	1/13/2020 20:00	11.51	3.16	3.53
1500	1/13/2020 20:30	11.42	3.14	3.53
1501	1/13/2020 21:00	11.55	3.08	3.53
1502	1/13/2020 21:30	11.52	3.04	3.53
1503	1/13/2020 22:00	11.49	3	3.53
1504	1/13/2020 22:30	11.41	2.98	3.53
1505	1/13/2020 23:00	11.42	2.92	3.53
1506	1/13/2020 23:30	11.49	2.86	3.53
1507	1/14/2020 0:00	11.44	2.8	3.53
1508	1/14/2020 0:30	11.43	2.72	3.53
1509	1/14/2020 1:00	11.46	2.66	3.53
1510	1/14/2020 1:30	11.43	2.62	3.53
1511	1/14/2020 2:00	11.41	2.58	3.53
1512	1/14/2020 2:30	11.31	2.52	3.53
1513	1/14/2020 3:00	11.32	2.48	3.53
1514	1/14/2020 3:30	11.34	2.44	3.53
1515	1/14/2020 4:00	11.4	2.38	3.53
1516	1/14/2020 4:30	11.38	2.34	3.53
1517	1/14/2020 5:00	11.34	2.32	3.53
1518	1/14/2020 5:30	11.31	2.3	3.53
1519	1/14/2020 6:00	11.25	2.28	3.53
1520	1/14/2020 6:30	11.19	2.24	3.53
1521	1/14/2020 7:00	10.99	2.22	3.53
1522	1/14/2020 7:30	11.28	2.22	3.53
1523	1/14/2020 8:00	11.19	2.24	3.53
1524	1/14/2020 8:30	11.23	2.26	3.53
1525	1/14/2020 9:00	11.28	2.26	3.53
1526	1/14/2020 9:30	11.31	2.3	3.53
1527	1/14/2020 10:00	11.45	2.32	3.53
1528	1/14/2020 10:30	11.58	2.32	3.53
1529	1/14/2020 11:00	11.77	2.36	3.53
1530	1/14/2020 11:30	12.01	2.5	3.53
1531	1/14/2020 12:00	12.33	2.72	3.53
1532	1/14/2020 12:30	12.7	2.9	3.53
1533	1/14/2020 13:00	12.76	3.14	3.53
1534	1/14/2020 13:30	13.02	3.28	3.53
1535	1/14/2020 14:00	12.86	3.36	3.53
1536	1/14/2020 14:30	12.65	3.42	3.53
1537	1/14/2020 15:00	12.78	3.52	3.53
1538	1/14/2020 15:30	13.13	3.66	3.53
1539	1/14/2020 16:00	12.79	3.7	3.53
1540	1/14/2020 16:30	12.69	3.66	3.53
1541	1/14/2020 17:00	12.64	3.48	3.53
1542	1/14/2020 17:30	12.48	3.32	3.53
1543	1/14/2020 18:00	12.29	3.2	3.53
1544	1/14/2020 18:30	12.14	3.16	3.53
1545	1/14/2020 19:00	11.88	3.14	3.53
1546	1/14/2020 19:30	11.7	3.14	3.53
1547	1/14/2020 20:00	11.63	3.1	3.53
1548	1/14/2020 20:30	11.44	3.04	3.53
1549	1/14/2020 21:00	11.23	2.98	3.53
1550	1/14/2020 21:30	11.19	2.96	3.53
1551	1/14/2020 22:00	11.34	2.94	3.53
1552	1/14/2020 22:30	10.86	2.9	3.53
1553	1/14/2020 23:00	10.59	2.8	3.53
1554	1/14/2020 23:30	9.71	2.68	3.53
1555	1/15/2020 0:00	10.51	2.58	3.53
1556	1/15/2020 0:30	10.28	2.48	3.53
1557	1/15/2020 1:00	10.76	2.38	3.53
1558	1/15/2020 1:30	9.74	2.26	3.53
1559	1/15/2020 2:00	9.93	2.1	3.53
1560	1/15/2020 2:30	9.64	1.98	3.53
1561	1/15/2020 3:00	9.53	1.86	3.53
1562	1/15/2020 3:30	9.02	1.74	3.53
1563	1/15/2020 4:00	9.56	1.64	3.51
1564	1/15/2020 4:30	9.33	1.54	3.51
1565	1/15/2020 5:00	9.28	1.44	3.51
1566	1/15/2020 5:30	8.73	1.36	3.51
1567	1/15/2020 6:00	9.27	1.3	3.51
1568	1/15/2020 6:30	5.1	1.24	3.51
1569	1/15/2020 7:00	7.22	1.18	3.51
1570	1/15/2020 7:30	7.87	1.14	3.51
1571	1/15/2020 8:00	8.17	1.16	3.51
1572	1/15/2020 8:30	8.67	1.18	3.51
1573	1/15/2020 9:00	8.75	1.2	3.51
1574	1/15/2020 9:30	7.11	1.22	3.51
1575	1/15/2020 10:00	8.59	1.24	3.51
1576	1/15/2020 10:30	9.07	1.34	3.51
1577	1/15/2020 11:00	9.03	1.48	3.51
1578	1/15/2020 11:30	10.65	1.6	3.51
1579	1/15/2020 12:00	10.45	1.82	3.51
1580	1/15/2020 12:30	11.12	1.98	3.53
1581	1/15/2020 13:00	11.93	2.18	3.53
1582	1/15/2020 13:30	12.3	2.36	3.53
1583	1/15/2020 14:00	11.89	2.5	3.53
1584	1/15/2020 14:30	11.71	2.64	3.53
1585	1/15/2020 15:00	11.02	2.68	3.53
1586	1/15/2020 15:30	10.23	2.66	3.53
1587	1/15/2020 16:00	11.39	2.64	3.53
1588	1/15/2020 16:30	13.09	2.62	3.53
1589	1/15/2020 17:00	11.79	2.56	3.53
1590	1/15/2020 17:30	12.55	2.48	3.53
1591	1/15/2020 18:00	12.43	2.36	3.53
1592	1/15/2020 18:30	12.24	2.26	3.53
1593	1/15/2020 19:00	12.09	2.2	3.53
1594	1/15/2020 19:30	12	2.16	3.53
1595	1/15/2020 20:00	11.94	2.18	3.53
1596	1/15/2020 20:30	11.86	2.18	3.53
1597	1/15/2020 21:00	11.86	2.2	3.53
1598	1/15/2020 21:30	11.81	2.2	3.53
1599	1/15/2020 22:00	11.84	2.18	3.53
1600	1/15/2020 22:30	11.8	2.14	3.53
1601	1/15/2020 23:00	11.82	2.1	3.53
1602	1/15/2020 23:30	11.8	2.02	3.53
1603	1/16/2020 0:00	11.71	1.96	3.53
1604	1/16/2020 0:30	11.68	1.9	3.53
1605	1/16/2020 1:00	11.66	1.88	3.53
1606	1/16/2020 1:30	11.63	1.88	3.53
1607	1/16/2020 2:00	11.64	1.86	3.53
1608	1/16/2020 2:30	11.6	1.86	3.51
1609	1/16/2020 3:00	11.53	1.84	3.51
1610	1/16/2020 3:30	11.55	1.82	3.53
1611	1/16/2020 4:00	11.53	1.76	3.51
1612	1/16/2020 4:30	11.57	1.66	3.51
1613	1/16/2020 5:00	11.57	1.48	3.53
1614	1/16/2020 5:30	11.59	1.28	3.51
1615	1/16/2020 6:00	11.61	1.16	3.51
1616	1/16/2020 6:30	11.6	1.06	3.51
1617	1/16/2020 7:00	11.58	1.04	3.51
1618	1/16/2020 7:30	11.6	1.06	3.51
1619	1/16/2020 8:00	11.55	1.16	3.51
1620	1/16/2020 8:30	11.46	1.24	3.51
1621	1/16/2020 9:00	11.43	1.32	3.51
1622	1/16/2020 9:30	11.38	1.4	3.51
1623	1/16/2020 10:00	11.35	1.46	3.51
1624	1/16/2020 10:30	11.25	1.5	3.51
1625	1/16/2020 11:00	9.96	1.54	3.51
1626	1/16/2020 11:30	9.95	1.56	3.51
1627	1/16/2020 12:00	11.52	1.6	3.51
1628	1/16/2020 12:30	11.91	1.66	3.51
1629	1/16/2020 13:00	11.91	1.78	3.51
1630	1/16/2020 13:30	11.97	1.86	3.51
1631	1/16/2020 14:00	12.01	1.92	3.53
1632	1/16/2020 14:30	11.88	1.98	3.53
1633	1/16/2020 15:00	12.2	2.02	3.53
1634	1/16/2020 15:30	12.05	1.98	3.53
1635	1/16/2020 16:00	11.79	1.94	3.51
1636	1/16/2020 16:30	11.88	2.02	3.53
1637	1/16/2020 17:00	11.93	2.08	3.53
1638	1/16/2020 17:30	10.43	2.08	3.53
1639	1/16/2020 18:00	7.46	2.02	3.53
1640	1/16/2020 18:30	5.92	1.94	3.53
1641	1/16/2020 19:00	5.68	1.84	3.53
1642	1/16/2020 19:30	4.36	1.78	3.53
1643	1/16/2020 20:00	4.55	1.72	3.53
1644	1/16/2020 20:30	4.31	1.66	3.53
1645	1/16/2020 21:00	3.72	1.54	3.51
1646	1/16/2020 21:30	6.98	1.3	3.51
1647	1/16/2020 22:00	7.52	1.3	3.51
1648	1/16/2020 22:30	7.61	1.34	3.51
1649	1/16/2020 23:00	8.64	1.4	3.51
1650	1/16/2020 23:30	6.87	1.44	3.51
1651	1/17/2020 0:00	4.81	1.46	3.51
1652	1/17/2020 0:30	4.28	1.48	3.51
1653	1/17/2020 1:00	4.86	1.48	3.51
1654	1/17/2020 1:30	7.97	1.5	3.51
1655	1/17/2020 2:00	4.05	1.5	3.51
1656	1/17/2020 2:30	5.38	1.52	3.51
1657	1/17/2020 3:00	7.4	1.54	3.51
1658	1/17/2020 3:30	7.27	1.56	3.51
1659	1/17/2020 4:00	7.03	1.56	3.51
1660	1/17/2020 4:30	8.39	1.54	3.51
1661	1/17/2020 5:00	8.87	1.52	3.51
1662	1/17/2020 5:30	9.31	1.5	3.51
1663	1/17/2020 6:00	10.09	1.46	3.51
1664	1/17/2020 6:30	10.26	1.4	3.51
1665	1/17/2020 7:00	10.62	1.32	3.51
1666	1/17/2020 7:30	11.14	1.24	3.51
1667	1/17/2020 8:00	11.31	1.14	3.51
1668	1/17/2020 8:30	11.4	1.06	3.51
1669	1/17/2020 9:00	11.74	0.98	3.51
1670	1/17/2020 9:30	11.77	0.92	3.51
1671	1/17/2020 10:00	11.79	0.88	3.51
1672	1/17/2020 10:30	12.12	0.88	3.51
1673	1/17/2020 11:00	12.07	0.9	3.51
1674	1/17/2020 11:30	12.02	0.96	3.51
1675	1/17/2020 12:00	12.38	1.04	3.51
1676	1/17/2020 12:30	12.51	1.14	3.51
1677	1/17/2020 13:00	12.15	1.2	3.51
1678	1/17/2020 13:30	12.6	1.28	3.51
1679	1/17/2020 14:00	12.73	1.38	3.51
1680	1/17/2020 14:30	12.65	1.46	3.51
1681	1/17/2020 15:00	12.72	1.5	3.51
1682	1/17/2020 15:30	12.8	1.52	3.51
1683	1/17/2020 16:00	12.82	1.54	3.51
1684	1/17/2020 16:30	12.8	1.54	3.51
1685	1/17/2020 17:00	12.77	1.52	3.51
1686	1/17/2020 17:30	12.63	1.5	3.51
1687	1/17/2020 18:00	12.64	1.46	3.51
1688	1/17/2020 18:30	12.57	1.4	3.51
1689	1/17/2020 19:00	12.52	1.36	3.51
1690	1/17/2020 19:30	12.42	1.32	3.51
1691	1/17/2020 20:00	12.36	1.3	3.51
1692	1/17/2020 20:30	12.34	1.3	3.51
1693	1/17/2020 21:00	12.31	1.3	3.51
1694	1/17/2020 21:30	12.27	1.3	3.51
1695	1/17/2020 22:00	12.16	1.32	3.51
1696	1/17/2020 22:30	11.72	1.34	3.51
1697	1/17/2020 23:00	11.72	1.38	3.51
1698	1/17/2020 23:30	10.51	1.4	3.51
1699	1/18/2020 0:00	10.7	1.42	3.51
1700	1/18/2020 0:30	10.96	1.46	3.51
1701	1/18/2020 1:00	10.34	1.48	3.51
1702	1/18/2020 1:30	10.5	1.5	3.51
1703	1/18/2020 2:00	10.7	1.52	3.51
1704	1/18/2020 2:30	11.63	1.54	3.51
1705	1/18/2020 3:00	11.06	1.54	3.51
1706	1/18/2020 3:30	11.78	1.54	3.51
1707	1/18/2020 4:00	11.55	1.54	3.51
1708	1/18/2020 4:30	11.63	1.52	3.51
1709	1/18/2020 5:00	11.57	1.5	3.51
1710	1/18/2020 5:30	11.69	1.46	3.51
1711	1/18/2020 6:00	11.67	1.44	3.51
1712	1/18/2020 6:30	11.56	1.42	3.51
1713	1/18/2020 7:00	11.81	1.36	3.51
1714	1/18/2020 7:30	11.78	1.34	3.51
1715	1/18/2020 8:00	11.66	1.34	3.51
1716	1/18/2020 8:30	11.79	1.32	3.51
1717	1/18/2020 9:00	11.65	1.28	3.51
1718	1/18/2020 9:30	11.85	1.3	3.51
1719	1/18/2020 10:00	12.07	1.34	3.51
1720	1/18/2020 10:30	12.13	1.44	3.51
1721	1/18/2020 11:00	12.32	1.58	3.51
1722	1/18/2020 11:30	12.33	1.7	3.53
1723	1/18/2020 12:00	12.42	1.84	3.53
1724	1/18/2020 12:30	12.38	1.94	3.53
1725	1/18/2020 13:00	12.48	2.06	3.53
1726	1/18/2020 13:30	12.65	2.22	3.53
1727	1/18/2020 14:00	12.56	2.44	3.53
1728	1/18/2020 14:30	12.64	2.68	3.53
1729	1/18/2020 15:00	12.76	2.84	3.53
1730	1/18/2020 15:30	12.78	3	3.53
1731	1/18/2020 16:00	12.67	3.1	3.53
1732	1/18/2020 16:30	12.59	3.08	3.53
1733	1/18/2020 17:00	12.58	3.04	3.53
1734	1/18/2020 17:30	12.56	3.04	3.53
1735	1/18/2020 18:00	12.42	3	3.53
1736	1/18/2020 18:30	12.23	2.94	3.53
1737	1/18/2020 19:00	11.99	2.84	3.53
1738	1/18/2020 19:30	12.14	2.72	3.53
1739	1/18/2020 20:00	12.04	2.6	3.53
1740	1/18/2020 20:30	12.05	2.5	3.53
1741	1/18/2020 21:00	11.59	2.4	3.53
1742	1/18/2020 21:30	11.64	2.32	3.53
1743	1/18/2020 22:00	11.42	2.26	3.53
1744	1/18/2020 22:30	11.51	2.2	3.53
1745	1/18/2020 23:00	11.73	2.18	3.53
1746	1/18/2020 23:30	10.39	2.16	3.53
1747	1/19/2020 0:00	10.78	2.16	3.53
1748	1/19/2020 0:30	11.19	2.18	3.53
1749	1/19/2020 1:00	11.08	2.22	3.53
1750	1/19/2020 1:30	11.34	2.26	3.53
1751	1/19/2020 2:00	11.37	2.3	3.53
1752	1/19/2020 2:30	11.52	2.34	3.53
1753	1/19/2020 3:00	11.48	2.38	3.53
1754	1/19/2020 3:30	11.4	2.4	3.53
1755	1/19/2020 4:00	11.51	2.4	3.53
1756	1/19/2020 4:30	11.26	2.36	3.53
1757	1/19/2020 5:00	11.43	2.32	3.53
1758	1/19/2020 5:30	11.43	2.28	3.53
1759	1/19/2020 6:00	11.46	2.2	3.53
1760	1/19/2020 6:30	10.77	2.12	3.53
1761	1/19/2020 7:00	11.36	2.02	3.53
1762	1/19/2020 7:30	11.49	1.92	3.53
1763	1/19/2020 8:00	11.61	1.8	3.51
1764	1/19/2020 8:30	11.63	1.7	3.53
1765	1/19/2020 9:00	11.74	1.6	3.51
1766	1/19/2020 9:30	11.83	1.54	3.51
1767	1/19/2020 10:00	11.77	1.52	3.53
1768	1/19/2020 10:30	12.11	1.54	3.53
1769	1/19/2020 11:00	12.24	1.58	3.51
1770	1/19/2020 11:30	12.31	1.64	3.51
1771	1/19/2020 12:00	12.38	1.68	3.53
1772	1/19/2020 12:30	12.48	1.82	3.51
1773	1/19/2020 13:00	12.44	1.96	3.53
1774	1/19/2020 13:30	12.68	2.1	3.53
1775	1/19/2020 14:00	12.75	2.22	3.53
1776	1/19/2020 14:30	12.78	2.28	3.53
1777	1/19/2020 15:00	12.77	2.36	3.53
1778	1/19/2020 15:30	12.85	2.5	3.53
1779	1/19/2020 16:00	12.85	2.6	3.53
1780	1/19/2020 16:30	12.8	2.64	3.53
1781	1/19/2020 17:00	12.74	2.62	3.53
1782	1/19/2020 17:30	12.67	2.58	3.53
1783	1/19/2020 18:00	12.55	2.54	3.53
1784	1/19/2020 18:30	12.42	2.5	3.53
1785	1/19/2020 19:00	12.34	2.44	3.53
1786	1/19/2020 19:30	12.26	2.38	3.53
1787	1/19/2020 20:00	12.24	2.34	3.53
1788	1/19/2020 20:30	12.17	2.26	3.53
1789	1/19/2020 21:00	12.1	2.22	3.53
1790	1/19/2020 21:30	12.03	2.2	3.53
1791	1/19/2020 22:00	11.93	2.16	3.53
1792	1/19/2020 22:30	11.83	2.16	3.53
1793	1/19/2020 23:00	11.78	2.14	3.53
1794	1/19/2020 23:30	11.66	2.14	3.53
1795	1/20/2020 0:00	11.7	2.16	3.53
1796	1/20/2020 0:30	11.58	2.2	3.53
1797	1/20/2020 1:00	11.53	2.22	3.53
1798	1/20/2020 1:30	11.4	2.26	3.53
1799	1/20/2020 2:00	11.47	2.28	3.53
1800	1/20/2020 2:30	11.57	2.3	3.53
1801	1/20/2020 3:00	11.56	2.32	3.53
1802	1/20/2020 3:30	11.52	2.36	3.53
1803	1/20/2020 4:00	11.52	2.4	3.53
1804	1/20/2020 4:30	11.43	2.44	3.53
1805	1/20/2020 5:00	11.44	2.46	3.53
1806	1/20/2020 5:30	11.43	2.46	3.53
1807	1/20/2020 6:00	11.38	2.46	3.53
1808	1/20/2020 6:30	11.43	2.46	3.53
1809	1/20/2020 7:00	11.4	2.42	3.53
1810	1/20/2020 7:30	11.42	2.4	3.53
1811	1/20/2020 8:00	11.32	2.38	3.53
1812	1/20/2020 8:30	11.28	2.36	3.53
1813	1/20/2020 9:00	11.42	2.32	3.53
1814	1/20/2020 9:30	11.44	2.32	3.53
1815	1/20/2020 10:00	11.6	2.32	3.53
1816	1/20/2020 10:30	11.67	2.34	3.53
1817	1/20/2020 11:00	11.79	2.36	3.53
1818	1/20/2020 11:30	11.87	2.4	3.53
1819	1/20/2020 12:00	11.94	2.42	3.53
1820	1/20/2020 12:30	12.1	2.58	3.53
1821	1/20/2020 13:00	12.18	2.8	3.53
1822	1/20/2020 13:30	12.33	3	3.53
1823	1/20/2020 14:00	12.37	3.1	3.53
1824	1/20/2020 14:30	12.4	3.18	3.53
1825	1/20/2020 15:00	12.37	3.2	3.53
1826	1/20/2020 15:30	12.31	3.26	3.53
1827	1/20/2020 16:00	12.39	3.36	3.53
1828	1/20/2020 16:30	12.29	3.46	3.53
1829	1/20/2020 17:00	12.39	3.56	3.53
1830	1/20/2020 17:30	12.29	3.62	3.53
1831	1/20/2020 18:00	12.18	3.6	3.53
1832	1/20/2020 18:30	12.02	3.54	3.53
1833	1/20/2020 19:00	11.9	3.48	3.53
1834	1/20/2020 19:30	11.75	3.42	3.53
1835	1/20/2020 20:00	11.78	3.38	3.53
1836	1/20/2020 20:30	11.63	3.32	3.53
1837	1/20/2020 21:00	11.49	3.28	3.53
1838	1/20/2020 21:30	11.58	3.24	3.53
1839	1/20/2020 22:00	11.41	3.2	3.53
1840	1/20/2020 22:30	11.43	3.18	3.53
1841	1/20/2020 23:00	11.37	3.16	3.53
1842	1/20/2020 23:30	11.27	3.16	3.53
1843	1/21/2020 0:00	11.26	3.2	3.53
1844	1/21/2020 0:30	11.08	3.22	3.53
1845	1/21/2020 1:00	11.18	3.28	3.53
1846	1/21/2020 1:30	11.09	3.34	3.53
1847	1/21/2020 2:00	10.98	3.4	3.53
1848	1/21/2020 2:30	10.95	3.46	3.53
1849	1/21/2020 3:00	10.89	3.52	3.53
1850	1/21/2020 3:30	10.82	3.6	3.53
1851	1/21/2020 4:00	10.91	3.68	3.53
1852	1/21/2020 4:30	10.87	3.76	3.53
1853	1/21/2020 5:00	10.8	3.82	3.53
1854	1/21/2020 5:30	10.64	3.86	3.53
1855	1/21/2020 6:00	10.73	3.9	3.53
1856	1/21/2020 6:30	10.71	3.92	3.53
1857	1/21/2020 7:00	10.64	3.94	3.53
1858	1/21/2020 7:30	10.6	3.96	3.53
1859	1/21/2020 8:00	10.65	3.96	3.53
1860	1/21/2020 8:30	10.77	3.96	3.53
1861	1/21/2020 9:00	10.69	3.96	3.53
1862	1/21/2020 9:30	10.7	3.96	3.53
1863	1/21/2020 10:00	10.86	3.96	3.53
1864	1/21/2020 10:30	10.97	4	3.53
1865	1/21/2020 11:00	11.05	4.04	3.54
1866	1/21/2020 11:30	11.14	4.06	3.53
1867	1/21/2020 12:00	11.24	4.08	3.54
1868	1/21/2020 12:30	11.28	4.1	3.54
1869	1/21/2020 13:00	11.25	4.12	3.53
1870	1/21/2020 13:30	11.2	4.14	3.54
1871	1/21/2020 14:00	11.38	4.16	3.54
1872	1/21/2020 14:30	11.39	4.18	3.54
1873	1/21/2020 15:00	11.49	4.24	3.53
1874	1/21/2020 15:30	11.41	4.34	3.54
1875	1/21/2020 16:00	11.67	4.4	3.54
1876	1/21/2020 16:30	11.55	4.44	3.54
1877	1/21/2020 17:00	11.31	4.44	3.54
1878	1/21/2020 17:30	11.25	4.42	3.54
1879	1/21/2020 18:00	10.59	4.38	3.54
1880	1/21/2020 18:30	11.26	4.34	3.54
1881	1/21/2020 19:00	11.04	4.3	3.54
1882	1/21/2020 19:30	11.13	4.26	3.53
1883	1/21/2020 20:00	11.05	4.2	3.53
1884	1/21/2020 20:30	11.1	4.16	3.54
1885	1/21/2020 21:00	10.71	4.12	3.54
1886	1/21/2020 21:30	10.89	4.06	3.54
1887	1/21/2020 22:00	10.97	4	3.53
1888	1/21/2020 22:30	10.91	3.92	3.54
1889	1/21/2020 23:00	10.87	3.9	3.53
1890	1/21/2020 23:30	10.81	3.86	3.53
1891	1/22/2020 0:00	10.91	3.84	3.53
1892	1/22/2020 0:30	10.83	3.84	3.53
1893	1/22/2020 1:00	10.88	3.82	3.53
1894	1/22/2020 1:30	10.85	3.82	3.53
1895	1/22/2020 2:00	10.78	3.82	3.53
1896	1/22/2020 2:30	10.64	3.82	3.53
1897	1/22/2020 3:00	10.41	3.82	3.53
1898	1/22/2020 3:30	10.36	3.84	3.53
1899	1/22/2020 4:00	10.29	3.84	3.53
1900	1/22/2020 4:30	10.28	3.84	3.53
1901	1/22/2020 5:00	10.32	3.82	3.53
1902	1/22/2020 5:30	10.39	3.8	3.53
1903	1/22/2020 6:00	10.39	3.78	3.53
1904	1/22/2020 6:30	10.44	3.76	3.53
1905	1/22/2020 7:00	10.49	3.74	3.53
1906	1/22/2020 7:30	10.57	3.7	3.53
1907	1/22/2020 8:00	10.66	3.68	3.53
1908	1/22/2020 8:30	10.76	3.64	3.53
1909	1/22/2020 9:00	10.84	3.6	3.53
1910	1/22/2020 9:30	10.94	3.58	3.53
1911	1/22/2020 10:00	11.04	3.58	3.53
1912	1/22/2020 10:30	11.16	3.6	3.53
1913	1/22/2020 11:00	11.3	3.68	3.53
1914	1/22/2020 11:30	11.51	3.78	3.53
1915	1/22/2020 12:00	11.64	3.8	3.53
1916	1/22/2020 12:30	11.75	3.84	3.53
1917	1/22/2020 13:00	11.79	3.94	3.53
1918	1/22/2020 13:30	11.92	4.06	3.53
1919	1/22/2020 14:00	12.01	4.2	3.53
1920	1/22/2020 14:30	12.09	4.32	3.54
1921	1/22/2020 15:00	12.13	4.42	3.54
1922	1/22/2020 15:30	12.2	4.56	3.54
1923	1/22/2020 16:00	12.22	4.62	3.54
1924	1/22/2020 16:30	12.2	4.62	3.54
1925	1/22/2020 17:00	12.13	4.64	3.54
1926	1/22/2020 17:30	12.06	4.66	3.54
1927	1/22/2020 18:00	11.95	4.64	3.54
1928	1/22/2020 18:30	11.8	4.62	3.54
1929	1/22/2020 19:00	11.65	4.6	3.54
1930	1/22/2020 19:30	11.53	4.58	3.54
1931	1/22/2020 20:00	11.44	4.56	3.54
1932	1/22/2020 20:30	11.4	4.52	3.54
1933	1/22/2020 21:00	11.34	4.46	3.54
1934	1/22/2020 21:30	11.26	4.4	3.54
1935	1/22/2020 22:00	11.22	4.32	3.54
1936	1/22/2020 22:30	11.18	4.26	3.54
1937	1/22/2020 23:00	11.12	4.22	3.53
1938	1/22/2020 23:30	11.06	4.16	3.54
1939	1/23/2020 0:00	11	4.12	3.53
1940	1/23/2020 0:30	10.97	4.1	3.54
1941	1/23/2020 1:00	10.95	4.1	3.54
1942	1/23/2020 1:30	10.92	4.08	3.53
1943	1/23/2020 2:00	10.89	4.06	3.53
1944	1/23/2020 2:30	10.86	4.04	3.53
1945	1/23/2020 3:00	10.86	4.02	3.53
1946	1/23/2020 3:30	10.84	4	3.53
1947	1/23/2020 4:00	10.83	3.96	3.53
1948	1/23/2020 4:30	10.82	3.96	3.53
1949	1/23/2020 5:00	10.83	3.94	3.53
1950	1/23/2020 5:30	10.81	3.92	3.53
1951	1/23/2020 6:00	10.86	3.88	3.53
1952	1/23/2020 6:30	10.86	3.86	3.53
1953	1/23/2020 7:00	10.84	3.84	3.53
1954	1/23/2020 7:30	10.85	3.82	3.53
1955	1/23/2020 8:00	10.88	3.78	3.53
1956	1/23/2020 8:30	10.88	3.74	3.53
1957	1/23/2020 9:00	10.94	3.7	3.53
1958	1/23/2020 9:30	11.02	3.66	3.53
1959	1/23/2020 10:00	11.1	3.66	3.53
1960	1/23/2020 10:30	11.28	3.66	3.53
1961	1/23/2020 11:00	11.35	3.72	3.53
1962	1/23/2020 11:30	11.66	3.78	3.53
1963	1/23/2020 12:00	11.7	3.84	3.53
1964	1/23/2020 12:30	11.91	3.92	3.53
1965	1/23/2020 13:00	11.95	4	3.53
1966	1/23/2020 13:30	12.06	4.1	3.53
1967	1/23/2020 14:00	12.21	4.32	3.53
1968	1/23/2020 14:30	12.16	4.44	3.54
1969	1/23/2020 15:00	12.22	4.56	3.54
1970	1/23/2020 15:30	12.26	4.64	3.54
1971	1/23/2020 16:00	12.16	4.64	3.54
1972	1/23/2020 16:30	12.16	4.64	3.54
1973	1/23/2020 17:00	12.06	4.64	3.54
1974	1/23/2020 17:30	11.95	4.64	3.54
1975	1/23/2020 17:54			
1976	1/23/2020 17:54			
